,_index,_type,_id,_score,sort,redVarietal,isVQA,subCategory,consumerRating,featured,_isLimitedTimeOffer,regularPrice,isCraft,isDraft,promotionStartDate,whiteVarietal,tastingDescription,_promotionStartDate,_all_featured,promotionEndDate,isBCSpirit,sku,isLimitedTimeOffer,_featured,image,availableUnits,last_updated,subRegion,unitSize,upc,_blacklist,isDealcoholizedWine,volume,certificates,name,style,countryName,isBCCraft,region,statusCode,status,color,grapeType,isOrganic,storeCount,nameSuffix,alcoholPercentage,productCategory,isExclusive,all_featured,restrictionCode,productSubCategory,namePrefix,countryCode,isOntarioVQA,class,productType,isKosher,_whitelist,inventoryCode,currentPrice,sweetness,isNew,all_promotions,promotions,nameSanitized,isBCVQA,_promotionEndDate,votes,category,ribbons,isImageCacheFile,category_id,subCategory_id,class_id,totalVolume,totalPrice,totalAlcoholContent,alcoholCost,storePercent
0,bcls,product,438885,0.25420347,33 ACRES OF DARKNESS CAN,,,Domestic - BC Beer,,[],,14.99,False,False,,,,,[],,,438885,,[],,546,2024-03-11 19:10:01,,6,['00696852001175'],False,,0.355,[],33 ACRES OF DARKNESS CAN,Dark Lager,Canada,True,,2,2,,,False,59.0,33 ACRES OF DARKNESS CAN,0.05,Domestic Beer,False,[],ST,BC Craft Beer,,CA,,Domestic - BC Micro Brew Beer,,False,False,0,14.99,,,,,33 acres of darkness can,,,,Beer,[],True,1000,1006,1133,1162.98,8184.54,0.1065,140.7511737089202,0.29949238578680204
1,bcls,product,772335,0.25420842,33 ACRES OF LIFE LAGER,,,Domestic - BC Beer,,[],,14.99,True,False,,,,,[],,,772335,,[],,525,2024-03-11 19:10:01,,6,['00626990216308'],False,,0.33,[],33 ACRES OF LIFE LAGER,California Common Or Steam,Canada,True,,2,2,,,False,50.0,33 ACRES OF LIFE LAGER,0.048,Domestic Beer,False,[],SR,BC Craft Beer,,CA,,Domestic - BC Micro Brew Beer,,False,False,0,14.99,,,,,33 acres of life lager,,,,Beer,[],True,1000,1006,1133,1039.5,7869.75,0.09504,157.72306397306397,0.25380710659898476
2,bcls,product,474748,0.25420842,33 ACRES OF NIRVANA CAN,,,Domestic - BC Beer,,[],True,15.99,False,False,2024-03-03T00:00:00.000-08:00,,,2024-03-03T00:00:00.000-08:00,['On Sale'],2024-03-31T00:00:00.000-07:00,,474748,True,[],,633,2024-03-11 19:10:01,,6,['00696852001250'],False,,0.355,[],33 ACRES OF NIRVANA CAN,India Pale Ale,Canada,True,,2,2,,,False,56.0,33 ACRES OF NIRVANA CAN,0.07,Domestic Beer,False,['On Sale'],SR,BC Craft Beer,,CA,,Domestic - BC Micro Brew Beer,,False,False,0,14.99,,,,,33 acres of nirvana can,,2024-03-31T00:00:00.000-07:00,,Beer,[],True,1000,1006,1133,1348.29,10121.67,0.1491,107.24346076458752,0.28426395939086296
3,bcls,product,837591,0.25420347,33 ACRES OF OCEAN PALE ALE,,,Domestic - BC Beer,,[],,14.99,True,False,,,,,[],,,837591,,[],,836,2024-03-11 19:10:01,,6,['00626990216346'],False,,0.33,[],33 ACRES OF OCEAN PALE ALE,Pale Ale,Canada,True,,2,2,,,False,73.0,33 ACRES OF OCEAN PALE ALE,0.055999999999999994,Domestic Beer,False,[],SR,BC Craft Beer,,CA,,Domestic - BC Micro Brew Beer,,False,False,0,14.99,,,,,33 acres of ocean pale ale,,,,Beer,[],True,1000,1006,1133,1655.28,12531.64,0.11087999999999999,135.19119769119771,0.37055837563451777
4,bcls,product,90837,0.25420347,33 ACRES OF SUNSHINE BLANCHE,,,Domestic - BC Beer,,[],,14.99,True,False,,,,,[],,,90837,,[],,744,2024-03-11 19:10:01,,6,['00626990216353'],False,,0.33,[],33 ACRES OF SUNSHINE BLANCHE,Wheat,Canada,True,,2,2,,,False,66.0,33 ACRES OF SUNSHINE BLANCHE,0.05,Domestic Beer,False,[],SR,BC Craft Beer,,CA,,Domestic - BC Micro Brew Beer,,False,False,0,14.99,,,,,33 acres of sunshine blanche,,,,Beer,[],True,1000,1006,1133,1473.12,11152.56,0.099,151.4141414141414,0.3350253807106599
5,bcls,product,23859,0.25420347,33 ACRES OF SUNSHINE CAN,,,Domestic - BC Beer,,[],,25.79,True,False,,,,,['BCL Select'],,,23859,,[],,654,2024-03-11 19:10:01,,12,['00626990372486'],False,,0.355,[],33 ACRES OF SUNSHINE CAN,Wheat,Canada,True,,2,2,,,False,71.0,33 ACRES OF SUNSHINE CAN,0.05,Domestic Beer,True,['BCL Select'],C,BC Craft Beer,,CA,,Domestic - BC Micro Brew Beer,,False,False,0,25.79,,,,,33 acres of sunshine can,,,,Beer,"[{'id': 'empty-placeholder', 'label': '&nbsp;', 'labelLengthWithoutTags': 1}, {'id': 'exclusive', 'label': 'ONLY@BCL', 'labelLengthWithoutTags': 8}]",True,1000,1006,1133,2786.04,16866.66,0.213,121.07981220657277,0.3604060913705584
6,bcls,product,418729,0.25420842,33 BREWING EXP. - 33B.EXP.005.MKII MEZCAL GOSE CAN,,,Domestic - BC Beer,,['Spring into Fresh Flavours'],,13.99,False,False,,,,,[],,,418729,,['Spring into Fresh Flavours'],,840,2024-03-11 19:10:01,,6,['00626990456872'],False,,0.355,[],33 BREWING EXP. - 33B.EXP.005.MKII MEZCAL GOSE CAN,Sour,Canada,True,,2,2,,,False,81.0, 33B.EXP.005.MKII MEZCAL GOSE CAN,0.05,Domestic Beer,False,[],SR,BC Craft Beer,33 BREWING EXP. ,CA,,Domestic - BC Micro Brew Beer,,False,False,0,13.99,,,"[{'urlAlias': '/promotion/spring', 'name': 'Spring into Fresh Flavours', 'promoCode': '2024SPRINGSEASONAL', 'published': True, 'shortName': ''}]","[{'urlAlias': '/promotion/spring', 'name': 'Spring into Fresh Flavours', 'promoCode': '2024SPRINGSEASONAL', 'published': True, 'shortName': ''}]",33 brewing exp. - 33b.exp.005.mkii mezcal gose can,,,,Beer,"[{'id': 'empty-placeholder', 'label': '&nbsp;', 'labelLengthWithoutTags': 1}, {'id': 'featured', 'label': 'FEATURED', 'labelLengthWithoutTags': 8}]",True,1000,1006,1133,1789.1999999999998,11751.6,0.1065,131.36150234741785,0.41116751269035534
7,bcls,product,588681,0.25420842,ALEXANDER KEITH'S - INDIA PALE ALE CAN,,,Domestic - Other Province Beer,,[],,32.29,False,False,,,,,[],,,588681,,[],,2500,2024-03-11 19:10:01,,15,['00062067121371'],False,,0.355,[],ALEXANDER KEITH'S - INDIA PALE ALE CAN,India Pale Ale,Canada,False,,2,2,,,False,163.0, INDIA PALE ALE CAN,0.05,Domestic Beer,False,[],G,National Domestic Beer,ALEXANDER KEITH'S ,CA,,Domestic - Other Province Commercial Beer,,False,False,0,32.29,,,,,alexander keiths - india pale ale can,,,,Beer,[],True,1000,1290,1138,13312.499999999998,80725.0,0.26625,121.27699530516432,0.8274111675126904
8,bcls,product,687251,0.25420842,ALEXANDER KEITH'S - INDIA PALE ALE CAN,,,Domestic - Other Province Beer,,[],,16.29,False,False,,,,,[],,,687251,,[],,571,2024-03-11 19:10:01,,8,['00062067121456'],False,,0.355,[],ALEXANDER KEITH'S - INDIA PALE ALE CAN,India Pale Ale,Canada,False,,2,2,,,False,34.0, INDIA PALE ALE CAN,0.05,Domestic Beer,False,[],SR,National Domestic Beer,ALEXANDER KEITH'S ,CA,,Domestic - Other Province Commercial Beer,,False,False,0,16.29,,,,,alexander keiths - india pale ale can,,,,Beer,[],True,1000,1290,1138,1621.6399999999999,9301.59,0.142,114.71830985915493,0.17258883248730963
9,bcls,product,638759,0.25420347,ALHAMBRA RESERVA 1925,,,Import Beer,,[],,15.99,False,False,,,,,[],,,638759,,[],,411,2024-03-11 19:10:01,,6,"['00000084195326', '08413681021820']",False,,0.33,[],ALHAMBRA RESERVA 1925,Pilsner,Spain,False,,2,2,,,False,50.0,ALHAMBRA RESERVA 1925,0.064,Import Beer,False,[],SR,,,ES,,Europe Beer,,False,False,0,15.99,,,,,alhambra reserva 1925,,,,Beer,[],True,1000,1007,1188,813.78,6571.89,0.12672,126.18371212121212,0.25380710659898476
10,bcls,product,439950,0.25420842,ASAHI SUPER DRY,,,Import Beer,,[],True,16.79,False,False,2024-03-03T00:00:00.000-08:00,,,2024-03-03T00:00:00.000-08:00,['On Sale'],2024-03-31T00:00:00.000-07:00,,439950,True,[],,2704,2024-03-11 19:10:01,,6,"['08855366005600', '08008440249104', '08008440549204', '00038766363343', '05060006410093', '08855366007604']",False,,0.33,[],ASAHI SUPER DRY,Pilsner,Italy,False,,2,2,,,False,114.0,ASAHI SUPER DRY,0.052000000000000005,Import Beer,False,['On Sale'],SR,,,IT,,Other Country Beer,,False,False,0,15.79,,,,,asahi super dry,,2024-03-31T00:00:00.000-07:00,,Beer,[],True,1000,1007,1193,5353.92,45400.159999999996,0.10296000000000001,163.07303807303805,0.5786802030456852
11,bcls,product,541201,0.25420347,ASAHI SUPER DRY BIG CAN,,,Import Beer,,[],,16.29,False,False,,,,,[],,,541201,,[],,1685,2024-03-11 19:10:01,,1,"['00626990005148', '04901004007810']",False,,2.0,[],ASAHI SUPER DRY BIG CAN,Pilsner,Japan,False,,2,2,,,False,70.0,ASAHI SUPER DRY BIG CAN,0.05,Import Beer,False,[],SR,,,JP,,Asia And South Pacific Beer,,False,False,0,16.29,,,,,asahi super dry big can,,,,Beer,[],True,1000,1007,1186,3370.0,27448.649999999998,0.1,162.89999999999998,0.3553299492385787
12,bcls,product,332880,0.25420347,ATHLETIC BREWING - RUN WILD NON ALCOHOLIC IPA CAN,,,De-Alcoholized Product,,[],,12.79,,,,,,,[],,,332880,,[],,889,2024-03-11 19:10:01,,6,['00855352008057'],False,,0.355,[],ATHLETIC BREWING - RUN WILD NON ALCOHOLIC IPA CAN,,USA,False,,2,2,,,False,107.0, RUN WILD NON ALCOHOLIC IPA CAN,0.005,De-Alcoholized Beer,False,[],SH,,ATHLETIC BREWING ,US,,Beer And Refreshment De-Alcoholized Product,,False,False,0,12.79,,,,,athletic brewing - run wild non alcoholic ipa can,,,,General Merchandise,[],True,1000,1009,1128,1893.57,11370.31,0.01065,1200.9389671361503,0.5431472081218274
13,bcls,product,20563,0.25420842,BACKCOUNTRY BREWING - TRAILBREAKER PALE ALE TALL CAN,,,Domestic - BC Beer,,[],,15.49,True,False,,,,,[],,,20563,,[],,1419,2024-03-11 19:10:01,,4,"['00627843750109', '00626990360155']",False,,0.473,[],BACKCOUNTRY BREWING - TRAILBREAKER PALE ALE TALL CAN,Pale Ale,Canada,True,,2,2,,,False,92.0, TRAILBREAKER PALE ALE TALL CAN,0.05,Domestic Beer,False,[],SR,BC Craft Beer,BACKCOUNTRY BREWING ,CA,,Domestic - BC Micro Brew Beer,,False,False,0,15.49,,,,,backcountry brewing - trailbreaker pale ale tall can,,,,Beer,[],True,1000,1006,1133,2684.748,21980.31,0.0946,163.74207188160676,0.467005076142132
14,bcls,product,20572,0.25420347,BACKCOUNTRY BREWING - WIDOWMAKER IPA TALL CAN,,,Domestic - BC Beer,,[],True,17.29,True,False,2024-03-03T00:00:00.000-08:00,,,2024-03-03T00:00:00.000-08:00,['On Sale'],2024-03-31T00:00:00.000-07:00,,20572,True,[],,1112,2024-03-11 19:10:01,,4,"['00627843750116', '00626990360162']",False,,0.473,[],BACKCOUNTRY BREWING - WIDOWMAKER IPA TALL CAN,India Pale Ale,Canada,True,,2,2,,,False,82.0, WIDOWMAKER IPA TALL CAN,0.067,Domestic Beer,False,['On Sale'],SR,BC Craft Beer,BACKCOUNTRY BREWING ,CA,,Domestic - BC Micro Brew Beer,,False,False,0,16.29,,,,,backcountry brewing - widowmaker ipa tall can,,2024-03-31T00:00:00.000-07:00,,Beer,[],True,1000,1006,1133,2103.904,19226.48,0.126764,136.39519106370895,0.41624365482233505
15,bcls,product,95003,0.25420347,BALDERDASH BREWING - SNEAKY WEASEL CRAFT LAGER,,,Domestic - BC Beer,,[],,32.99,True,False,,,,,[],,,95003,,[],,1809,2024-03-11 19:10:01,,24,['00626990411482'],False,,0.355,[],BALDERDASH BREWING - SNEAKY WEASEL CRAFT LAGER,Lager,Canada,True,,2,2,,,False,102.0, SNEAKY WEASEL CRAFT LAGER,0.055999999999999994,Domestic Beer,False,[],SR,BC Craft Beer,BALDERDASH BREWING ,CA,,Domestic - BC Regional Beer,,False,False,0,32.99,,,,,balderdash brewing - sneaky weasel craft lager,,,,Beer,[],True,1000,1006,1135,15412.679999999998,59678.91,0.47711999999999993,69.14403085177734,0.5177664974619289
16,bcls,product,20555,0.25420842,BALDERDASH BREWING - SNEAKY WEASEL CRAFT LAGER,,,Domestic - BC Beer,,[],True,20.99,True,False,2024-03-03T00:00:00.000-08:00,,,2024-03-03T00:00:00.000-08:00,['On Sale'],2024-03-31T00:00:00.000-07:00,,20555,True,[],,3986,2024-03-11 19:10:01,,15,['00626990289258'],False,,0.355,[],BALDERDASH BREWING - SNEAKY WEASEL CRAFT LAGER,Lager,Canada,True,,2,2,,,False,136.0, SNEAKY WEASEL CRAFT LAGER,0.055999999999999994,Domestic Beer,False,['On Sale'],G,BC Craft Beer,BALDERDASH BREWING ,CA,,Domestic - BC Regional Beer,,False,False,0,19.99,,,,,balderdash brewing - sneaky weasel craft lager,,2024-03-31T00:00:00.000-07:00,,Beer,[],True,1000,1006,1135,21225.449999999997,83666.14,0.2981999999999999,70.38900067069083,0.6903553299492385
17,bcls,product,47539,0.25420347,BALDERDASH BREWING - SNEAKY WEASEL CRAFT LAGER CAN,,,Domestic - BC Beer,,[],,11.99,True,False,,,,,[],,,47539,,[],,5016,2024-03-11 19:10:01,,8,['00626990411611'],False,,0.355,[],BALDERDASH BREWING - SNEAKY WEASEL CRAFT LAGER CAN,Lager,Canada,True,,2,2,,,False,168.0, SNEAKY WEASEL CRAFT LAGER CAN,0.055999999999999994,Domestic Beer,False,[],SR,BC Craft Beer,BALDERDASH BREWING ,CA,,Domestic - BC Regional Beer,,False,False,0,11.99,,,,,balderdash brewing - sneaky weasel craft lager can,,,,Beer,[],True,1000,1006,1135,14245.439999999999,60141.840000000004,0.15904,75.38983903420524,0.8527918781725888
18,bcls,product,198948,0.25420842,BALDERDASH BREWING - SNEAKY WEASEL CRAFT LAGER TALL CAN,,,Domestic - BC Beer,,[],,2.19,True,False,,,,,[],,,198948,,[],,12645,2024-03-11 19:10:01,,1,['00626990366850'],False,,0.473,[],BALDERDASH BREWING - SNEAKY WEASEL CRAFT LAGER TALL CAN,Lager,Canada,True,,2,2,,,False,122.0, SNEAKY WEASEL CRAFT LAGER TALL CAN,0.055999999999999994,Domestic Beer,False,[],SR,BC Craft Beer,BALDERDASH BREWING ,CA,,Domestic - BC Regional Beer,,False,False,0,2.19,,,,,balderdash brewing - sneaky weasel craft lager tall can,,,,Beer,[],True,1000,1006,1135,5981.085,27692.55,0.026487999999999998,82.67894895801874,0.6192893401015228
19,bcls,product,450671,0.25420842,BARNSIDE BREWING - PORT GUICHON OAT PORTER TALL CAN,,,Domestic - BC Beer,,[],True,16.79,False,False,2024-03-03T00:00:00.000-08:00,,,2024-03-03T00:00:00.000-08:00,['On Sale'],2024-03-31T00:00:00.000-07:00,,450671,True,[],,646,2024-03-11 19:10:01,,4,['00696852061407'],False,,0.473,[],BARNSIDE BREWING - PORT GUICHON OAT PORTER TALL CAN,Porter,Canada,True,,2,2,,,False,49.0, PORT GUICHON OAT PORTER TALL CAN,0.055999999999999994,Domestic Beer,False,['On Sale'],ST,BC Craft Beer,BARNSIDE BREWING ,CA,,Domestic - BC Micro Brew Beer,,False,False,0,15.29,,,,,barnside brewing - port guichon oat porter tall can,,2024-03-31T00:00:00.000-07:00,,Beer,[],False,1000,1006,1133,1222.232,10846.34,0.10595199999999999,158.46798550286923,0.24873096446700507
20,bcls,product,127282,0.25420347,BARON BOHEMIAN TMAVY LEZAK,,,Import Beer,,[],,2.59,False,False,,,,,[],,,127282,,[],,3301,2024-03-11 19:10:01,,1,['08594010300042'],False,,0.5,[],BARON BOHEMIAN TMAVY LEZAK,Dark Lager,Czech Republic,False,,2,2,,,False,129.0,BARON BOHEMIAN TMAVY LEZAK,0.052000000000000005,Import Beer,False,[],SR,,,CZ,,Europe Beer,,False,False,0,2.59,,,,,baron bohemian tmavy lezak,,,,Beer,[],True,1000,1007,1188,1650.5,8549.59,0.026000000000000002,99.6153846153846,0.6548223350253807
21,bcls,product,676437,0.25420842,BAVARIA ORIGINAL BREW,,,Import Beer,,[],True,16.29,False,False,2024-03-03T00:00:00.000-08:00,,,2024-03-03T00:00:00.000-08:00,['On Sale'],2024-03-31T00:00:00.000-07:00,,676437,True,[],,1753,2024-03-11 19:10:01,,6,['08714800017282'],False,,0.5,[],BAVARIA ORIGINAL BREW,Pilsner,Netherlands,False,,2,2,,,False,128.0,BAVARIA ORIGINAL BREW,0.05,Import Beer,False,['On Sale'],G,,,NL,,Europe Beer,,False,False,0,14.79,,,,,bavaria original brew,,2024-03-31T00:00:00.000-07:00,,Beer,[],True,1000,1007,1188,5259.0,28556.37,0.15000000000000002,108.59999999999998,0.649746192893401
22,bcls,product,322362,0.25420347,BECKS TALL CAN,,,Import Beer,,[],True,3.29,False,False,2024-03-03T00:00:00.000-08:00,,,2024-03-03T00:00:00.000-08:00,['On Sale'],2024-03-31T00:00:00.000-07:00,,322362,True,[],,16478,2024-03-11 19:10:01,,1,"['00082488000055', '00082488141000']",False,,0.5,[],BECKS TALL CAN,Pilsner,Germany,False,,2,2,,,False,135.0,BECKS TALL CAN,0.05,Import Beer,False,['On Sale'],G,,,DE,,Europe Beer,,False,False,0,2.89,,,,,becks tall can,,2024-03-31T00:00:00.000-07:00,,Beer,[],True,1000,1007,1188,8239.0,54212.62,0.025,131.6,0.6852791878172588
23,bcls,product,150295,0.25420347,BEERE BREWING COMPANY - GO EASY PALE ALE TALL CANS,,,Domestic - BC Beer,,[],,16.29,False,False,,,,,[],,,150295,,[],,546,2024-03-11 19:10:01,,4,['00627843927990'],False,,0.473,[],BEERE BREWING COMPANY - GO EASY PALE ALE TALL CANS,Pale Ale,Canada,True,,2,2,,,False,56.0, GO EASY PALE ALE TALL CANS,0.055,Domestic Beer,False,[],SH,BC Craft Beer,BEERE BREWING COMPANY ,CA,,Domestic - BC Micro Brew Beer,,False,False,0,16.29,,,,,beere brewing company - go easy pale ale tall cans,,,,Beer,[],True,1000,1006,1133,1033.032,8894.34,0.10406,156.54430136459735,0.28426395939086296
24,bcls,product,49130,0.25420347,BELHAVEN BLACK SCOTTISH STOUT TALL CAN,,,Import Beer,,[],,12.99,False,False,,,,,[],,,49130,,[],,1,2024-03-11 19:10:01,,4,['05010549304724'],False,,0.44,[],BELHAVEN BLACK SCOTTISH STOUT TALL CAN,Other,United Kingdom,False,,2,2,,,False,1.0,BELHAVEN BLACK SCOTTISH STOUT TALL CAN,0.042,Import Beer,False,[],SR,,,GB,,Europe Beer,,False,False,0,12.99,,,,,belhaven black scottish stout tall can,,,,Beer,[],True,1000,1007,1188,1.76,12.99,0.07392,175.7305194805195,0.005076142131979695
25,bcls,product,344146,0.25420842,"BIG ROCK - ""THE ROCK BOX"" SIGNATURE 15 PACK CAN",,,Domestic - BC Beer,,[],True,27.29,False,False,2024-03-03T00:00:00.000-08:00,,,2024-03-03T00:00:00.000-08:00,['On Sale'],2024-03-31T00:00:00.000-07:00,,344146,True,[],,523,2024-03-11 19:10:01,,15,['00064294927962'],False,,0.355,[],"BIG ROCK - ""THE ROCK BOX"" SIGNATURE 15 PACK CAN",Variety Pack,Canada,True,,2,2,,,False,56.0," ""THE ROCK BOX"" SIGNATURE 15 PACK CAN",0.05,Domestic Beer,False,['On Sale'],SR,BC Craft Beer,BIG ROCK ,CA,,Domestic - BC Regional Beer,,False,False,0,25.29,,,,,"big rock - ""the rock box"" signature 15 pack can",,2024-03-31T00:00:00.000-07:00,,Beer,[],True,1000,1006,1135,2784.9749999999995,14272.67,0.26625,102.49765258215963,0.28426395939086296
26,bcls,product,162057,0.25420842,BIG ROCK - TRADITIONAL ALE CAN 15 PACK,,,Domestic - BC Beer,,[],,23.99,True,False,,,,,[],,,162057,,[],,857,2024-03-11 19:10:01,,15,['00064294000788'],False,,0.355,[],BIG ROCK - TRADITIONAL ALE CAN 15 PACK,Brown Ale,Canada,True,,2,2,,,False,69.0, TRADITIONAL ALE CAN 15 PACK,0.05,Domestic Beer,False,[],SR,BC Craft Beer,BIG ROCK ,CA,,Domestic - BC Regional Beer,,False,False,0,23.99,,,,,big rock - traditional ale can 15 pack,,,,Beer,[],True,1000,1006,1135,4563.525,20559.43,0.26625,90.10328638497653,0.350253807106599
27,bcls,product,394536,0.25420842,BITBURGER PREMIUM TALL CAN,,,Import Beer,,[],True,2.89,False,False,2024-03-03T00:00:00.000-08:00,,,2024-03-03T00:00:00.000-08:00,['On Sale'],2024-03-31T00:00:00.000-07:00,,394536,True,[],,11771,2024-03-11 19:10:01,,1,"['00020507002505', '00000041024355']",False,,0.5,[],BITBURGER PREMIUM TALL CAN,Pilsner,Germany,False,,2,2,,,False,139.0,BITBURGER PREMIUM TALL CAN,0.048,Import Beer,False,['On Sale'],SR,,,DE,,Europe Beer,,False,False,0,2.59,,,,,bitburger premium tall can,,2024-03-31T00:00:00.000-07:00,,Beer,[],True,1000,1007,1188,5885.5,34018.19,0.024,120.41666666666667,0.7055837563451777
28,bcls,product,183512,0.25420842,BLUE MOON - WHITE TALL CAN,,,Domestic - Other Province Beer,,[],,12.49,False,False,,,,,[],,,183512,,[],,1782,2024-03-11 19:10:01,,4,['00056327013742'],False,,0.473,[],BLUE MOON - WHITE TALL CAN,Wheat,Canada,False,,2,2,,,False,98.0, WHITE TALL CAN,0.0545,Domestic Beer,False,[],SR,National Domestic Beer,BLUE MOON ,CA,,Domestic - Other Province Commercial Beer,,False,False,0,12.49,,,,,blue moon - white tall can,,,,Beer,[],True,1000,1290,1138,3371.544,22257.18,0.103114,121.12807184281475,0.49746192893401014
29,bcls,product,839449,0.25420842,BOMBER BREWING - OUTSPOKEN IPA CAN,,,Domestic - BC Beer,,[],True,12.79,True,False,2024-03-03T00:00:00.000-08:00,,,2024-03-03T00:00:00.000-08:00,['On Sale'],2024-03-31T00:00:00.000-07:00,,839449,True,[],,224,2024-03-11 19:10:01,,6,['00691395600038'],False,,0.355,[],BOMBER BREWING - OUTSPOKEN IPA CAN,India Pale Ale,Canada,True,,3,3,,,False,34.0, OUTSPOKEN IPA CAN,0.063,Domestic Beer,False,['On Sale'],SR,BC Craft Beer,BOMBER BREWING ,CA,,Domestic - BC Micro Brew Beer,,False,False,0,10.57,,,,,bomber brewing - outspoken ipa can,,2024-03-31T00:00:00.000-07:00,,Beer,[],True,1000,1006,1133,477.12,2864.96,0.13419,95.312616439377,0.17258883248730963
30,bcls,product,483441,0.25420842,BONEYARD - RPM TALL CAN,,,Import Beer,,[],,13.99,False,False,,,,,[],,,483441,,[],,278,2024-03-11 19:10:01,,4,"['00860006783877', '00863695000287']",False,,0.473,[],BONEYARD - RPM TALL CAN,India Pale Ale,USA,False,,2,2,,,False,32.0, RPM TALL CAN,0.065,Import Beer,False,[],SR,,BONEYARD ,US,,USA Beer,,False,False,0,13.99,,,,,boneyard - rpm tall can,,,,Beer,[],True,1000,1007,1195,525.976,3889.2200000000003,0.12297999999999999,113.75833468856726,0.16243654822335024
31,bcls,product,12757,0.25420347,BOWEN ISLAND - ARTISAN IPA CAN,,,Domestic - BC Beer,,[],,9.99,True,False,,,,,[],,,12757,,[],,4871,2024-03-11 19:10:01,,6,['00626990098584'],False,,0.355,[],BOWEN ISLAND - ARTISAN IPA CAN,India Pale Ale,Canada,True,,2,2,,,False,163.0, ARTISAN IPA CAN,0.055,Domestic Beer,False,[],G,BC Craft Beer,BOWEN ISLAND ,CA,,Domestic - BC Regional Beer,,False,False,0,9.99,,,,,bowen island - artisan ipa can,,,,Beer,[],True,1000,1006,1135,10375.23,48661.29,0.11714999999999999,85.27528809218951,0.8274111675126904
32,bcls,product,132902,0.25420347,BOWEN ISLAND - COASTLINE PALE ALE,,,Domestic - BC Beer,,[],True,9.99,True,False,2024-03-03T00:00:00.000-08:00,,,2024-03-03T00:00:00.000-08:00,['On Sale'],2024-03-31T00:00:00.000-07:00,,132902,True,[],,2392,2024-03-11 19:10:01,,6,['00626990061311'],False,,0.355,[],BOWEN ISLAND - COASTLINE PALE ALE,Pale Ale,Canada,True,,2,2,,,False,132.0, COASTLINE PALE ALE,0.05,Domestic Beer,False,['On Sale'],SR,BC Craft Beer,BOWEN ISLAND ,CA,,Domestic - BC Regional Beer,,False,False,0,8.99,,,,,bowen island - coastline pale ale,,2024-03-31T00:00:00.000-07:00,,Beer,[],True,1000,1006,1135,5094.96,23896.08,0.1065,93.80281690140845,0.6700507614213198
33,bcls,product,495283,0.25420347,BOWEN ISLAND - HARBOUR PACK,,,Domestic - BC Beer,,[],,19.49,True,False,,,,,[],,,495283,,[],,2432,2024-03-11 19:10:01,,12,"['00626990170358', '00696852060899']",False,,0.355,[],BOWEN ISLAND - HARBOUR PACK,Variety Pack,Canada,True,,2,2,,,False,166.0, HARBOUR PACK,0.05,Domestic Beer,False,[],SR,BC Craft Beer,BOWEN ISLAND ,CA,,Domestic - BC Regional Beer,,False,False,0,19.49,,,,,bowen island - harbour pack,,,,Beer,[],True,1000,1006,1135,10360.32,47399.67999999999,0.213,91.50234741784037,0.8426395939086294
34,bcls,product,488379,0.25420347,BOWEN ISLAND - WEST COAST LAGER,,,Domestic - BC Beer,,[],,9.49,True,False,,,,,[],,,488379,,[],,3980,2024-03-11 19:10:01,,6,['00626990051237'],False,,0.355,[],BOWEN ISLAND - WEST COAST LAGER,Lager,Canada,True,,2,2,,,False,162.0, WEST COAST LAGER,0.05,Domestic Beer,False,[],G,BC Craft Beer,BOWEN ISLAND ,CA,,Domestic - BC Regional Beer,,False,False,0,9.49,,,,,bowen island - west coast lager,,,,Beer,[],True,1000,1006,1135,8477.4,37770.200000000004,0.1065,89.10798122065728,0.8223350253807107
35,bcls,product,593608,0.25420347,BRIDGE BREWING - BOURBON BLOOD ORANGE WHEAT TALL CAN,,,Domestic - BC Beer,,[],,14.29,True,False,,,,,[],,,593608,,[],,827,2024-03-11 19:10:01,,4,['00641061556640'],False,,0.473,[],BRIDGE BREWING - BOURBON BLOOD ORANGE WHEAT TALL CAN,Wheat,Canada,True,,2,2,,,False,72.0, BOURBON BLOOD ORANGE WHEAT TALL CAN,0.055,Domestic Beer,False,[],SR,BC Craft Beer,BRIDGE BREWING ,CA,,Domestic - BC Micro Brew Beer,,False,False,0,14.29,,,,,bridge brewing - bourbon blood orange wheat tall can,,,,Beer,[],True,1000,1006,1133,1564.684,11817.83,0.10406,137.32462041130117,0.36548223350253806
36,bcls,product,254584,0.25420347,BRIDGE BREWING - GET TO THE CHOPPA IPA TALL CAN,,,Domestic - BC Beer,,[],True,14.29,False,False,2024-03-03T00:00:00.000-08:00,,,2024-03-03T00:00:00.000-08:00,['On Sale'],2024-03-31T00:00:00.000-07:00,,254584,True,[],,434,2024-03-11 19:10:01,,4,['00659153591196'],False,,0.473,[],BRIDGE BREWING - GET TO THE CHOPPA IPA TALL CAN,Pale Ale,Canada,True,,3,3,,,False,57.0, GET TO THE CHOPPA IPA TALL CAN,0.07,Domestic Beer,False,['On Sale'],SR,BC Craft Beer,BRIDGE BREWING ,CA,,Domestic - BC Micro Brew Beer,,False,False,0,10.87,,,,,bridge brewing - get to the choppa ipa tall can,,2024-03-31T00:00:00.000-07:00,,Beer,[],True,1000,1006,1133,821.1279999999999,6201.86,0.13244,107.89791603745091,0.2893401015228426
37,bcls,product,82239,0.25420347,BRIDGE BREWING - PRIMETIME CAN,,,Domestic - BC Beer,,[],,14.29,True,False,,,,,[],,,82239,,[],,1191,2024-03-11 19:10:01,,6,['00659153590168'],False,,0.355,[],BRIDGE BREWING - PRIMETIME CAN,Pale Ale,Canada,True,,2,2,,,False,100.0, PRIMETIME CAN,0.05,Domestic Beer,False,[],SR,BC Craft Beer,BRIDGE BREWING ,CA,,Domestic - BC Micro Brew Beer,,False,False,0,14.29,,,,,bridge brewing - primetime can,,,,Beer,[],True,1000,1006,1133,2536.83,17019.39,0.1065,134.17840375586854,0.5076142131979695
38,bcls,product,151710,0.25420347,BRIDGE BREWING - PRIMETIME CAN,,,Domestic - BC Beer,,[],,24.79,True,False,,,,,[],,,151710,,[],,444,2024-03-11 19:10:01,,12,['00659153590663'],False,,0.355,[],BRIDGE BREWING - PRIMETIME CAN,Pale Ale,Canada,True,,2,2,,,False,54.0, PRIMETIME CAN,0.05,Domestic Beer,False,[],SR,BC Craft Beer,BRIDGE BREWING ,CA,,Domestic - BC Micro Brew Beer,,False,False,0,24.79,,,,,bridge brewing - primetime can,,,,Beer,[],True,1000,1006,1133,1891.4399999999998,11006.76,0.213,116.3849765258216,0.27411167512690354
39,bcls,product,102114,0.25420842,BRIDGE BREWING - PRIMETIME IPA CAN,,,Domestic - BC Beer,,[],,14.29,True,False,,,,,[],,,102114,,[],,1166,2024-03-11 19:10:01,,6,['00659153590632'],False,,0.355,[],BRIDGE BREWING - PRIMETIME IPA CAN,India Pale Ale,Canada,True,,2,2,,,False,114.0, PRIMETIME IPA CAN,0.05,Domestic Beer,False,[],SR,BC Craft Beer,BRIDGE BREWING ,CA,,Domestic - BC Micro Brew Beer,,False,False,0,14.29,,,,,bridge brewing - primetime ipa can,,,,Beer,[],True,1000,1006,1133,2483.58,16662.14,0.1065,134.17840375586854,0.5786802030456852
40,bcls,product,34033,0.25420842,BRIO TALL CAN,,,Import Beer,,[],True,2.69,False,False,2024-03-03T00:00:00.000-08:00,,,2024-03-03T00:00:00.000-08:00,['On Sale'],2024-03-31T00:00:00.000-07:00,,34033,True,[],,1944,2024-03-11 19:10:01,,1,"['05690541006798', '05690541006781']",False,,0.5,[],BRIO TALL CAN,Pilsner,Iceland,False,,2,2,,,False,72.0,BRIO TALL CAN,0.048,Import Beer,False,['On Sale'],SR,,,IS,,Europe Beer,,False,False,0,2.49,,,,,brio tall can,,2024-03-31T00:00:00.000-07:00,,Beer,[],True,1000,1007,1188,972.0,5229.36,0.024,112.08333333333333,0.36548223350253806
41,bcls,product,772756,0.25420842,CANNERY BREWING - NARAMATA NUT BROWN ALE 6 CANS,,,Domestic - BC Beer,,[],,13.29,True,False,,,,,[],,,772756,,[],,474,2024-03-11 19:10:01,,6,['00626990064138'],False,,0.355,[],CANNERY BREWING - NARAMATA NUT BROWN ALE 6 CANS,Brown Ale,Canada,True,,2,2,,,False,54.0, NARAMATA NUT BROWN ALE 6 CANS,0.055,Domestic Beer,False,[],SR,BC Craft Beer,CANNERY BREWING ,CA,,Domestic - BC Micro Brew Beer,,False,False,0,13.29,,,,,cannery brewing - naramata nut brown ale 6 cans,,,,Beer,[],True,1000,1006,1133,1009.62,6299.46,0.11714999999999999,113.44430217669654,0.27411167512690354
42,bcls,product,328419,0.25420842,CARIB LAGER,,,Import Beer,,[],,13.79,False,False,,,,,[],,,328419,,[],,212,2024-03-11 19:10:01,,6,"['00798713110085', '00798713110078']",False,,0.33,[],CARIB LAGER,Lager,Trinidad And Tobago,False,,2,2,,,False,22.0,CARIB LAGER,0.052000000000000005,Import Beer,False,[],SR,,,TT,,Mexico And Caribbean Beer,,False,False,0,13.79,,,,,carib lager,,,,Beer,[],True,1000,1007,1191,419.76,2923.48,0.10296000000000001,133.93550893550892,0.1116751269035533
43,bcls,product,696682,0.25420347,CARLING - BLACK SUPREME CAN,,,Domestic - BC Beer,,[],,8.99,False,False,,,,,[],,,696682,,[],,55,2024-03-11 19:10:01,,6,"['00056327003149', '00056327011403']",False,,0.355,[],CARLING - BLACK SUPREME CAN,Other,Canada,False,,3,3,,,False,2.0, BLACK SUPREME CAN,0.08,Domestic Beer,False,[],G,National Domestic Beer,CARLING ,CA,,Domestic - BC Commercial Beer,,False,False,1,8.99,,,,,carling - black supreme can,,,,Beer,[],True,1000,1006,1131,117.14999999999999,494.45,0.1704,52.75821596244132,0.01015228426395939
44,bcls,product,903393,0.25420347,CARLING - EXTRA OLD STOCK CAN,,,Domestic - BC Beer,,[],,9.29,False,False,,,,,[],,,903393,,[],,3309,2024-03-11 19:10:01,,6,['00056327273238'],False,,0.355,[],CARLING - EXTRA OLD STOCK CAN,Other,Canada,False,,2,2,,,False,147.0, EXTRA OLD STOCK CAN,0.0565,Domestic Beer,False,[],G,National Domestic Beer,CARLING ,CA,,Domestic - BC Commercial Beer,,False,False,0,9.29,,,,,carling - extra old stock can,,,,Beer,[],True,1000,1006,1131,7048.17,30740.609999999997,0.120345,77.19473181270514,0.7461928934010152
45,bcls,product,680876,0.25420842,CARLING - EXTRA OLD STOCK CAN,,,Domestic - BC Beer,,[],,21.49,False,False,,,,,[],,,680876,,[],,5786,2024-03-11 19:10:01,,15,['00056327273276'],False,,0.355,[],CARLING - EXTRA OLD STOCK CAN,Other,Canada,False,,2,2,,,False,169.0, EXTRA OLD STOCK CAN,0.0565,Domestic Beer,False,[],G,National Domestic Beer,CARLING ,CA,,Domestic - BC Commercial Beer,,False,False,0,21.49,,,,,carling - extra old stock can,,,,Beer,[],True,1000,1006,1131,30810.449999999997,124341.13999999998,0.3008625,71.42797789687981,0.8578680203045685
46,bcls,product,417259,0.25420347,CARLOW BREWING - O'HARA'S IRISH STOUT NITRO CAN,,,Import Beer,,[],True,3.89,False,False,2024-03-03T00:00:00.000-08:00,,,2024-03-03T00:00:00.000-08:00,['On Sale'],2024-03-31T00:00:00.000-07:00,,417259,True,[],,3895,2024-03-11 19:10:01,,1,"['05391500602210', '05391500602876']",False,,0.44,[],CARLOW BREWING - O'HARA'S IRISH STOUT NITRO CAN,Stout,Ireland,False,,2,2,,,False,78.0, O'HARA'S IRISH STOUT NITRO CAN,0.043,Import Beer,False,['On Sale'],SR,,CARLOW BREWING ,IE,,Europe Beer,,False,False,0,3.59,,,,,carlow brewing - oharas irish stout nitro can,,2024-03-31T00:00:00.000-07:00,,Beer,[],True,1000,1007,1188,1713.8,15151.550000000001,0.01892,205.60253699788584,0.39593908629441626
47,bcls,product,479857,0.25420347,CARLSBERG,,,Import Beer,,[],,15.49,False,False,,,,,[],,,479857,,[],,656,2024-03-11 19:10:01,,6,"['05740700997853', '05740700997754']",False,,0.33,[],CARLSBERG,Pilsner,Denmark,False,,2,2,,,False,73.0,CARLSBERG,0.05,Import Beer,False,[],SR,,,DK,,Europe Beer,,False,False,0,15.49,,,,,carlsberg,,,,Beer,[],True,1000,1007,1188,1298.8799999999999,10161.44,0.099,156.46464646464645,0.37055837563451777
48,bcls,product,359196,0.25420347,CARLSBERG - PILSNER TALL CAN,,,Domestic - Other Province Beer,,[],,2.69,False,False,,,,,[],,,359196,,[],,16131,2024-03-11 19:10:01,,1,['00675325922117'],False,,0.473,[],CARLSBERG - PILSNER TALL CAN,Pilsner,Canada,False,,2,2,,,False,134.0, PILSNER TALL CAN,0.05,Domestic Beer,False,[],G,National Domestic Beer,CARLSBERG ,CA,,Domestic - Other Province Commercial Beer,,False,False,0,2.69,,,,,carlsberg - pilsner tall can,,,,Beer,[],True,1000,1290,1138,7629.963,43392.39,0.02365,113.74207188160676,0.6802030456852792
49,bcls,product,455546,0.25420842,CARLSBERG CAN 0.0%,,,De-Alcoholized Product,,[],,10.99,,,,,,,[],,,455546,,[],,1284,2024-03-11 19:10:01,,6,"['00675325919728', '00675325000013']",False,,0.33,[],CARLSBERG CAN 0.0%,,France,False,,2,2,,,False,112.0,CARLSBERG CAN 0.0%,0.0,De-Alcoholized Beer,False,[],SR,,,FR,,Beer And Refreshment De-Alcoholized Product,,False,False,0,10.99,,,,,carlsberg can 0.0%,,,,General Merchandise,[],True,1000,1009,1128,2542.32,14111.16,0.0,inf,0.5685279187817259
50,bcls,product,102035,0.25420347,CATEGORY 12 BREWING - CHROMATIC IPA TALL CAN,,,Domestic - BC Beer,,[],True,15.29,True,False,2024-03-03T00:00:00.000-08:00,,,2024-03-03T00:00:00.000-08:00,['On Sale'],2024-03-31T00:00:00.000-07:00,,102035,True,[],,603,2024-03-11 19:10:01,,4,['00632016228712'],False,,0.473,[],CATEGORY 12 BREWING - CHROMATIC IPA TALL CAN,India Pale Ale,Canada,True,,2,2,,,False,61.0, CHROMATIC IPA TALL CAN,0.07,Domestic Beer,False,['On Sale'],SR,BC Craft Beer,CATEGORY 12 BREWING ,CA,,Domestic - BC Micro Brew Beer,,False,False,0,14.29,,,,,category 12 brewing - chromatic ipa tall can,,2024-03-31T00:00:00.000-07:00,,Beer,[],True,1000,1006,1133,1140.876,9219.869999999999,0.13244,115.4485049833887,0.3096446700507614
51,bcls,product,410980,0.25420842,CATEGORY 12 BREWING - DEVIATION STOUT TALL CAN,,,Domestic - BC Beer,,[],True,14.79,False,False,2024-03-03T00:00:00.000-08:00,,,2024-03-03T00:00:00.000-08:00,['On Sale'],2024-03-31T00:00:00.000-07:00,,410980,True,[],,512,2024-03-11 19:10:01,,4,['00661706503143'],False,,0.473,[],CATEGORY 12 BREWING - DEVIATION STOUT TALL CAN,Stout,Canada,True,,3,3,,,False,51.0, DEVIATION STOUT TALL CAN,0.045,Domestic Beer,False,['On Sale'],SH,BC Craft Beer,CATEGORY 12 BREWING ,CA,,Domestic - BC Micro Brew Beer,,False,False,0,12.17,,,,,category 12 brewing - deviation stout tall can,,2024-03-31T00:00:00.000-07:00,,Beer,[],True,1000,1006,1133,968.704,7572.48,0.08514,173.7138830162086,0.25888324873096447
52,bcls,product,234334,0.25420347,CATEGORY 12 BREWING - JUICY DATA HAZY IPA TALL CAN,,,Domestic - BC Beer,,[],,15.79,True,False,,,,,[],,,234334,,[],,607,2024-03-11 19:10:01,,4,['00750958117656'],False,,0.473,[],CATEGORY 12 BREWING - JUICY DATA HAZY IPA TALL CAN,India Pale Ale,Canada,True,,2,2,,,False,60.0, JUICY DATA HAZY IPA TALL CAN,0.06,Domestic Beer,False,[],SR,BC Craft Beer,CATEGORY 12 BREWING ,CA,,Domestic - BC Micro Brew Beer,,False,False,0,15.79,,,,,category 12 brewing - juicy data hazy ipa tall can,,,,Beer,[],True,1000,1006,1133,1148.444,9584.529999999999,0.11352,139.09443269908385,0.30456852791878175
53,bcls,product,127109,0.25420842,CENTRAL CITY - RED RACER SESSION IPA 500 12PK,,,Domestic - BC Beer,,[],,33.29,True,False,,,,,[],,,127109,,[],,744,2024-03-11 19:10:01,,12,['00628113006506'],False,,0.5,[],CENTRAL CITY - RED RACER SESSION IPA 500 12PK,India Pale Ale,Canada,True,,2,2,,,False,121.0, RED RACER SESSION IPA 500 12PK,0.04,Domestic Beer,False,[],G,BC Craft Beer,CENTRAL CITY ,CA,,Domestic - BC Regional Beer,,False,False,0,33.29,,,,,central city - red racer session ipa 500 12pk,,,,Beer,[],True,1000,1006,1135,4464.0,24767.76,0.24,138.70833333333334,0.6142131979695431
54,bcls,product,330355,0.25420347,CHIMAY - WHISKY BARREL FERMENTED GRANDE RESERVE 2022,,,Import Beer,,[],,49.29,False,False,,,,,[],,,330355,,[],,55,2024-03-11 19:10:01,,1,['05410908002344'],False,,0.75,[],CHIMAY - WHISKY BARREL FERMENTED GRANDE RESERVE 2022,Strong Ale,Belgium,False,,2,2,,,False,12.0, WHISKY BARREL FERMENTED GRANDE RESERVE 2022,0.105,Import Beer,False,[],ST,,CHIMAY ,BE,,Europe Beer,,False,False,0,49.29,,,,,chimay - whisky barrel fermented grande reserve 2022,,,,Beer,[],True,1000,1007,1188,41.25,2710.95,0.07875,625.9047619047619,0.06091370558375635
55,bcls,product,499684,0.25420347,CLAUSTHALER - DRY HOPPED NON-ALCOHOLIC BEER CAN,,,De-Alcoholized Product,,[],,10.49,,,,,,,[],,,499684,,[],,610,2024-03-11 19:10:01,,6,"['00042572051066', '04053400008080']",False,,0.33,[],CLAUSTHALER - DRY HOPPED NON-ALCOHOLIC BEER CAN,,Germany,False,,2,2,,,False,101.0, DRY HOPPED NON-ALCOHOLIC BEER CAN,0.004,De-Alcoholized Beer,False,[],SR,,CLAUSTHALER ,DE,,Beer And Refreshment De-Alcoholized Product,,False,False,0,10.49,,,,,clausthaler - dry hopped non-alcoholic beer can,,,,General Merchandise,[],True,1000,1009,1128,1207.8,6398.900000000001,0.00792,1324.4949494949494,0.5126903553299492
56,bcls,product,209949,0.25420842,COLLECTIVE ARTS - LIFE IN THE CLOUDS,,,Domestic - Other Province Beer,,[],True,3.99,False,False,2024-03-03T00:00:00.000-08:00,,,2024-03-03T00:00:00.000-08:00,['On Sale'],2024-03-31T00:00:00.000-07:00,,209949,True,[],,493,2024-03-11 19:10:01,,1,['00186360050203'],False,,0.473,[],COLLECTIVE ARTS - LIFE IN THE CLOUDS,India Pale Ale,Canada,False,,2,2,,,False,23.0, LIFE IN THE CLOUDS,0.061,Domestic Beer,False,['On Sale'],SH,Outside of BC Beer,COLLECTIVE ARTS ,CA,,Domestic - Other Province Regional Beer,,False,False,0,3.27,,,,,collective arts - life in the clouds,,2024-03-31T00:00:00.000-07:00,,Beer,[],True,1000,1290,1142,233.189,1967.0700000000002,0.028852999999999997,138.2871798426507,0.116751269035533
57,bcls,product,781542,0.25420347,COLUMBIA - KOKANEE CAN,,,Domestic - Other Province Beer,,[],,63.99,False,False,,,,,['BCL Select'],,,781542,,[],,836,2024-03-11 19:10:01,,36,['00062067374296'],False,,0.355,[],COLUMBIA - KOKANEE CAN,Pilsner,Canada,False,,2,2,,,False,74.0, KOKANEE CAN,0.05,Domestic Beer,True,['BCL Select'],C,National Domestic Beer,COLUMBIA ,CA,,Domestic - Other Province Commercial Beer,,False,False,0,63.99,,,,,columbia - kokanee can,,,,Beer,"[{'id': 'empty-placeholder', 'label': '&nbsp;', 'labelLengthWithoutTags': 1}, {'id': 'exclusive', 'label': 'ONLY@BCL', 'labelLengthWithoutTags': 8}]",True,1000,1290,1138,10684.08,53495.64,0.639,100.14084507042254,0.3756345177664975
58,bcls,product,906578,0.25420842,COORS LIGHT,,,Domestic - BC Beer,,[],,26.49,False,False,,,,,[],,,906578,,[],,2257,2024-03-11 19:10:01,,12,['00056327182554'],False,,0.341,[],COORS LIGHT,Lager,Canada,False,,2,2,,,False,152.0,COORS LIGHT,0.04,Domestic Beer,False,[],SR,National Domestic Beer,,CA,,Domestic - BC Commercial Beer,,False,False,0,26.49,,,,,coors light,,,,Beer,[],True,1000,1006,1131,9235.644000000002,59787.92999999999,0.16368000000000002,161.84017595307915,0.7715736040609137
59,bcls,product,236495,0.25420347,COORS LIGHT - CAN,,,Domestic - BC Beer,,[],,63.99,False,False,,,,,['BCL Select'],,,236495,,[],,1455,2024-03-11 19:10:01,,36,['00056327004337'],False,,0.355,[],COORS LIGHT - CAN,Lager,Canada,False,,2,2,,,False,108.0, CAN,0.04,Domestic Beer,True,['BCL Select'],C,National Domestic Beer,COORS LIGHT ,CA,,Domestic - BC Commercial Beer,,False,False,0,63.99,,,,,coors light - can,,,,Beer,"[{'id': 'empty-placeholder', 'label': '&nbsp;', 'labelLengthWithoutTags': 1}, {'id': 'exclusive', 'label': 'ONLY@BCL', 'labelLengthWithoutTags': 8}]",True,1000,1006,1131,18594.899999999998,93105.45,0.5112,125.17605633802818,0.5482233502538071
60,bcls,product,683748,0.25420842,COORS LIGHT - CAN,,,Domestic - BC Beer,,[],,15.79,False,False,,,,,[],,,683748,,[],,5701,2024-03-11 19:10:01,,8,"['00056327018099', '00056327005518']",False,,0.355,[],COORS LIGHT - CAN,Lager,Canada,False,,2,2,,,False,177.0, CAN,0.04,Domestic Beer,False,[],SR,National Domestic Beer,COORS LIGHT ,CA,,Domestic - BC Commercial Beer,,False,False,0,15.79,,,,,coors light - can,,,,Beer,[],True,1000,1006,1131,16190.839999999998,90018.79,0.11359999999999999,138.99647887323943,0.8984771573604061
61,bcls,product,906644,0.25420842,COORS LIGHT - CAN,,,Domestic - BC Beer,,['Featured Products'],True,44.99,False,False,2024-03-03T00:00:00.000-08:00,,,2024-03-03T00:00:00.000-08:00,['On Sale'],2024-03-31T00:00:00.000-07:00,,906644,True,['Featured Products'],,5527,2024-03-11 19:10:01,,24,['00056327183247'],False,,0.355,[],COORS LIGHT - CAN,Lager,Canada,False,,2,2,,,False,166.0, CAN,0.04,Domestic Beer,False,['On Sale'],G,National Domestic Beer,COORS LIGHT ,CA,,Domestic - BC Commercial Beer,,False,False,0,41.99,,,"[{'urlAlias': '/promotion/monthly-flyer', 'name': 'Featured Products', 'promoCode': '202403FEATURESALE', 'published': True, 'shortName': ''}]","[{'urlAlias': '/promotion/monthly-flyer', 'name': 'Featured Products', 'promoCode': '202403FEATURESALE', 'published': True, 'shortName': ''}]",coors light - can,,2024-03-31T00:00:00.000-07:00,,Beer,"[{'id': 'empty-placeholder', 'label': '&nbsp;', 'labelLengthWithoutTags': 1}, {'id': 'featured', 'label': 'FEATURED', 'labelLengthWithoutTags': 8}]",True,1000,1006,1131,47090.04,248659.73,0.3408,132.01291079812208,0.8426395939086294
62,bcls,product,929620,0.25420842,COORS LIGHT - CAN,,,Domestic - BC Beer,,[],,29.49,False,False,,,,,[],,,929620,,[],,8500,2024-03-11 19:10:01,,15,['00056327183278'],False,,0.355,[],COORS LIGHT - CAN,Lager,Canada,False,,2,2,,,False,185.0, CAN,0.04,Domestic Beer,False,[],G,National Domestic Beer,COORS LIGHT ,CA,,Domestic - BC Commercial Beer,,False,False,0,29.49,,,,,coors light - can,,,,Beer,[],True,1000,1006,1131,45262.49999999999,250665.0,0.21299999999999997,138.45070422535213,0.9390862944162437
63,bcls,product,111942,0.25420347,COORS ORIGINAL,,,Domestic - Other Province Beer,,[],True,27.99,False,False,2024-03-03T00:00:00.000-08:00,,,2024-03-03T00:00:00.000-08:00,['On Sale'],2024-03-31T00:00:00.000-07:00,,111942,True,[],,685,2024-03-11 19:10:01,,12,['00056327014602'],False,,0.341,[],COORS ORIGINAL,Lager,Canada,False,,3,3,,,False,88.0,COORS ORIGINAL,0.05,Domestic Beer,False,['On Sale'],SR,National Domestic Beer,,CA,,Domestic - Other Province Commercial Beer,,False,False,0,22.97,,,,,coors original,,2024-03-31T00:00:00.000-07:00,,Beer,[],True,1000,1290,1138,2803.0200000000004,19173.149999999998,0.20460000000000003,136.80351906158356,0.4467005076142132
64,bcls,product,111939,0.25420347,COORS ORIGINAL - CAN,,,Domestic - Other Province Beer,,[],,16.49,False,False,,,,,[],,,111939,,[],,1647,2024-03-11 19:10:01,,8,['00056327014671'],False,,0.355,[],COORS ORIGINAL - CAN,Lager,Canada,False,,2,2,,,False,88.0, CAN,0.05,Domestic Beer,False,[],SR,National Domestic Beer,COORS ORIGINAL ,CA,,Domestic - Other Province Commercial Beer,,False,False,0,16.49,,,,,coors original - can,,,,Beer,[],True,1000,1290,1138,4677.48,27159.03,0.142,116.12676056338029,0.4467005076142132
65,bcls,product,111933,0.25420842,COORS ORIGINAL - CAN,,,Domestic - Other Province Beer,,[],,30.49,False,False,,,,,[],,,111933,,[],,5270,2024-03-11 19:10:01,,15,['00056327014480'],False,,0.355,[],COORS ORIGINAL - CAN,Lager,Canada,False,,2,2,,,False,184.0, CAN,0.05,Domestic Beer,False,[],SR,National Domestic Beer,COORS ORIGINAL ,CA,,Domestic - Other Province Commercial Beer,,False,False,0,30.49,,,,,coors original - can,,,,Beer,[],True,1000,1290,1138,28062.749999999996,160682.3,0.26625,114.51643192488262,0.934010152284264
66,bcls,product,111958,0.25420842,COORS ORIGINAL - CAN,,,Domestic - Other Province Beer,,[],True,46.99,False,False,2024-03-03T00:00:00.000-08:00,,,2024-03-03T00:00:00.000-08:00,['On Sale'],2024-03-31T00:00:00.000-07:00,,111958,True,[],,1287,2024-03-11 19:10:01,,24,['00056327014527'],False,,0.355,[],COORS ORIGINAL - CAN,Lager,Canada,False,,2,2,,,False,60.0, CAN,0.05,Domestic Beer,False,['On Sale'],SR,National Domestic Beer,COORS ORIGINAL ,CA,,Domestic - Other Province Commercial Beer,,False,False,0,42.99,,,,,coors original - can,,2024-03-31T00:00:00.000-07:00,,Beer,[],True,1000,1290,1138,10965.24,60476.130000000005,0.426,110.30516431924883,0.30456852791878175
67,bcls,product,376001,0.25420842,CORONA - SUNBREW ALCOHOL FREE,,,De-Alcoholized Product,,[],,11.79,,,,,,,[],,,376001,,[],,2158,2024-03-11 19:10:01,,6,['00062067385629'],False,,0.33,[],CORONA - SUNBREW ALCOHOL FREE,,Canada,False,,2,2,,,False,193.0, SUNBREW ALCOHOL FREE,0.0001,De-Alcoholized Beer,False,[],SR,,CORONA ,CA,,Beer And Refreshment De-Alcoholized Product,,False,False,0,11.79,,,,,corona - sunbrew alcohol free,,,,General Merchandise,[],True,1000,1009,1128,4272.84,25442.82,0.00019800000000000002,59545.45454545454,0.9796954314720813
68,bcls,product,44143,0.25420842,CORONA 12 BOTTLE,,,Domestic - Other Province Beer,,[],,30.99,False,False,,,,,[],,,44143,,[],,12664,2024-03-11 19:10:01,,12,['00062067382420'],False,,0.33,[],CORONA 12 BOTTLE,Lager,Canada,False,,2,2,,,False,197.0,CORONA 12 BOTTLE,0.046,Domestic Beer,False,[],SR,National Domestic Beer,,CA,,Domestic - Other Province Commercial Beer,,False,False,0,30.99,,,,,corona 12 bottle,,,,Beer,[],True,1000,1290,1138,50149.44,392457.36,0.18216,170.1251646903821,1.0
69,bcls,product,44186,0.25420842,CORONA 12 CAN,,,Domestic - Other Province Beer,,[],,30.99,False,False,,,,,[],,,44186,,[],,4390,2024-03-11 19:10:01,,12,"['00062067382369', '00062067382383']",False,,0.355,[],CORONA 12 CAN,Lager,Canada,False,,2,2,,,False,149.0,CORONA 12 CAN,0.046,Domestic Beer,False,[],SR,National Domestic Beer,,CA,,Domestic - Other Province Commercial Beer,,False,False,0,30.99,,,,,corona 12 can,,,,Beer,[],True,1000,1290,1138,18701.399999999998,136046.1,0.19596,158.14451928965096,0.7563451776649747
70,bcls,product,44152,0.25420842,CORONA 24 BOTTLE,,,Domestic - Other Province Beer,,[],True,56.99,False,False,2024-03-03T00:00:00.000-08:00,,,2024-03-03T00:00:00.000-08:00,['On Sale'],2024-03-31T00:00:00.000-07:00,,44152,True,[],,3631,2024-03-11 19:10:01,,24,['00062067382444'],False,,0.33,[],CORONA 24 BOTTLE,Lager,Canada,False,,2,2,,,False,155.0,CORONA 24 BOTTLE,0.046,Domestic Beer,False,['On Sale'],SR,National Domestic Beer,,CA,,Domestic - Other Province Commercial Beer,,False,False,0,52.99,,,,,corona 24 bottle,,2024-03-31T00:00:00.000-07:00,,Beer,[],True,1000,1290,1138,28757.52,206930.69,0.36432,156.4284145805885,0.7868020304568528
71,bcls,product,44470,0.25420347,CORONA 28 BOTTLE,,,Domestic - Other Province Beer,,[],,62.99,False,False,,,,,['BCL Select'],,,44470,,[],,1289,2024-03-11 19:10:01,,28,['00062067382451'],False,,0.33,[],CORONA 28 BOTTLE,Lager,Canada,False,,2,2,,,False,99.0,CORONA 28 BOTTLE,0.046,Domestic Beer,True,['BCL Select'],C,National Domestic Beer,,CA,,Domestic - Other Province Commercial Beer,,False,False,0,62.99,,,,,corona 28 bottle,,,,Beer,"[{'id': 'empty-placeholder', 'label': '&nbsp;', 'labelLengthWithoutTags': 1}, {'id': 'exclusive', 'label': 'ONLY@BCL', 'labelLengthWithoutTags': 8}]",True,1000,1290,1138,11910.36,81194.11,0.42504000000000003,148.19781667607754,0.5025380710659898
72,bcls,product,44178,0.25420842,CORONA 6 BOTTLE,,,Domestic - Other Province Beer,,[],,15.99,False,False,,,,,[],,,44178,,[],,5281,2024-03-11 19:10:01,,6,"['00062067382406', '00062067382413']",False,,0.33,[],CORONA 6 BOTTLE,Lager,Canada,False,,2,2,,,False,196.0,CORONA 6 BOTTLE,0.046,Domestic Beer,False,[],SR,National Domestic Beer,,CA,,Domestic - Other Province Commercial Beer,,False,False,0,15.99,,,,,corona 6 bottle,,,,Beer,[],True,1000,1290,1138,10456.38,84443.19,0.09108,175.55994729907775,0.9949238578680203
73,bcls,product,44189,0.25420347,CORONA 6 CAN,,,Domestic - Other Province Beer,,[],,15.99,False,False,,,,,[],,,44189,,[],,1242,2024-03-11 19:10:01,,6,['00062067382376'],False,,0.355,[],CORONA 6 CAN,Lager,Canada,False,,2,2,,,False,117.0,CORONA 6 CAN,0.046,Domestic Beer,False,[],SR,National Domestic Beer,,CA,,Domestic - Other Province Commercial Beer,,False,False,0,15.99,,,,,corona 6 can,,,,Beer,[],True,1000,1290,1138,2645.46,19859.58,0.09798,163.19657072872016,0.5939086294416244
74,bcls,product,442341,0.25420347,CORONA LIGHT 12 CAN,,,Domestic - Other Province Beer,,[],,30.99,False,False,,,,,[],,,442341,,[],,892,2024-03-11 19:10:01,,12,"['00062067382468', '00062067382475']",False,,0.355,[],CORONA LIGHT 12 CAN,Lager,Canada,False,,2,2,,,False,106.0,CORONA LIGHT 12 CAN,0.034,Domestic Beer,False,[],SR,National Domestic Beer,,CA,,Domestic - Other Province Commercial Beer,,False,False,0,30.99,,,,,corona light 12 can,,,,Beer,[],True,1000,1290,1138,3799.9199999999996,27643.079999999998,0.14484,213.960231980116,0.5380710659898477
75,bcls,product,477568,0.25420347,CORONA LIGHT 6 BOTTLE,,,Domestic - Other Province Beer,,[],,15.99,False,False,,,,,[],,,477568,,[],,810,2024-03-11 19:10:01,,6,['00062067382499'],False,,0.33,[],CORONA LIGHT 6 BOTTLE,Lager,Canada,False,,2,2,,,False,93.0,CORONA LIGHT 6 BOTTLE,0.034,Domestic Beer,False,[],SR,National Domestic Beer,,CA,,Domestic - Other Province Commercial Beer,,False,False,0,15.99,,,,,corona light 6 bottle,,,,Beer,[],True,1000,1290,1138,1603.8,12951.9,0.06732,237.52228163992868,0.4720812182741117
76,bcls,product,44146,0.25420347,CORONA SINGLE CAN,,,Domestic - Other Province Beer,,[],True,3.79,False,False,2024-03-03T00:00:00.000-08:00,,,2024-03-03T00:00:00.000-08:00,['On Sale'],2024-03-31T00:00:00.000-07:00,,44146,True,[],,10116,2024-03-11 19:10:01,,1,['00062067382338'],False,,0.473,[],CORONA SINGLE CAN,Lager,Canada,False,,2,2,,,False,122.0,CORONA SINGLE CAN,0.046,Domestic Beer,False,['On Sale'],SR,National Domestic Beer,,CA,,Domestic - Other Province Commercial Beer,,False,False,0,3.29,,,,,corona single can,,2024-03-31T00:00:00.000-07:00,,Beer,[],True,1000,1290,1138,4784.8679999999995,38339.64,0.021758,174.18880411802556,0.6192893401015228
77,bcls,product,294322,0.25420842,CORONITAS,,,Import Beer,,[],,10.99,False,False,,,,,[],,,294322,,[],,1315,2024-03-11 19:10:01,,6,"['00080660954011', '07501064196010']",False,,0.207,[],CORONITAS,Lager,Mexico,False,,2,2,,,False,104.0,CORONITAS,0.046,Import Beer,False,[],SR,,,MX,,Mexico And Caribbean Beer,,False,False,0,10.99,,,,,coronitas,,,,Beer,[],True,1000,1007,1191,1633.23,14451.85,0.057131999999999995,192.36154869425192,0.5279187817258884
78,bcls,product,591230,0.25420347,CZECHVAR,,,Import Beer,,[],,3.29,False,False,,,,,[],,,591230,,[],,10432,2024-03-11 19:10:01,,1,"['00815833002400', '00815833006019']",False,,0.5,[],CZECHVAR,Lager,Czech Republic,False,,2,2,,,False,188.0,CZECHVAR,0.05,Import Beer,False,[],G,,,CZ,,Europe Beer,,False,False,0,3.29,,,,,czechvar,,,,Beer,[],True,1000,1007,1188,5216.0,34321.28,0.025,131.6,0.9543147208121827
79,bcls,product,445411,0.25420347,CZECHVAR LAGER,,,Import Beer,,[],,15.79,False,False,,,,,[],,,445411,,[],,1343,2024-03-11 19:10:01,,6,"['00815833002028', '00815833002202']",False,,0.33,[],CZECHVAR LAGER,Lager,Czech Republic,False,,2,2,,,False,108.0,CZECHVAR LAGER,0.05,Import Beer,False,[],SR,,,CZ,,Europe Beer,,False,False,0,15.79,,,,,czechvar lager,,,,Beer,[],True,1000,1007,1188,2659.14,21205.969999999998,0.099,159.49494949494948,0.5482233502538071
80,bcls,product,254946,0.25420347,DAB ORIGINAL TALL CAN,,,Import Beer,,[],True,2.89,False,False,2024-03-03T00:00:00.000-08:00,,,2024-03-03T00:00:00.000-08:00,['On Sale'],2024-03-31T00:00:00.000-07:00,,254946,True,[],,11123,2024-03-11 19:10:01,,1,"['04001982097763', '04001982200446']",False,,0.5,[],DAB ORIGINAL TALL CAN,Pilsner,Germany,False,,2,2,,,False,140.0,DAB ORIGINAL TALL CAN,0.05,Import Beer,False,['On Sale'],SR,,,DE,,Europe Beer,,False,False,0,2.59,,,,,dab original tall can,,2024-03-31T00:00:00.000-07:00,,Beer,[],True,1000,1007,1188,5561.5,32145.47,0.025,115.6,0.7106598984771574
81,bcls,product,785261,0.25420842,DAGERAAD - BRUNE,,,Domestic - BC Beer,,[],True,7.79,False,False,2024-03-03T00:00:00.000-08:00,,,2024-03-03T00:00:00.000-08:00,['On Sale'],2024-03-31T00:00:00.000-07:00,,785261,True,[],,911,2024-03-11 19:10:01,,1,['00628055199052'],False,,0.65,[],DAGERAAD - BRUNE,Belgian Ale,Canada,True,,3,3,,,False,71.0, BRUNE,0.075,Domestic Beer,False,['On Sale'],SH,BC Craft Beer,DAGERAAD ,CA,,Domestic - BC Micro Brew Beer,,False,False,0,6.17,,,,,dageraad - brune,,2024-03-31T00:00:00.000-07:00,,Beer,[],True,1000,1006,1133,592.15,7096.69,0.04875,159.7948717948718,0.3604060913705584
82,bcls,product,145926,0.25420347,DAGERAAD - BURNABARIAN TALL CAN,,,Domestic - BC Beer,,[],True,13.79,True,False,2024-03-03T00:00:00.000-08:00,,,2024-03-03T00:00:00.000-08:00,['On Sale'],2024-03-31T00:00:00.000-07:00,,145926,True,[],,796,2024-03-11 19:10:01,,4,['00628055199137'],False,,0.473,[],DAGERAAD - BURNABARIAN TALL CAN,Belgian Ale,Canada,True,,2,2,,,False,74.0, BURNABARIAN TALL CAN,0.045,Domestic Beer,False,['On Sale'],SR,BC Craft Beer,DAGERAAD ,CA,,Domestic - BC Micro Brew Beer,,False,False,0,12.79,,,,,dageraad - burnabarian tall can,,2024-03-31T00:00:00.000-07:00,,Beer,[],True,1000,1006,1133,1506.032,10976.84,0.08514,161.96852243363873,0.3756345177664975
83,bcls,product,669754,0.25420347,DAGERAAD BLONDE,,,Domestic - BC Beer,,[],True,7.59,True,False,2024-03-03T00:00:00.000-08:00,,,2024-03-03T00:00:00.000-08:00,['On Sale'],2024-03-31T00:00:00.000-07:00,,669754,True,[],,903,2024-03-11 19:10:01,,1,['00627843380436'],False,,0.65,[],DAGERAAD BLONDE,Belgian Ale,Canada,True,,3,3,,,False,55.0,DAGERAAD BLONDE,0.075,Domestic Beer,False,['On Sale'],SR,BC Craft Beer,,CA,,Domestic - BC Micro Brew Beer,,False,False,0,5.97,,,,,dageraad blonde,,2024-03-31T00:00:00.000-07:00,,Beer,[],True,1000,1006,1133,586.95,6853.7699999999995,0.04875,155.69230769230768,0.27918781725888325
84,bcls,product,111685,0.25420347,DEAD FROG - JUICE BOX SOUR MIXER TALL CAN,,,Domestic - BC Beer,,[],True,23.49,True,False,2024-03-03T00:00:00.000-08:00,,,2024-03-03T00:00:00.000-08:00,['On Sale'],2024-03-31T00:00:00.000-07:00,,111685,True,[],,856,2024-03-11 19:10:01,,8,['00626990411888'],False,,0.473,[],DEAD FROG - JUICE BOX SOUR MIXER TALL CAN,Variety Pack,Canada,True,,3,3,,,False,83.0, JUICE BOX SOUR MIXER TALL CAN,0.05,Domestic Beer,False,['On Sale'],SH,BC Craft Beer,DEAD FROG ,CA,,Domestic - BC Micro Brew Beer,,False,False,0,19.57,,,,,dead frog - juice box sour mixer tall can,,2024-03-31T00:00:00.000-07:00,,Beer,[],True,1000,1006,1133,3239.104,20107.44,0.1892,124.15433403805496,0.4213197969543147
85,bcls,product,454270,0.25420347,DEAD FROG - RASPBERRY WARHEAD IMPERIAL SOUR TALL CAN,,,Domestic - BC Beer,,[],True,15.49,False,False,2024-03-03T00:00:00.000-08:00,,,2024-03-03T00:00:00.000-08:00,['On Sale'],2024-03-31T00:00:00.000-07:00,,454270,True,[],,921,2024-03-11 19:10:01,,4,['00696852088244'],False,,0.473,[],DEAD FROG - RASPBERRY WARHEAD IMPERIAL SOUR TALL CAN,Sour,Canada,True,,3,3,,,False,77.0, RASPBERRY WARHEAD IMPERIAL SOUR TALL CAN,0.09,Domestic Beer,False,['On Sale'],SH,BC Craft Beer,DEAD FROG ,CA,,Domestic - BC Micro Brew Beer,,False,False,0,12.87,,,,,dead frog - raspberry warhead imperial sour tall can,,2024-03-31T00:00:00.000-07:00,,Beer,[],True,1000,1006,1133,1742.532,14266.29,0.17028,90.96781771200376,0.39086294416243655
86,bcls,product,145063,0.25420842,DEEP COVE - LAGER CAN,,,Domestic - BC Beer,,[],,13.29,True,False,,,,,[],,,145063,,[],,2,2024-03-11 19:10:01,,6,"['00855900001721', '00813866000493']",False,,0.355,[],DEEP COVE - LAGER CAN,Lager,Canada,True,,2,2,,,False,1.0, LAGER CAN,0.05,Domestic Beer,False,[],SM,BC Craft Beer,DEEP COVE ,CA,,Domestic - BC Regional Beer,,False,False,0,13.29,,,,,deep cove - lager can,,,,Beer,[],True,1000,1006,1135,4.26,26.58,0.1065,124.78873239436619,0.005076142131979695
87,bcls,product,29744,0.25420347,DELIRIUM NOEL PACK,,,Import Beer,,[],True,22.49,False,False,2024-03-03T00:00:00.000-08:00,,,2024-03-03T00:00:00.000-08:00,['On Sale'],2024-03-31T00:00:00.000-07:00,,29744,True,[],,7,2024-03-11 19:10:01,,4,"['05412186000661', '05412186002214']",False,,0.33,[],DELIRIUM NOEL PACK,Other,Belgium,False,,2,2,,,False,2.0,DELIRIUM NOEL PACK,0.087,Import Beer,False,['On Sale'],ST,,,BE,,Europe Beer,,False,False,0,18.17,,,,,delirium noel pack,,2024-03-31T00:00:00.000-07:00,,Beer,[],True,1000,1007,1188,9.24,157.42999999999998,0.11484,195.83768721699755,0.01015228426395939
88,bcls,product,456622,0.25420347,DESCHUTES - BLACK BUTTE PORTER CAN,,,Import Beer,,[],,14.99,False,False,,,,,[],,,456622,,[],,250,2024-03-11 19:10:01,,6,['00763176201205'],False,,0.355,[],DESCHUTES - BLACK BUTTE PORTER CAN,Other,USA,False,,2,2,,,False,40.0, BLACK BUTTE PORTER CAN,0.055,Import Beer,False,[],SH,,DESCHUTES ,US,,USA Beer,,False,False,0,14.99,,,,,deschutes - black butte porter can,,,,Beer,[],True,1000,1007,1195,532.5,3747.5,0.11714999999999999,127.95561246265473,0.20304568527918782
89,bcls,product,189583,0.25420842,DESCHUTES - FRESH SQUEEZE IPA CANS,,,Import Beer,,[],,15.29,False,False,,,,,[],,,189583,,[],,427,2024-03-11 19:10:01,,6,['00763176120070'],False,,0.355,[],DESCHUTES - FRESH SQUEEZE IPA CANS,India Pale Ale,USA,False,,2,2,,,False,57.0, FRESH SQUEEZE IPA CANS,0.064,Import Beer,False,[],SR,,DESCHUTES ,US,,USA Beer,,False,False,0,15.29,,,,,deschutes - fresh squeeze ipa cans,,,,Beer,[],True,1000,1007,1195,909.51,6528.83,0.13632,112.162558685446,0.2893401015228426
90,bcls,product,499752,0.25420347,DHOS - GIN FREE,,,De-Alcoholized Product,,[],,29.49,,,,,,,[],,,499752,,[],,1163,2024-03-11 19:10:01,,1,['00857131008401'],False,,0.75,[],DHOS - GIN FREE,,USA,False,,2,2,,,False,130.0, GIN FREE,0.0001,De-Alcoholized Beer,False,[],SR,,DHOS ,US,,Beer And Refreshment De-Alcoholized Product,,False,False,0,29.49,,,,,dhos - gin free,,,,General Merchandise,[],True,1000,1009,1128,872.25,34296.869999999995,7.500000000000001e-05,393199.99999999994,0.6598984771573604
91,bcls,product,156174,0.25420842,DOS EQUIS - LAGER,,,Import Beer,,[],,16.49,False,False,,,,,[],,,156174,,[],,1788,2024-03-11 19:10:01,,6,['00072311630122'],False,,0.355,[],DOS EQUIS - LAGER,Lager,Mexico,False,,2,2,,,False,176.0, LAGER,0.046,Import Beer,False,[],SR,,DOS EQUIS ,MX,,Mexico And Caribbean Beer,,False,False,0,16.49,,,,,dos equis - lager,,,,Beer,[],True,1000,1007,1191,3808.4399999999996,29484.12,0.09798,168.2996529904062,0.8934010152284264
92,bcls,product,844399,0.25420347,DRIFTWOOD BREWERY - FAT TUG IPA,,,Domestic - BC Beer,,[],,7.09,True,False,,,,,[],,,844399,,[],,3147,2024-03-11 19:10:01,,1,['00628201000126'],False,,0.65,[],DRIFTWOOD BREWERY - FAT TUG IPA,India Pale Ale,Canada,True,,2,2,,,False,159.0, FAT TUG IPA,0.07,Domestic Beer,False,[],G,BC Craft Beer,DRIFTWOOD BREWERY ,CA,,Domestic - BC Regional Beer,,False,False,0,7.09,,,,,driftwood brewery - fat tug ipa,,,,Beer,[],True,1000,1006,1135,2045.5500000000002,22312.23,0.045500000000000006,155.8241758241758,0.8071065989847716
93,bcls,product,127770,0.25420842,DRIFTWOOD BREWERY - FAT TUG IPA TALL CAN 4-PACK,,,Domestic - BC Beer,,[],,15.29,True,False,,,,,[],,,127770,,[],,4573,2024-03-11 19:10:01,,4,['00628201427398'],False,,0.473,[],DRIFTWOOD BREWERY - FAT TUG IPA TALL CAN 4-PACK,India Pale Ale,Canada,True,,2,2,,,False,162.0, FAT TUG IPA TALL CAN 4-PACK,0.07,Domestic Beer,False,[],G,BC Craft Beer,DRIFTWOOD BREWERY ,CA,,Domestic - BC Regional Beer,,False,False,0,15.29,,,,,driftwood brewery - fat tug ipa tall can 4-pack,,,,Beer,[],True,1000,1006,1135,8652.116,69921.17,0.13244,115.4485049833887,0.8223350253807107
94,bcls,product,227433,0.25420347,DRIFTWOOD BREWERY - RAISED BY WOLVES IPA TALL CAN 4-PACK,,,Domestic - BC Beer,,[],,15.29,True,False,,,,,[],,,227433,,[],,1788,2024-03-11 19:10:01,,4,['00628201888885'],False,,0.473,[],DRIFTWOOD BREWERY - RAISED BY WOLVES IPA TALL CAN 4-PACK,India Pale Ale,Canada,True,,2,2,,,False,118.0, RAISED BY WOLVES IPA TALL CAN 4-PACK,0.07,Domestic Beer,False,[],SR,BC Craft Beer,DRIFTWOOD BREWERY ,CA,,Domestic - BC Regional Beer,,False,False,0,15.29,,,,,driftwood brewery - raised by wolves ipa tall can 4-pack,,,,Beer,[],True,1000,1006,1135,3382.8959999999997,27338.519999999997,0.13244,115.4485049833887,0.5989847715736041
95,bcls,product,173570,0.25420842,DRIFTWOOD BREWERY - SWASH BOX HOPPY VARIETY PACK TALL CAN,,,Domestic - BC Beer,,[],,23.29,True,False,,,,,[],,,173570,,[],,1606,2024-03-11 19:10:01,,8,['00628201989896'],False,,0.473,[],DRIFTWOOD BREWERY - SWASH BOX HOPPY VARIETY PACK TALL CAN,Other,Canada,True,,2,2,,,False,148.0, SWASH BOX HOPPY VARIETY PACK TALL CAN,0.064,Domestic Beer,False,[],SR,BC Craft Beer,DRIFTWOOD BREWERY ,CA,,Domestic - BC Regional Beer,,False,False,0,23.29,,,,,driftwood brewery - swash box hoppy variety pack tall can,,,,Beer,[],True,1000,1006,1135,6077.103999999999,37403.74,0.242176,96.1697278012685,0.751269035532995
96,bcls,product,1774,0.25420842,EAST VAN BREWING - BACK PORCH PILSNER TALL CAN,,,Domestic - BC Beer,,[],,14.99,False,False,,,,,[],,,1774,,[],,511,2024-03-11 19:10:01,,4,"['00628110981141', '00626990416241']",False,,0.473,[],EAST VAN BREWING - BACK PORCH PILSNER TALL CAN,Pilsner,Canada,True,,2,2,,,False,50.0, BACK PORCH PILSNER TALL CAN,0.05,Domestic Beer,False,[],SR,BC Craft Beer,EAST VAN BREWING ,CA,,Domestic - BC Micro Brew Beer,,False,False,0,14.99,,,,,east van brewing - back porch pilsner tall can,,,,Beer,[],True,1000,1006,1133,966.8119999999999,7659.89,0.0946,158.4566596194503,0.25380710659898476
97,bcls,product,140886,0.25420842,EAST VAN BREWING - THE JIVE HOUSE ALE TALL CAN,,,Domestic - BC Beer,,[],,16.49,False,False,,,,,[],,,140886,,[],,130,2024-03-11 19:10:01,,4,['00628110981158'],False,,0.473,[],EAST VAN BREWING - THE JIVE HOUSE ALE TALL CAN,Belgian Ale,Canada,True,,2,2,,,False,12.0, THE JIVE HOUSE ALE TALL CAN,0.057,Domestic Beer,False,[],SH,BC Craft Beer,EAST VAN BREWING ,CA,,Domestic - BC Micro Brew Beer,,False,False,0,16.49,,,,,east van brewing - the jive house ale tall can,,,,Beer,[],True,1000,1006,1133,245.95999999999998,2143.7,0.107844,152.9060494788769,0.06091370558375635
98,bcls,product,96803,0.25420347,EAST VAN BREWING - WHEN IT RAINS IT PORTERS TALL CAN,,,Domestic - BC Beer,,[],True,15.79,False,False,2024-03-03T00:00:00.000-08:00,,,2024-03-03T00:00:00.000-08:00,['On Sale'],2024-03-31T00:00:00.000-07:00,,96803,True,[],,298,2024-03-11 19:10:01,,4,['00626990446125'],False,,0.473,[],EAST VAN BREWING - WHEN IT RAINS IT PORTERS TALL CAN,Other,Canada,True,,2,2,,,False,41.0, WHEN IT RAINS IT PORTERS TALL CAN,0.05,Domestic Beer,False,['On Sale'],SH,BC Craft Beer,EAST VAN BREWING ,CA,,Domestic - BC Micro Brew Beer,,False,False,0,13.07,,,,,east van brewing - when it rains it porters tall can,,2024-03-31T00:00:00.000-07:00,,Beer,[],True,1000,1006,1133,563.8159999999999,4705.42,0.0946,166.9133192389006,0.20812182741116753
99,bcls,product,402230,0.25420842,ERDINGER - WEISSBIER,,,Import Beer,,[],,4.19,False,False,,,,,[],,,402230,,[],,2364,2024-03-11 19:10:01,,1,"['04002103248439', '04002103000013']",False,,0.5,[],ERDINGER - WEISSBIER,Wheat,Germany,False,,2,2,,,False,129.0, WEISSBIER,0.053,Import Beer,False,[],SR,,ERDINGER ,DE,,Europe Beer,,False,False,0,4.19,,,,,erdinger - weissbier,,,,Beer,[],True,1000,1007,1188,1182.0,9905.160000000002,0.0265,158.11320754716982,0.6548223350253807
100,bcls,product,648261,0.25420347,ESTRELLA DAMM TALL CAN,,,Import Beer,,[],,2.69,False,False,,,,,[],,,648261,,[],,10332,2024-03-11 19:10:01,,1,"['08410793286123', '08410793282934', '08410793526120', '08410793026125']",False,,0.5,[],ESTRELLA DAMM TALL CAN,Lager,Spain,False,,2,2,,,False,157.0,ESTRELLA DAMM TALL CAN,0.054000000000000006,Import Beer,False,[],G,,,ES,,Europe Beer,,False,False,0,2.69,,,,,estrella damm tall can,,,,Beer,[],True,1000,1007,1188,5166.0,27793.079999999998,0.027000000000000003,99.62962962962962,0.7969543147208121
101,bcls,product,306244,0.25420842,FAXE - PREMIUM TALL CAN,,,Domestic - Other Province Beer,,[],,2.39,False,False,,,,,[],,,306244,,[],,13324,2024-03-11 19:10:01,,1,['05741000460023'],False,,0.473,[],FAXE - PREMIUM TALL CAN,Lager,Canada,False,,2,2,,,False,128.0, PREMIUM TALL CAN,0.05,Domestic Beer,False,[],SR,National Domestic Beer,FAXE ,CA,,Domestic - Other Province Commercial Beer,,False,False,0,2.39,,,,,faxe - premium tall can,,,,Beer,[],True,1000,1290,1138,6302.2519999999995,31844.36,0.02365,101.05708245243129,0.649746192893401
102,bcls,product,306247,0.25420347,FAXE - SPECIAL STRONG TALL CAN,,,Domestic - Other Province Beer,,[],,2.69,False,False,,,,,[],,,306247,,[],,13203,2024-03-11 19:10:01,,1,['05741000800034'],False,,0.473,[],FAXE - SPECIAL STRONG TALL CAN,Lager,Canada,False,,2,2,,,False,155.0, SPECIAL STRONG TALL CAN,0.08,Domestic Beer,False,[],SR,National Domestic Beer,FAXE ,CA,,Domestic - Other Province Commercial Beer,,False,False,0,2.69,,,,,faxe - special strong tall can,,,,Beer,[],True,1000,1290,1138,6245.018999999999,35516.07,0.03784,71.08879492600423,0.7868020304568528
103,bcls,product,844209,0.25420347,FERNIE - PROJECT 9 PILSNER CAN,,,Domestic - BC Beer,,[],,13.99,True,False,,,,,[],,,844209,,[],,887,2024-03-11 19:10:01,,6,['00626990182399'],False,,0.355,[],FERNIE - PROJECT 9 PILSNER CAN,Pilsner,Canada,True,,2,2,,,False,62.0, PROJECT 9 PILSNER CAN,0.05,Domestic Beer,False,[],SR,BC Craft Beer,FERNIE ,CA,,Domestic - BC Regional Beer,,False,False,0,13.99,,,,,fernie - project 9 pilsner can,,,,Beer,[],True,1000,1006,1135,1889.31,12409.130000000001,0.1065,131.36150234741785,0.3147208121827411
104,bcls,product,448159,0.25420347,FERNIE - SLINGSHOT IPA CAN,,,Domestic - BC Beer,,[],True,13.99,True,False,2024-03-03T00:00:00.000-08:00,,,2024-03-03T00:00:00.000-08:00,['On Sale'],2024-03-31T00:00:00.000-07:00,,448159,True,[],,922,2024-03-11 19:10:01,,6,['00626990220275'],False,,0.355,[],FERNIE - SLINGSHOT IPA CAN,India Pale Ale,Canada,True,,2,2,,,False,68.0, SLINGSHOT IPA CAN,0.045,Domestic Beer,False,['On Sale'],SR,BC Craft Beer,FERNIE ,CA,,Domestic - BC Regional Beer,,False,False,0,12.99,,,,,fernie - slingshot ipa can,,2024-03-31T00:00:00.000-07:00,,Beer,[],True,1000,1006,1135,1963.86,12898.78,0.09584999999999999,145.95722483046427,0.34517766497461927
105,bcls,product,392343,0.25420842,FERNIE BREWING - CRAFT COLLECTION PACK CAN,,,Domestic - BC Beer,,[],,24.79,True,False,,,,,[],,,392343,,[],,1578,2024-03-11 19:10:01,,12,['00626990464747'],False,,0.355,[],FERNIE BREWING - CRAFT COLLECTION PACK CAN,Variety Pack,Canada,True,,2,2,,,False,110.0, CRAFT COLLECTION PACK CAN,0.05,Domestic Beer,False,[],SR,BC Craft Beer,FERNIE BREWING ,CA,,Domestic - BC Regional Beer,,False,False,0,24.79,,,,,fernie brewing - craft collection pack can,,,,Beer,[],True,1000,1006,1135,6722.28,39118.619999999995,0.213,116.3849765258216,0.5583756345177665
106,bcls,product,512842,0.25420842,FERNIE BREWING - HEADWALL HAZY PALE ALE CAN,,,Domestic - BC Beer,,[],,14.29,True,False,,,,,[],,,512842,,[],,698,2024-03-11 19:10:01,,6,['00696852053945'],False,,0.355,[],FERNIE BREWING - HEADWALL HAZY PALE ALE CAN,Pale Ale,Canada,True,,2,2,,,False,65.0, HEADWALL HAZY PALE ALE CAN,0.048,Domestic Beer,False,[],SR,BC Craft Beer,FERNIE BREWING ,CA,,Domestic - BC Regional Beer,,False,False,0,14.29,,,,,fernie brewing - headwall hazy pale ale can,,,,Beer,[],True,1000,1006,1135,1486.74,9974.42,0.10224,139.76917057902972,0.3299492385786802
107,bcls,product,180565,0.25420347,FERNIE BREWING - HIT THE DECK HAZY IPA CAN,,,Domestic - BC Beer,,[],,14.29,True,False,,,,,[],,,180565,,[],,936,2024-03-11 19:10:01,,6,['00626990303398'],False,,0.355,[],FERNIE BREWING - HIT THE DECK HAZY IPA CAN,India Pale Ale,Canada,True,,2,2,,,False,86.0, HIT THE DECK HAZY IPA CAN,0.064,Domestic Beer,False,[],SR,BC Craft Beer,FERNIE BREWING ,CA,,Domestic - BC Regional Beer,,False,False,0,14.29,,,,,fernie brewing - hit the deck hazy ipa can,,,,Beer,[],True,1000,1006,1135,1993.6799999999998,13375.439999999999,0.13632,104.8268779342723,0.4365482233502538
108,bcls,product,860429,0.25420347,FERNIE BREWING - HOP TRICK MIXER SIXER CANS,,,Domestic - BC Beer,,[],,14.29,True,False,,,,,[],,,860429,,[],,1160,2024-03-11 19:10:01,,6,['00626990220282'],False,,0.355,[],FERNIE BREWING - HOP TRICK MIXER SIXER CANS,Variety Pack,Canada,True,,2,2,,,False,83.0, HOP TRICK MIXER SIXER CANS,0.065,Domestic Beer,False,[],SR,BC Craft Beer,FERNIE BREWING ,CA,,Domestic - BC Regional Beer,,False,False,0,14.29,,,,,fernie brewing - hop trick mixer sixer cans,,,,Beer,[],True,1000,1006,1135,2470.7999999999997,16576.399999999998,0.13845,103.2141567352835,0.4213197969543147
109,bcls,product,551929,0.25420347,FERNIE BREWING - TACKLE BOX 8-PACK TALL CAN,,,Domestic - BC Beer,,[],True,24.49,False,False,2024-03-03T00:00:00.000-08:00,,,2024-03-03T00:00:00.000-08:00,['On Sale'],2024-03-31T00:00:00.000-07:00,,551929,True,[],,1086,2024-03-11 19:10:01,,8,['00626990287476'],False,,0.473,[],FERNIE BREWING - TACKLE BOX 8-PACK TALL CAN,Other,Canada,True,,2,2,,,False,109.0, TACKLE BOX 8-PACK TALL CAN,0.05,Domestic Beer,False,['On Sale'],SH,BC Craft Beer,FERNIE BREWING ,CA,,Domestic - BC Regional Beer,,False,False,0,22.99,,,,,fernie brewing - tackle box 8-pack tall can,,2024-03-31T00:00:00.000-07:00,,Beer,[],True,1000,1006,1135,4109.424,26596.14,0.1892,129.4397463002114,0.5532994923857868
110,bcls,product,358278,0.25420347,FIELD HOUSE BREWING - DARK SOUR TALL CAN,,,Domestic - BC Beer,,[],True,17.29,True,False,2024-03-03T00:00:00.000-08:00,,,2024-03-03T00:00:00.000-08:00,['On Sale'],2024-03-31T00:00:00.000-07:00,,358278,True,[],,929,2024-03-11 19:10:01,,4,['00696852019248'],False,,0.473,[],FIELD HOUSE BREWING - DARK SOUR TALL CAN,Sour,Canada,True,,2,2,,,False,92.0, DARK SOUR TALL CAN,0.1,Domestic Beer,False,['On Sale'],SR,BC Craft Beer,FIELD HOUSE BREWING ,CA,,Domestic - BC Micro Brew Beer,,False,False,0,16.29,,,,,field house brewing - dark sour tall can,,2024-03-31T00:00:00.000-07:00,,Beer,[],True,1000,1006,1133,1757.668,16062.41,0.1892,91.38477801268498,0.467005076142132
111,bcls,product,23683,0.25420842,FIELD HOUSE BREWING - SALTED BLACK PORTER CAN,,,Domestic - BC Beer,,[],True,15.79,False,False,2024-03-03T00:00:00.000-08:00,,,2024-03-03T00:00:00.000-08:00,['On Sale'],2024-03-31T00:00:00.000-07:00,,23683,True,[],,834,2024-03-11 19:10:01,,6,['00626990381150'],False,,0.355,[],FIELD HOUSE BREWING - SALTED BLACK PORTER CAN,Porter,Canada,True,,3,3,,,False,71.0, SALTED BLACK PORTER CAN,0.065,Domestic Beer,False,['On Sale'],SH,BC Craft Beer,FIELD HOUSE BREWING ,CA,,Domestic - BC Micro Brew Beer,,False,False,0,12.97,,,,,field house brewing - salted black porter can,,2024-03-31T00:00:00.000-07:00,,Beer,[],True,1000,1006,1133,1776.4199999999998,13168.859999999999,0.13845,114.04839292163236,0.3604060913705584
112,bcls,product,24938,0.25420842,FIELD HOUSE BREWING - SALTED LIME MEXICAN LAGER TALL CAN,,,Domestic - BC Beer,,[],,14.99,False,False,,,,,[],,,24938,,[],,768,2024-03-11 19:10:01,,4,['00626990421856'],False,,0.473,[],FIELD HOUSE BREWING - SALTED LIME MEXICAN LAGER TALL CAN,Lager,Canada,True,,2,2,,,False,78.0, SALTED LIME MEXICAN LAGER TALL CAN,0.049,Domestic Beer,False,[],SR,BC Craft Beer,FIELD HOUSE BREWING ,CA,,Domestic - BC Micro Brew Beer,,False,False,0,14.99,,,,,field house brewing - salted lime mexican lager tall can,,,,Beer,[],True,1000,1006,1133,1453.056,11512.32,0.092708,161.6904689994391,0.39593908629441626
113,bcls,product,446738,0.25420842,FIRESTONE WALKER - MIND HAZE TALL CAN,,,Import Beer,,[],True,5.39,False,False,2024-03-03T00:00:00.000-08:00,,,2024-03-03T00:00:00.000-08:00,['On Sale'],2024-03-31T00:00:00.000-07:00,,446738,True,[],,2015,2024-03-11 19:10:01,,1,['00602755010381'],False,,0.568,[],FIRESTONE WALKER - MIND HAZE TALL CAN,India Pale Ale,USA,False,,2,2,,,False,61.0, MIND HAZE TALL CAN,0.062,Import Beer,False,['On Sale'],SH,,FIRESTONE WALKER ,US,,USA Beer,,False,False,0,4.89,,,,,firestone walker - mind haze tall can,,2024-03-31T00:00:00.000-07:00,,Beer,[],True,1000,1007,1195,1144.52,10860.849999999999,0.035216,153.05542935029533,0.3096446700507614
114,bcls,product,218432,0.25420347,FOAMERS' FOLLY BREWING CORP. - DAD BEER PILSNER TALL CAN,,,Domestic - BC Beer,,[],True,12.99,True,False,2024-03-03T00:00:00.000-08:00,,,2024-03-03T00:00:00.000-08:00,['On Sale'],2024-03-31T00:00:00.000-07:00,,218432,True,[],,301,2024-03-11 19:10:01,,4,['00626990386018'],False,,0.473,[],FOAMERS' FOLLY BREWING CORP. - DAD BEER PILSNER TALL CAN,Pilsner,Canada,True,,3,3,,,False,31.0, DAD BEER PILSNER TALL CAN,0.05,Domestic Beer,False,['On Sale'],SR,BC Craft Beer,FOAMERS' FOLLY BREWING CORP. ,CA,,Domestic - BC Micro Brew Beer,,False,False,0,10.87,,,,,foamers folly brewing corp. - dad beer pilsner tall can,,2024-03-31T00:00:00.000-07:00,,Beer,[],True,1000,1006,1133,569.492,3909.9900000000002,0.0946,137.3150105708245,0.15736040609137056
115,bcls,product,29023,0.25420842,FOUR WINDS - FEATHERWEIGHT IPA CAN,,,Domestic - BC Beer,,[],,14.49,True,False,,,,,[],,,29023,,[],,1049,2024-03-11 19:10:01,,6,['00850507001419'],False,,0.355,[],FOUR WINDS - FEATHERWEIGHT IPA CAN,India Pale Ale,Canada,True,,2,2,,,False,105.0, FEATHERWEIGHT IPA CAN,0.045,Domestic Beer,False,[],SR,BC Craft Beer,FOUR WINDS ,CA,,Domestic - BC Micro Brew Beer,,False,False,0,14.49,,,,,four winds - featherweight ipa can,,,,Beer,[],True,1000,1006,1133,2234.37,15200.01,0.09584999999999999,151.1737089201878,0.5329949238578681
116,bcls,product,132106,0.25420842,FOUR WINDS - HUFTGOLD TALL CAN,,,Domestic - BC Beer,,[],,13.99,True,False,,,,,[],,,132106,,[],,813,2024-03-11 19:10:01,,4,"['00850507001600', '00850507001754']",False,,0.473,[],FOUR WINDS - HUFTGOLD TALL CAN,Pilsner,Canada,True,,2,2,,,False,72.0, HUFTGOLD TALL CAN,0.054000000000000006,Domestic Beer,False,[],SR,BC Craft Beer,FOUR WINDS ,CA,,Domestic - BC Micro Brew Beer,,False,False,0,13.99,,,,,four winds - huftgold tall can,,,,Beer,[],True,1000,1006,1133,1538.196,11373.87,0.10216800000000001,136.9313287917939,0.36548223350253806
117,bcls,product,159572,0.25420842,FOUR WINDS - JUXTAPOSE TALL CAN,,,Domestic - BC Beer,,[],,15.29,True,False,,,,,[],,,159572,,[],,1038,2024-03-11 19:10:01,,4,"['00850507001655', '00850507001709']",False,,0.473,[],FOUR WINDS - JUXTAPOSE TALL CAN,India Pale Ale,Canada,True,,2,2,,,False,70.0, JUXTAPOSE TALL CAN,0.065,Domestic Beer,False,[],SR,BC Craft Beer,FOUR WINDS ,CA,,Domestic - BC Micro Brew Beer,,False,False,0,15.29,,,,,four winds - juxtapose tall can,,,,Beer,[],True,1000,1006,1133,1963.896,15871.019999999999,0.12297999999999999,124.32915921288014,0.3553299492385787
118,bcls,product,148203,0.25420347,FOUR WINDS - NECTAROUS SOUR  TALL CAN,,,Domestic - BC Beer,,['Spring into Fresh Flavours'],,15.99,True,False,,,,,[],,,148203,,['Spring into Fresh Flavours'],,1332,2024-03-11 19:10:01,,4,"['00850507001662', '00850507001716']",False,,0.473,[],FOUR WINDS - NECTAROUS SOUR  TALL CAN,Sour,Canada,True,,2,2,,,False,116.0, NECTAROUS SOUR  TALL CAN,0.055,Domestic Beer,False,[],SR,BC Craft Beer,FOUR WINDS ,CA,,Domestic - BC Micro Brew Beer,,False,False,0,15.99,,,"[{'urlAlias': '/promotion/spring', 'name': 'Spring into Fresh Flavours', 'promoCode': '2024SPRINGSEASONAL', 'published': True, 'shortName': ''}]","[{'urlAlias': '/promotion/spring', 'name': 'Spring into Fresh Flavours', 'promoCode': '2024SPRINGSEASONAL', 'published': True, 'shortName': ''}]",four winds - nectarous sour  tall can,,,,Beer,"[{'id': 'empty-placeholder', 'label': '&nbsp;', 'labelLengthWithoutTags': 1}, {'id': 'featured', 'label': 'FEATURED', 'labelLengthWithoutTags': 8}]",True,1000,1006,1133,2520.144,21298.68,0.10406,153.66134922160293,0.5888324873096447
119,bcls,product,10064,0.25420347,FOUR WINDS - NOTUS MIXED PACK CAN,,,Domestic - BC Beer,,[],True,16.79,False,False,2024-03-03T00:00:00.000-08:00,,,2024-03-03T00:00:00.000-08:00,['On Sale'],2024-03-31T00:00:00.000-07:00,,10064,True,[],,1139,2024-03-11 19:10:01,,8,['00850507001853'],False,,0.355,[],FOUR WINDS - NOTUS MIXED PACK CAN,,Canada,True,,2,2,,,False,105.0, NOTUS MIXED PACK CAN,0.045,Domestic Beer,False,['On Sale'],SR,BC Craft Beer,FOUR WINDS ,CA,,Domestic - BC Micro Brew Beer,,False,False,0,15.79,,,,,four winds - notus mixed pack can,,2024-03-31T00:00:00.000-07:00,,Beer,[],True,1000,1006,1133,3234.7599999999998,19123.809999999998,0.1278,131.377151799687,0.5329949238578681
120,bcls,product,602557,0.25420842,FRULI - STRAWBERRY BEER,,,Import Beer,,[],,3.79,False,False,,,,,[],,,602557,,[],,3560,2024-03-11 19:10:01,,1,['05412186002474'],False,,0.33,[],FRULI - STRAWBERRY BEER,Belgian Ale,Belgium,False,,2,2,,,False,120.0, STRAWBERRY BEER,0.040999999999999995,Import Beer,False,[],SR,,FRULI ,BE,,Europe Beer,,False,False,0,3.79,,,,,fruli - strawberry beer,,,,Beer,[],True,1000,1007,1188,1174.8,13492.4,0.013529999999999999,280.11825572801183,0.6091370558375635
121,bcls,product,403165,0.25420842,FUGGLES AND WARLOCK - DESTINY IPA TALL CAN,,,Domestic - BC Beer,,[],,13.79,False,False,,,,,[],,,403165,,[],,290,2024-03-11 19:10:01,,4,['00717932408568'],False,,0.473,[],FUGGLES AND WARLOCK - DESTINY IPA TALL CAN,India Pale Ale,Canada,True,,2,2,,,False,22.0, DESTINY IPA TALL CAN,0.06,Domestic Beer,False,[],SH,BC Craft Beer,FUGGLES AND WARLOCK ,CA,,Domestic - BC Micro Brew Beer,,False,False,0,13.79,,,,,fuggles and warlock - destiny ipa tall can,,,,Beer,[],True,1000,1006,1133,548.68,3999.1,0.11352,121.47639182522903,0.1116751269035533
122,bcls,product,433915,0.25420842,FUGGLES AND WARLOCK - JAVAVERSE COFFEE STOUT TALL CAN,,,Domestic - BC Beer,,[],,13.79,False,False,,,,,[],,,433915,,[],,638,2024-03-11 19:10:01,,4,['00703441926624'],False,,0.473,[],FUGGLES AND WARLOCK - JAVAVERSE COFFEE STOUT TALL CAN,Stout,Canada,True,,2,2,,,False,59.0, JAVAVERSE COFFEE STOUT TALL CAN,0.065,Domestic Beer,False,[],SR,BC Craft Beer,FUGGLES AND WARLOCK ,CA,,Domestic - BC Micro Brew Beer,,False,False,0,13.79,,,,,fuggles and warlock - javaverse coffee stout tall can,,,,Beer,[],True,1000,1006,1133,1207.096,8798.019999999999,0.12297999999999999,112.1320539925191,0.29949238578680204
123,bcls,product,509224,0.25420842,GLUTENBERG - BLONDE ALE GLUTEN FREE TALL CAN,,,Domestic - Other Province Beer,,[],,17.99,False,False,,,,,[],,,509224,,[],,1270,2024-03-11 19:10:01,,4,"['00832958000524', '00832958000517']",False,,0.473,[],GLUTENBERG - BLONDE ALE GLUTEN FREE TALL CAN,Gluten-free,Canada,False,,2,2,,,False,108.0, BLONDE ALE GLUTEN FREE TALL CAN,0.045,Domestic Beer,False,[],SR,Outside of BC Beer,GLUTENBERG ,CA,,Domestic - Other Province Regional Beer,,False,False,0,17.99,,,,,glutenberg - blonde ale gluten free tall can,,,,Beer,[],True,1000,1290,1142,2402.8399999999997,22847.3,0.08514,211.29903688043223,0.5482233502538071
124,bcls,product,879197,0.25420842,GRANVILLE ISLAND - LIONS WINTER ALE CAN,,,Domestic - BC Beer,,[],True,13.29,False,False,2024-03-03T00:00:00.000-08:00,,,2024-03-03T00:00:00.000-08:00,['On Sale'],2024-03-31T00:00:00.000-07:00,,879197,True,[],,2326,2024-03-11 19:10:01,,6,"['00779446204289', '00779446200342']",False,,0.355,[],GRANVILLE ISLAND - LIONS WINTER ALE CAN,Brown Ale,Canada,False,,3,3,,,False,113.0, LIONS WINTER ALE CAN,0.055,Domestic Beer,False,['On Sale'],SH,National Domestic Beer,GRANVILLE ISLAND ,CA,,Domestic - BC Commercial Beer,,False,False,0,10.27,,,,,granville island - lions winter ale can,,2024-03-31T00:00:00.000-07:00,,Beer,[],True,1000,1006,1131,4954.38,30912.539999999997,0.11714999999999999,113.44430217669654,0.5736040609137056
125,bcls,product,386233,0.25420347,GRANVILLE ISLAND - MINGLER PACK CAN,,,Domestic - BC Beer,,[],True,23.99,False,False,2024-03-03T00:00:00.000-08:00,,,2024-03-03T00:00:00.000-08:00,['On Sale'],2024-03-31T00:00:00.000-07:00,,386233,True,[],,581,2024-03-11 19:10:01,,12,['00779446205385'],False,,0.355,[],GRANVILLE ISLAND - MINGLER PACK CAN,Variety Pack,Canada,False,,3,3,,,False,67.0, MINGLER PACK CAN,0.055,Domestic Beer,False,['On Sale'],SH,National Domestic Beer,GRANVILLE ISLAND ,CA,,Domestic - BC Commercial Beer,,False,False,0,19.77,,,,,granville island - mingler pack can,,2024-03-31T00:00:00.000-07:00,,Beer,[],True,1000,1006,1131,2475.06,13938.189999999999,0.23429999999999998,102.39009816474605,0.3401015228426396
126,bcls,product,132942,0.25420347,GREAT WESTERN BREWING - OLYMPIA CAN,,,Domestic - Other Province Beer,,[],,21.99,False,False,,,,,[],,,132942,,[],,0,2024-03-11 19:10:01,,15,['00773804432154'],False,,0.355,[],GREAT WESTERN BREWING - OLYMPIA CAN,Lager,Canada,False,,2,2,,,False,, OLYMPIA CAN,0.05,Domestic Beer,False,[],SR,Outside of BC Beer,GREAT WESTERN BREWING ,CA,,Domestic - Other Province Regional Beer,,False,False,0,21.99,,,,,great western brewing - olympia can,,,,Beer,[],True,1000,1290,1142,0.0,0.0,0.26625,82.59154929577464,
127,bcls,product,459660,0.25420842,GROLSCH - PREMIUM PILSNER TALL CAN,,,Domestic - Other Province Beer,,[],,2.59,False,False,,,,,[],,,459660,,[],,19738,2024-03-11 19:10:01,,1,['00083741473104'],False,,0.473,[],GROLSCH - PREMIUM PILSNER TALL CAN,Pilsner,Canada,False,,2,2,,,False,170.0, PREMIUM PILSNER TALL CAN,0.05,Domestic Beer,False,[],SR,National Domestic Beer,GROLSCH ,CA,,Domestic - Other Province Commercial Beer,,False,False,0,2.59,,,,,grolsch - premium pilsner tall can,,,,Beer,[],True,1000,1290,1138,9336.073999999999,51121.42,0.02365,109.5137420718816,0.8629441624365483
128,bcls,product,459663,0.25420842,GROLSCH PREMIUM PILSNER TALL CAN,,,Domestic - Other Province Beer,,[],True,9.79,False,False,2024-03-03T00:00:00.000-08:00,,,2024-03-03T00:00:00.000-08:00,['On Sale'],2024-03-31T00:00:00.000-07:00,,459663,True,[],,2165,2024-03-11 19:10:01,,4,['00083741473258'],False,,0.473,[],GROLSCH PREMIUM PILSNER TALL CAN,Pilsner,Canada,False,,2,2,,,False,123.0,GROLSCH PREMIUM PILSNER TALL CAN,0.05,Domestic Beer,False,['On Sale'],SR,National Domestic Beer,,CA,,Domestic - Other Province Commercial Beer,,False,False,0,8.79,,,,,grolsch premium pilsner tall can,,2024-03-31T00:00:00.000-07:00,,Beer,[],True,1000,1290,1138,4096.179999999999,21195.35,0.0946,103.48837209302324,0.6243654822335025
129,bcls,product,11536,0.25420347,GROLSCH PREMIUM PILSNER- 4 PACK,,,Import Beer,,[],,13.79,False,False,,,,,[],,,11536,,[],,513,2024-03-11 19:10:01,,4,['08716700015986'],False,,0.45,[],GROLSCH PREMIUM PILSNER- 4 PACK,Pilsner,Netherlands,False,,2,2,,,False,56.0, 4 PACK,0.05,Import Beer,False,[],SR,,GROLSCH PREMIUM PILSNER,NL,,Europe Beer,,False,False,0,13.79,,,,,grolsch premium pilsner- 4 pack,,,,Beer,[],True,1000,1007,1188,923.4,7074.2699999999995,0.09000000000000001,153.2222222222222,0.28426395939086296
130,bcls,product,264060,0.25420842,GUINNESS - ZERO CAN,,,De-Alcoholized Product,,[],,12.49,,,,,,,[],,,264060,,[],,6115,2024-03-11 19:10:01,,4,['05000213025420'],False,,0.44,[],GUINNESS - ZERO CAN,,Ireland,False,,2,2,,,False,187.0, ZERO CAN,0.0005,De-Alcoholized Beer,False,[],SR,,GUINNESS ,IE,,Beer And Refreshment De-Alcoholized Product,,False,False,0,12.49,,,,,guinness - zero can,,,,General Merchandise,[],True,1000,1009,1128,10762.4,76376.35,0.00088,14193.181818181818,0.949238578680203
131,bcls,product,554469,0.25420347,GUINNESS PUB DRAUGHT CAN,,,Import Beer,,['Spring into Fresh Flavours'],,24.99,False,False,,,,,[],,,554469,,['Spring into Fresh Flavours'],,12224,2024-03-11 19:10:01,,8,"['05000213101025', '00083820123685']",False,,0.44,[],GUINNESS PUB DRAUGHT CAN,Stout,Ireland,False,,2,2,,,False,163.0,GUINNESS PUB DRAUGHT CAN,0.042,Import Beer,False,[],G,,,IE,,Europe Beer,,False,False,0,24.99,,,"[{'urlAlias': '/promotion/spring', 'name': 'Spring into Fresh Flavours', 'promoCode': '2024SPRINGSEASONAL', 'published': True, 'shortName': ''}]","[{'urlAlias': '/promotion/spring', 'name': 'Spring into Fresh Flavours', 'promoCode': '2024SPRINGSEASONAL', 'published': True, 'shortName': ''}]",guinness pub draught can,,,,Beer,"[{'id': 'empty-placeholder', 'label': '&nbsp;', 'labelLengthWithoutTags': 1}, {'id': 'featured', 'label': 'FEATURED', 'labelLengthWithoutTags': 8}]",True,1000,1007,1188,43028.48,305477.76,0.14784,169.0340909090909,0.8274111675126904
132,bcls,product,296244,0.25420842,GUINNESS PUB DRAUGHT CAN,,,Import Beer,,['Spring into Fresh Flavours'],,13.99,False,False,,,,,[],,,296244,,['Spring into Fresh Flavours'],,8793,2024-03-11 19:10:01,,4,"['00083820123609', '00838201236092', '05000213002834']",False,,0.44,[],GUINNESS PUB DRAUGHT CAN,Stout,Ireland,False,,2,2,,,False,194.0,GUINNESS PUB DRAUGHT CAN,0.042,Import Beer,False,[],G,,,IE,,Europe Beer,,False,False,0,13.99,,,"[{'urlAlias': '/promotion/spring', 'name': 'Spring into Fresh Flavours', 'promoCode': '2024SPRINGSEASONAL', 'published': True, 'shortName': ''}]","[{'urlAlias': '/promotion/spring', 'name': 'Spring into Fresh Flavours', 'promoCode': '2024SPRINGSEASONAL', 'published': True, 'shortName': ''}]",guinness pub draught can,,,,Beer,"[{'id': 'empty-placeholder', 'label': '&nbsp;', 'labelLengthWithoutTags': 1}, {'id': 'featured', 'label': 'FEATURED', 'labelLengthWithoutTags': 8}]",True,1000,1007,1188,15475.68,123014.07,0.07392,189.25865800865802,0.9847715736040609
133,bcls,product,787416,0.25420347,GUINNESS PUB DRAUGHT TALL CAN,,,Import Beer,,['Spring into Fresh Flavours'],True,3.89,False,False,2024-03-03T00:00:00.000-08:00,,,2024-03-03T00:00:00.000-08:00,['On Sale'],2024-03-31T00:00:00.000-07:00,,787416,True,['Spring into Fresh Flavours'],,21731,2024-03-11 19:10:01,,1,['05000213015414'],False,,0.5,[],GUINNESS PUB DRAUGHT TALL CAN,Stout,Ireland,False,,2,2,,,False,155.0,GUINNESS PUB DRAUGHT TALL CAN,0.042,Import Beer,False,['On Sale'],SR,,,IE,,Europe Beer,,False,False,0,3.59,,,"[{'urlAlias': '/promotion/spring', 'name': 'Spring into Fresh Flavours', 'promoCode': '2024SPRINGSEASONAL', 'published': True, 'shortName': ''}]","[{'urlAlias': '/promotion/spring', 'name': 'Spring into Fresh Flavours', 'promoCode': '2024SPRINGSEASONAL', 'published': True, 'shortName': ''}]",guinness pub draught tall can,,2024-03-31T00:00:00.000-07:00,,Beer,"[{'id': 'empty-placeholder', 'label': '&nbsp;', 'labelLengthWithoutTags': 1}, {'id': 'featured', 'label': 'FEATURED', 'labelLengthWithoutTags': 8}]",True,1000,1007,1188,10865.5,84533.59,0.021,185.23809523809524,0.7868020304568528
134,bcls,product,210468,0.25420347,HACKER PSCHORR MUNICH GOLD TALL CAN,,,Import Beer,,[],,2.89,False,False,,,,,[],,,210468,,[],,4350,2024-03-11 19:10:01,,1,['04004866222329'],False,,0.5,[],HACKER PSCHORR MUNICH GOLD TALL CAN,Lager,Germany,False,,2,2,,,False,97.0,HACKER PSCHORR MUNICH GOLD TALL CAN,0.055,Import Beer,False,[],SR,,,DE,,Europe Beer,,False,False,0,2.89,,,,,hacker pschorr munich gold tall can,,,,Beer,[],True,1000,1007,1188,2175.0,12571.5,0.0275,105.0909090909091,0.49238578680203043
135,bcls,product,531392,0.25420347,HEINEKEN,,,Import Beer,,[],True,30.99,False,False,2024-03-03T00:00:00.000-08:00,,,2024-03-03T00:00:00.000-08:00,['On Sale'],2024-03-31T00:00:00.000-07:00,,531392,True,[],,6059,2024-03-11 19:10:01,,12,['00072890000859'],False,,0.33,[],HEINEKEN,Lager,Netherlands,False,,2,2,,,False,186.0,HEINEKEN,0.05,Import Beer,False,['On Sale'],G,,,NL,,Europe Beer,,False,False,0,29.49,,,,,heineken,,2024-03-31T00:00:00.000-07:00,,Beer,[],True,1000,1007,1188,23993.64,187768.41,0.198,156.5151515151515,0.9441624365482234
136,bcls,product,18,0.25420842,HEINEKEN,,,Import Beer,,[],,16.29,False,False,,,,,[],,,18,,[],,2938,2024-03-11 19:10:01,,6,['00072890000033'],False,,0.33,[],HEINEKEN,Lager,Netherlands,False,,2,2,,,False,179.0,HEINEKEN,0.05,Import Beer,False,[],G,,,NL,,Europe Beer,,False,False,0,16.29,,,,,heineken,,,,Beer,[],True,1000,1007,1188,5817.24,47860.02,0.099,164.54545454545453,0.9086294416243654
137,bcls,product,208002,0.25420842,HEINEKEN - 0.0,,,De-Alcoholized Product,,[],,11.79,,,,,,,[],,,208002,,[],,2404,2024-03-11 19:10:01,,6,"['00072890005861', '00072890005885']",False,,0.33,[],HEINEKEN - 0.0,,Netherlands,False,,2,2,,,False,193.0, 0.0,0.0001,De-Alcoholized Beer,False,[],SR,,HEINEKEN ,NL,,Beer And Refreshment De-Alcoholized Product,,False,False,0,11.79,,,,,heineken - 0.0,,,,General Merchandise,[],True,1000,1009,1128,4759.92,28343.159999999996,0.00019800000000000002,59545.45454545454,0.9796954314720813
138,bcls,product,71126,0.25420347,HEINEKEN - CAN,,,Import Beer,,[],,16.29,False,False,,,,,[],,,71126,,[],,2114,2024-03-11 19:10:01,,6,"['00072890000019', '00072890006486', '08712000012670']",False,,0.33,[],HEINEKEN - CAN,Lager,Netherlands,False,,2,2,,,False,116.0, CAN,0.05,Import Beer,False,[],G,,HEINEKEN ,NL,,Europe Beer,,False,False,0,16.29,,,,,heineken - can,,,,Beer,[],True,1000,1007,1188,4185.72,34437.06,0.099,164.54545454545453,0.5888324873096447
139,bcls,product,459300,0.25420347,HEINEKEN - CAN,,,Import Beer,,[],,42.99,False,False,,,,,['BCL Select'],,,459300,,[],,1299,2024-03-11 19:10:01,,18,['00072890006639'],False,,0.355,[],HEINEKEN - CAN,Lager,Netherlands,False,,2,2,,,False,106.0, CAN,0.05,Import Beer,True,['BCL Select'],C,,HEINEKEN ,NL,,Europe Beer,,False,False,0,42.99,,,,,heineken - can,,,,Beer,"[{'id': 'empty-placeholder', 'label': '&nbsp;', 'labelLengthWithoutTags': 1}, {'id': 'exclusive', 'label': 'ONLY@BCL', 'labelLengthWithoutTags': 8}]",True,1000,1007,1188,8300.609999999999,55844.01,0.3195,134.55399061032864,0.5380710659898477
140,bcls,product,695106,0.25420842,HEINEKEN - CAN,,,Import Beer,,[],True,30.99,False,False,2024-03-03T00:00:00.000-08:00,,,2024-03-03T00:00:00.000-08:00,['On Sale'],2024-03-31T00:00:00.000-07:00,,695106,True,[],,2803,2024-03-11 19:10:01,,12,['00072890001177'],False,,0.33,[],HEINEKEN - CAN,Lager,Netherlands,False,,2,2,,,False,103.0, CAN,0.05,Import Beer,False,['On Sale'],G,,HEINEKEN ,NL,,Europe Beer,,False,False,0,29.49,,,,,heineken - can,,2024-03-31T00:00:00.000-07:00,,Beer,[],True,1000,1007,1188,11099.88,86864.97,0.198,156.5151515151515,0.5228426395939086
141,bcls,product,337949,0.25420347,HEINEKEN - TALL CAN,,,Import Beer,,[],True,3.79,False,False,2024-03-03T00:00:00.000-08:00,,,2024-03-03T00:00:00.000-08:00,['On Sale'],2024-03-31T00:00:00.000-07:00,,337949,True,[],,12676,2024-03-11 19:10:01,,1,"['08712000900045', '00072890000026']",False,,0.5,[],HEINEKEN - TALL CAN,Lager,Netherlands,False,,2,2,,,False,133.0, TALL CAN,0.05,Import Beer,False,['On Sale'],G,,HEINEKEN ,NL,,Europe Beer,,False,False,0,3.49,,,,,heineken - tall can,,2024-03-31T00:00:00.000-07:00,,Beer,[],True,1000,1007,1188,6338.0,48042.04,0.025,151.6,0.6751269035532995
142,bcls,product,523720,0.25420842,HEINEKEN - TALL CAN,,,Import Beer,,[],,40.99,False,False,,,,,[],,,523720,,[],,114,2024-03-11 19:10:01,,1,"['08712000025649', '00072890004161', '00072890001740']",False,,5.0,[],HEINEKEN - TALL CAN,Lager,Netherlands,False,,2,2,,,False,34.0, TALL CAN,0.05,Import Beer,False,[],SR,,HEINEKEN ,NL,,Europe Beer,,False,False,0,40.99,,,,,heineken - tall can,,,,Beer,[],True,1000,1007,1188,570.0,4672.860000000001,0.25,163.96,0.17258883248730963
143,bcls,product,554089,0.25420347,HOEGAARDEN,,,Import Beer,,[],,15.99,False,False,,,,,[],,,554089,,[],,852,2024-03-11 19:10:01,,6,"['05410228149699', '00786150000366', '00786150000205']",False,,0.33,[],HOEGAARDEN,Wheat,Belgium,False,,2,2,,,False,96.0,HOEGAARDEN,0.05,Import Beer,False,[],SR,,,BE,,Europe Beer,,False,False,0,15.99,,,,,hoegaarden,,,,Beer,[],True,1000,1007,1188,1686.96,13623.48,0.099,161.5151515151515,0.4873096446700508
144,bcls,product,392290,0.25420842,HOLLANDIA PREMIUM LAGER CANS,,,Import Beer,,['Only@BCL'],True,14.79,False,False,2024-03-03T00:00:00.000-08:00,,,2024-03-03T00:00:00.000-08:00,"['BCL Select', 'On Sale']",2024-03-31T00:00:00.000-07:00,,392290,True,['Only@BCL'],,1701,2024-03-11 19:10:01,,6,"['08714800045018', '08714800027199']",False,,0.44,[],HOLLANDIA PREMIUM LAGER CANS,Lager,Netherlands,False,,2,2,,,False,161.0,HOLLANDIA PREMIUM LAGER CANS,0.05,Import Beer,True,"['BCL Select', 'On Sale']",C,,,NL,,Europe Beer,,False,False,0,12.79,,,"[{'urlAlias': '/promotion/only-at-bcl', 'name': 'Only@BCL', 'promoCode': '2020BCLSELECT', 'published': True, 'shortName': ''}]","[{'urlAlias': '/promotion/only-at-bcl', 'name': 'Only@BCL', 'promoCode': '2020BCLSELECT', 'published': True, 'shortName': ''}]",hollandia premium lager cans,,2024-03-31T00:00:00.000-07:00,,Beer,"[{'id': 'featured', 'label': 'FEATURED', 'labelLengthWithoutTags': 8}, {'id': 'exclusive', 'label': 'ONLY@BCL', 'labelLengthWithoutTags': 8}]",True,1000,1007,1188,4490.64,25157.789999999997,0.132,112.04545454545453,0.817258883248731
145,bcls,product,354181,0.25420347,HOLSTEN - FESTBOCK TALL CAN,,,Domestic - Other Province Beer,,[],,2.69,False,False,,,,,[],,,354181,,[],,11348,2024-03-11 19:10:01,,1,['00675325042358'],False,,0.473,[],HOLSTEN - FESTBOCK TALL CAN,Blonde Ale,Canada,False,,2,2,,,False,102.0, FESTBOCK TALL CAN,0.07,Domestic Beer,False,[],SR,National Domestic Beer,HOLSTEN ,CA,,Domestic - Other Province Commercial Beer,,False,False,0,2.69,,,,,holsten - festbock tall can,,,,Beer,[],True,1000,1290,1138,5367.603999999999,30526.12,0.03311,81.24433705829054,0.5177664974619289
146,bcls,product,307485,0.25420347,HOLSTEN - MAIBOCK TALL CAN,,,Domestic - Other Province Beer,,[],,2.69,False,False,,,,,[],,,307485,,[],,8095,2024-03-11 19:10:01,,1,['00675325042334'],False,,0.473,[],HOLSTEN - MAIBOCK TALL CAN,Bock,Canada,False,,2,2,,,False,74.0, MAIBOCK TALL CAN,0.07,Domestic Beer,False,[],SR,National Domestic Beer,HOLSTEN ,CA,,Domestic - Other Province Commercial Beer,,False,False,0,2.69,,,,,holsten - maibock tall can,,,,Beer,[],True,1000,1290,1138,3828.935,21775.55,0.03311,81.24433705829054,0.3756345177664975
147,bcls,product,288365,0.25420842,HOLSTEN PREMIUM TALL CAN,,,Import Beer,,[],,2.59,False,False,,,,,[],,,288365,,[],,1145,2024-03-11 19:10:01,,1,"['00406200007892', '00000040678924', '04067800007505']",False,,0.5,[],HOLSTEN PREMIUM TALL CAN,Pilsner,Germany,False,,2,2,,,False,34.0,HOLSTEN PREMIUM TALL CAN,0.052000000000000005,Import Beer,False,[],G,,,DE,,Europe Beer,,False,False,0,2.59,,,,,holsten premium tall can,,,,Beer,[],True,1000,1007,1188,572.5,2965.5499999999997,0.026000000000000002,99.6153846153846,0.17258883248730963
148,bcls,product,8982,0.25420842,HOWE SOUND - HOPRAISER WEST COAST IPA TALL CAN,,,Domestic - BC Beer,,[],True,4.99,True,False,2024-03-03T00:00:00.000-08:00,,,2024-03-03T00:00:00.000-08:00,['On Sale'],2024-03-31T00:00:00.000-07:00,,8982,True,[],,2509,2024-03-11 19:10:01,,1,['00627632000699'],False,,0.473,[],HOWE SOUND - HOPRAISER WEST COAST IPA TALL CAN,India Pale Ale,Canada,True,,3,3,,,False,81.0, HOPRAISER WEST COAST IPA TALL CAN,0.06,Domestic Beer,False,['On Sale'],SR,BC Craft Beer,HOWE SOUND ,CA,,Domestic - BC Micro Brew Beer,,False,False,0,4.07,,,,,howe sound - hopraiser west coast ipa tall can,,2024-03-31T00:00:00.000-07:00,,Beer,[],True,1000,1006,1133,1186.7569999999998,12519.91,0.02838,175.8280479210712,0.41116751269035534
149,bcls,product,152363,0.25420842,HOWE SOUND - LAGER CAN,,,Domestic - BC Beer,,[],,13.99,True,False,,,,,[],,,152363,,[],,671,2024-03-11 19:10:01,,6,['00855287001512'],False,,0.355,[],HOWE SOUND - LAGER CAN,Lager,Canada,True,,2,2,,,False,62.0, LAGER CAN,0.054000000000000006,Domestic Beer,False,[],SR,BC Craft Beer,HOWE SOUND ,CA,,Domestic - BC Micro Brew Beer,,False,False,0,13.99,,,,,howe sound - lager can,,,,Beer,[],True,1000,1006,1133,1429.23,9387.29,0.11502000000000001,121.63102069205354,0.3147208121827411
150,bcls,product,38550,0.25420347,HOYNE BREWING - DARK MATTER CAN,,,Domestic - BC Beer,,[],,14.99,True,False,,,,,[],,,38550,,[],,2065,2024-03-11 19:10:01,,6,['00626990377450'],False,,0.355,[],HOYNE BREWING - DARK MATTER CAN,Brown Ale,Canada,True,,2,2,,,False,162.0, DARK MATTER CAN,0.053,Domestic Beer,False,[],SR,BC Craft Beer,HOYNE BREWING ,CA,,Domestic - BC Regional Beer,,False,False,0,14.99,,,,,hoyne brewing - dark matter can,,,,Beer,[],True,1000,1006,1135,4398.45,30954.350000000002,0.11288999999999999,132.78412614049077,0.8223350253807107
151,bcls,product,38635,0.25420842,HOYNE BREWING - DOWN EASY PALE ALE CAN,,,Domestic - BC Beer,,[],True,14.79,False,False,2024-03-03T00:00:00.000-08:00,,,2024-03-03T00:00:00.000-08:00,['On Sale'],2024-03-31T00:00:00.000-07:00,,38635,True,[],,563,2024-03-11 19:10:01,,6,['00626990377511'],False,,0.355,[],HOYNE BREWING - DOWN EASY PALE ALE CAN,Pale Ale,Canada,True,,3,3,,,False,81.0, DOWN EASY PALE ALE CAN,0.05,Domestic Beer,False,['On Sale'],SH,BC Craft Beer,HOYNE BREWING ,CA,,Domestic - BC Regional Beer,,False,False,0,12.27,,,,,hoyne brewing - down easy pale ale can,,2024-03-31T00:00:00.000-07:00,,Beer,[],True,1000,1006,1135,1199.1899999999998,8326.769999999999,0.1065,138.8732394366197,0.41116751269035534
152,bcls,product,390141,0.25420842,HOYNE BREWING - FINNEGANS TALL CAN,,,Domestic - BC Beer,,[],,3.49,False,False,,,,,[],,,390141,,[],,5020,2024-03-11 19:10:01,,1,['00626990427414'],False,,0.473,[],HOYNE BREWING - FINNEGANS TALL CAN,Stout,Canada,True,,2,2,,,False,123.0, FINNEGANS TALL CAN,0.051,Domestic Beer,False,[],SH,BC Craft Beer,HOYNE BREWING ,CA,,Domestic - BC Regional Beer,,False,False,0,3.49,,,,,hoyne brewing - finnegans tall can,,,,Beer,[],True,1000,1006,1135,2374.46,17519.8,0.024123,144.67520623471378,0.6243654822335025
153,bcls,product,47384,0.25420842,HOYNE BREWING - FOUR FINE FRIENDS MIX PACK CAN,,,Domestic - BC Beer,,[],,27.29,True,False,,,,,[],,,47384,,[],,1461,2024-03-11 19:10:01,,12,['00626990427339'],False,,0.355,[],HOYNE BREWING - FOUR FINE FRIENDS MIX PACK CAN,Variety Pack,Canada,True,,2,2,,,False,148.0, FOUR FINE FRIENDS MIX PACK CAN,0.06,Domestic Beer,False,[],SR,BC Craft Beer,HOYNE BREWING ,CA,,Domestic - BC Regional Beer,,False,False,0,27.29,,,,,hoyne brewing - four fine friends mix pack can,,,,Beer,[],True,1000,1006,1135,6223.86,39870.69,0.2556,106.76838810641627,0.751269035532995
154,bcls,product,374267,0.25420347,HOYNE BREWING - ON THE DARK SIDE MIXER PACK CAN,,,Domestic - BC Beer,,[],True,27.29,False,False,2024-03-03T00:00:00.000-08:00,,,2024-03-03T00:00:00.000-08:00,['On Sale'],2024-03-31T00:00:00.000-07:00,,374267,True,[],,421,2024-03-11 19:10:01,,12,['00696852010351'],False,,0.355,[],HOYNE BREWING - ON THE DARK SIDE MIXER PACK CAN,Variety Pack,Canada,True,,3,3,,,False,57.0, ON THE DARK SIDE MIXER PACK CAN,0.052000000000000005,Domestic Beer,False,['On Sale'],SH,BC Craft Beer,HOYNE BREWING ,CA,,Domestic - BC Regional Beer,,False,False,0,20.77,,,,,hoyne brewing - on the dark side mixer pack can,,2024-03-31T00:00:00.000-07:00,,Beer,[],True,1000,1006,1135,1793.4599999999998,11489.09,0.22152,123.19429396894185,0.2893401015228426
155,bcls,product,38610,0.25420347,HOYNE BREWING - PILSNER CAN,,,Domestic - BC Beer,,[],,14.99,True,False,,,,,[],,,38610,,[],,1642,2024-03-11 19:10:01,,6,['00626990377429'],False,,0.355,[],HOYNE BREWING - PILSNER CAN,Pilsner,Canada,True,,2,2,,,False,113.0, PILSNER CAN,0.053,Domestic Beer,False,[],SR,BC Craft Beer,HOYNE BREWING ,CA,,Domestic - BC Regional Beer,,False,False,0,14.99,,,,,hoyne brewing - pilsner can,,,,Beer,[],True,1000,1006,1135,3497.46,24613.58,0.11288999999999999,132.78412614049077,0.5736040609137056
156,bcls,product,191957,0.25420842,INNIS AND GUNN - THE ORIGINAL,,,Import Beer,,[],,17.29,False,False,,,,,[],,,191957,,[],,2016,2024-03-11 19:10:01,,6,"['00736040519614', '05060190560864']",False,,0.33,[],INNIS AND GUNN - THE ORIGINAL,Amber Ale,United Kingdom,False,,2,2,,,False,174.0, THE ORIGINAL,0.066,Import Beer,False,[],SR,,INNIS AND GUNN ,GB,,Europe Beer,,False,False,0,17.29,,,,,innis and gunn - the original,,,,Beer,[],True,1000,1007,1188,3991.68,34856.64,0.13068000000000002,132.30792776247318,0.883248730964467
157,bcls,product,434884,0.25420842,INNIS AND GUNN - VANISHING POINT 07,,,Import Beer,,[],,16.49,False,False,,,,,[],,,434884,,[],,18,2024-03-11 19:10:01,,1,"['00196852723140', '05060190565210']",False,,0.5,[],INNIS AND GUNN - VANISHING POINT 07,Stout,United Kingdom,False,,3,3,,,False,3.0, VANISHING POINT 07,0.11,Import Beer,False,[],ST,,INNIS AND GUNN ,GB,,Europe Beer,,False,False,0,16.49,,,,,innis and gunn - vanishing point 07,,,,Beer,[],False,1000,1007,1188,9.0,296.82,0.055,299.8181818181818,0.015228426395939087
158,bcls,product,842542,0.25420842,INNIS AND GUNN LAGER TALL CAN,,,Import Beer,,[],,2.99,False,False,,,,,[],,,842542,,[],,6417,2024-03-11 19:10:01,,1,['05060190561151'],False,,0.5,[],INNIS AND GUNN LAGER TALL CAN,Lager,United Kingdom,False,,2,2,,,False,81.0,INNIS AND GUNN LAGER TALL CAN,0.046,Import Beer,False,[],SR,,,GB,,Europe Beer,,False,False,0,2.99,,,,,innis and gunn lager tall can,,,,Beer,[],True,1000,1007,1188,3208.5,19186.83,0.023,130.0,0.41116751269035534
159,bcls,product,303917,0.25420347,JOSE CUERVO MARGARITA MIX,,,De-Alcoholized Product,,[],,4.99,,,,,,,[],,,303917,,[],,902,2024-03-11 19:10:01,,1,"['00082000166191', '00811538011211']",False,,1.0,[],JOSE CUERVO MARGARITA MIX,,USA,False,,2,2,,,False,77.0,JOSE CUERVO MARGARITA MIX,0.001,De-Alcoholized Beer,False,[],SR,,,US,,Beer And Refreshment De-Alcoholized Product,,False,False,0,4.99,,,,,jose cuervo margarita mix,,,,General Merchandise,[],True,1000,1009,1128,902.0,4500.9800000000005,0.001,4990.0,0.39086294416243655
160,bcls,product,793810,0.25420347,KILKENNY IRISH CREAM ALE DRAUGHT TALL CAN,,,Import Beer,,[],,13.29,False,False,,,,,[],,,793810,,[],,3989,2024-03-11 19:10:01,,4,"['05000213019085', '05000213019078']",False,,0.5,[],KILKENNY IRISH CREAM ALE DRAUGHT TALL CAN,Cream Ale,Ireland,False,,2,2,,,False,184.0,KILKENNY IRISH CREAM ALE DRAUGHT TALL CAN,0.043,Import Beer,False,[],SR,,,IE,,Europe Beer,,False,False,0,13.29,,,,,kilkenny irish cream ale draught tall can,,,,Beer,[],True,1000,1007,1188,7978.0,53013.81,0.086,154.53488372093022,0.934010152284264
161,bcls,product,11692,0.25420347,KONIG LUDWIG WEISSBIER,,,Import Beer,,[],,3.79,False,False,,,,,[],,,11692,,[],,1991,2024-03-11 19:10:01,,1,"['00626990129295', '00400220414401', '04003304140003', '04003304142205']",False,,0.5,[],KONIG LUDWIG WEISSBIER,Wheat,Germany,False,,2,2,,,False,69.0,KONIG LUDWIG WEISSBIER,0.055,Import Beer,False,[],SR,,,DE,,Europe Beer,,False,False,0,3.79,,,,,konig ludwig weissbier,,,,Beer,[],True,1000,1007,1188,995.5,7545.89,0.0275,137.8181818181818,0.350253807106599
162,bcls,product,470413,0.25420347,KOZEL - DARK TALL CAN,,,Import Beer,,[],,2.79,False,False,,,,,[],,,470413,,[],,6883,2024-03-11 19:10:01,,1,['08594404008042'],False,,0.5,[],KOZEL - DARK TALL CAN,Dark Lager,Czech Republic,False,,2,2,,,False,100.0, DARK TALL CAN,0.038,Import Beer,False,[],SR,,KOZEL ,CZ,,Europe Beer,,False,False,0,2.79,,,,,kozel - dark tall can,,,,Beer,[],True,1000,1007,1188,3441.5,19203.57,0.019,146.8421052631579,0.5076142131979695
163,bcls,product,881144,0.25420842,KOZEL PREMIUM TALL CAN,,,Import Beer,,[],,2.79,False,False,,,,,[],,,881144,,[],,21866,2024-03-11 19:10:01,,1,"['08594404005782', '08594404001449']",False,,0.5,[],KOZEL PREMIUM TALL CAN,Pilsner,Czech Republic,False,,2,2,,,False,152.0,KOZEL PREMIUM TALL CAN,0.049,Import Beer,False,[],G,,,CZ,,Europe Beer,,False,False,0,2.79,,,,,kozel premium tall can,,,,Beer,[],True,1000,1007,1188,10933.0,61006.14,0.0245,113.87755102040816,0.7715736040609137
164,bcls,product,157495,0.25420842,KRONENBOURG 1664 BLANC,,,Import Beer,,[],True,16.29,False,False,2024-03-03T00:00:00.000-08:00,,,2024-03-03T00:00:00.000-08:00,['On Sale'],2024-03-31T00:00:00.000-07:00,,157495,True,[],,2708,2024-03-11 19:10:01,,6,"['00851621000050', '00851621000043', '08516121000055']",False,,0.33,[],KRONENBOURG 1664 BLANC,Wheat,France,False,,2,2,,,False,164.0,KRONENBOURG 1664 BLANC,0.05,Import Beer,False,['On Sale'],G,,,FR,,Europe Beer,,False,False,0,15.29,,,,,kronenbourg 1664 blanc,,2024-03-31T00:00:00.000-07:00,,Beer,[],True,1000,1007,1188,5361.84,44113.32,0.099,164.54545454545453,0.8324873096446701
165,bcls,product,378979,0.25420842,KRONENBOURG 1664 BLANC 0.0%,,,De-Alcoholized Product,,[],True,11.29,,,2024-03-03T00:00:00.000-08:00,,,2024-03-03T00:00:00.000-08:00,['On Sale'],2024-03-31T00:00:00.000-07:00,,378979,True,[],,1063,2024-03-11 19:10:01,,6,['03080216060743'],False,,0.33,[],KRONENBOURG 1664 BLANC 0.0%,,France,False,,2,2,,,False,130.0,KRONENBOURG 1664 BLANC 0.0%,0.0,De-Alcoholized Beer,False,['On Sale'],SR,,,FR,,Beer And Refreshment De-Alcoholized Product,,False,False,0,10.29,,,,,kronenbourg 1664 blanc 0.0%,,2024-03-31T00:00:00.000-07:00,,General Merchandise,[],True,1000,1009,1128,2104.74,12001.269999999999,0.0,inf,0.6598984771573604
166,bcls,product,155724,0.25420842,KRONENBOURG 1664 BLANC 0.5,,,De-Alcoholized Product,,[],,10.99,,,,,,,[],,,155724,,[],,256,2024-03-11 19:10:01,,6,['00675325000044'],False,,0.33,[],KRONENBOURG 1664 BLANC 0.5,,France,False,,2,2,,,False,36.0,KRONENBOURG 1664 BLANC 0.5,0.005,De-Alcoholized Beer,False,[],SR,,,FR,,Beer And Refreshment De-Alcoholized Product,,False,False,0,10.99,,,,,kronenbourg 1664 blanc 0.5,,,,General Merchandise,[],True,1000,1009,1128,506.88,2813.44,0.0099,1110.10101010101,0.18274111675126903
167,bcls,product,69727,0.25420347,KRONENBOURG 1664 BLANC CAN,,,Import Beer,,[],,29.99,False,False,,,,,[],,,69727,,[],,438,2024-03-11 19:10:01,,12,['03080216053189'],False,,0.33,[],KRONENBOURG 1664 BLANC CAN,Wheat,France,False,,2,2,,,False,61.0,KRONENBOURG 1664 BLANC CAN,0.05,Import Beer,False,[],SR,,,FR,,Europe Beer,,False,False,0,29.99,,,,,kronenbourg 1664 blanc can,,,,Beer,[],True,1000,1007,1188,1734.48,13135.619999999999,0.198,151.46464646464645,0.3096446700507614
168,bcls,product,685594,0.25420842,KRONENBOURG 1664 BLANC TALL CAN,,,Import Beer,,[],,3.59,False,False,,,,,[],,,685594,,[],,9626,2024-03-11 19:10:01,,1,['03080216031811'],False,,0.5,[],KRONENBOURG 1664 BLANC TALL CAN,Wheat,France,False,,2,2,,,False,150.0,KRONENBOURG 1664 BLANC TALL CAN,0.05,Import Beer,False,[],SR,,,FR,,Europe Beer,,False,False,0,3.59,,,,,kronenbourg 1664 blanc tall can,,,,Beer,[],True,1000,1007,1188,4813.0,34557.34,0.025,143.6,0.7614213197969543
169,bcls,product,460731,0.25420842,LA CERVECERIA - SALTED LIME LAGER TALL CAN,,,Domestic - BC Beer,,[],,14.79,True,False,,,,,[],,,460731,,[],,584,2024-03-11 19:10:01,,4,['00696852011303'],False,,0.473,[],LA CERVECERIA - SALTED LIME LAGER TALL CAN,Lager,Canada,True,,2,2,,,False,47.0, SALTED LIME LAGER TALL CAN,0.045,Domestic Beer,False,[],SR,BC Craft Beer,LA CERVECERIA ,CA,,Domestic - BC Micro Brew Beer,,False,False,0,14.79,,,,,la cerveceria - salted lime lager tall can,,,,Beer,[],True,1000,1006,1133,1104.9279999999999,8637.359999999999,0.08514,173.7138830162086,0.23857868020304568
170,bcls,product,906313,0.25420842,LABATT - BLUE CAN,,,Domestic - BC Beer,,[],,39.79,False,False,,,,,[],,,906313,,[],,706,2024-03-11 19:10:01,,24,['00062067351402'],False,,0.355,[],LABATT - BLUE CAN,Pilsner,Canada,False,,2,2,,,False,51.0, BLUE CAN,0.05,Domestic Beer,False,[],SR,National Domestic Beer,LABATT ,CA,,Domestic - BC Commercial Beer,,False,False,0,39.79,,,,,labatt - blue can,,,,Beer,[],True,1000,1006,1131,6015.12,28091.739999999998,0.426,93.40375586854461,0.25888324873096447
171,bcls,product,935155,0.25420842,LABATT - BLUE CAN,,,Domestic - BC Beer,,[],,26.49,False,False,,,,,[],,,935155,,[],,2225,2024-03-11 19:10:01,,15,['00062067351372'],False,,0.355,[],LABATT - BLUE CAN,Pilsner,Canada,False,,2,2,,,False,100.0, BLUE CAN,0.05,Domestic Beer,False,[],G,National Domestic Beer,LABATT ,CA,,Domestic - BC Commercial Beer,,False,False,0,26.49,,,,,labatt - blue can,,,,Beer,[],True,1000,1006,1131,11848.124999999998,58940.25,0.26625,99.49295774647888,0.5076142131979695
172,bcls,product,428755,0.25420347,LABATT - BUD LIGHT 740ML CAN,,,Domestic - Other Province Beer,,[],True,4.09,False,False,2024-03-03T00:00:00.000-08:00,,,2024-03-03T00:00:00.000-08:00,['On Sale'],2024-03-31T00:00:00.000-07:00,,428755,True,[],,2159,2024-03-11 19:10:01,,1,['00062067567704'],False,,0.74,[],LABATT - BUD LIGHT 740ML CAN,Lager,Canada,False,,3,3,,,False,117.0, BUD LIGHT 740ML CAN,0.04,Domestic Beer,False,['On Sale'],SR,National Domestic Beer,LABATT ,CA,,Domestic - Other Province Commercial Beer,,False,False,0,3.27,,,,,labatt - bud light 740ml can,,2024-03-31T00:00:00.000-07:00,,Beer,[],True,1000,1290,1138,1597.66,8830.31,0.0296,138.17567567567568,0.5939086294416244
173,bcls,product,72959,0.25420347,LABATT - BUD LIGHT CAN,,,Domestic - Other Province Beer,,[],,63.99,False,False,,,,,['BCL Select'],,,72959,,[],,903,2024-03-11 19:10:01,,36,['00062067567292'],False,,0.355,[],LABATT - BUD LIGHT CAN,Other,Canada,False,,2,2,,,False,70.0, BUD LIGHT CAN,0.04,Domestic Beer,True,['BCL Select'],C,National Domestic Beer,LABATT ,CA,,Domestic - Other Province Commercial Beer,,False,False,0,63.99,,,,,labatt - bud light can,,,,Beer,"[{'id': 'empty-placeholder', 'label': '&nbsp;', 'labelLengthWithoutTags': 1}, {'id': 'exclusive', 'label': 'ONLY@BCL', 'labelLengthWithoutTags': 8}]",True,1000,1290,1138,11540.34,57782.97,0.5112,125.17605633802818,0.3553299492385787
174,bcls,product,132274,0.25420347,LABATT - BUD LIGHT CAN,,,Domestic - BC Beer,,[],,15.99,False,False,,,,,[],,,132274,,[],,5314,2024-03-11 19:10:01,,8,['00062067567452'],False,,0.355,[],LABATT - BUD LIGHT CAN,Other,Canada,False,,2,2,,,False,147.0, BUD LIGHT CAN,0.04,Domestic Beer,False,[],SR,National Domestic Beer,LABATT ,CA,,Domestic - BC Commercial Beer,,False,False,0,15.99,,,,,labatt - bud light can,,,,Beer,[],True,1000,1006,1131,15091.759999999998,84970.86,0.11359999999999999,140.75704225352115,0.7461928934010152
175,bcls,product,760843,0.25420347,LABATT - BUD LIGHT CAN,,,Domestic - BC Beer,,[],,24.99,False,False,,,,,[],,,760843,,[],,1048,2024-03-11 19:10:01,,12,"['00062067201288', '00062067567247']",False,,0.355,[],LABATT - BUD LIGHT CAN,Other,Canada,False,,2,2,,,False,83.0, BUD LIGHT CAN,0.04,Domestic Beer,False,[],SR,National Domestic Beer,LABATT ,CA,,Domestic - BC Commercial Beer,,False,False,0,24.99,,,,,labatt - bud light can,,,,Beer,[],True,1000,1006,1131,4464.48,26189.519999999997,0.1704,146.65492957746477,0.4213197969543147
176,bcls,product,204115,0.25420842,LABATT - BUD LIGHT CAN,,,Domestic - BC Beer,,[],True,46.99,False,False,2024-03-03T00:00:00.000-08:00,,,2024-03-03T00:00:00.000-08:00,['On Sale'],2024-03-31T00:00:00.000-07:00,,204115,True,[],,6846,2024-03-11 19:10:01,,24,['00062067567407'],False,,0.355,[],LABATT - BUD LIGHT CAN,Lager,Canada,False,,2,2,,,False,143.0, BUD LIGHT CAN,0.04,Domestic Beer,False,['On Sale'],G,National Domestic Beer,LABATT ,CA,,Domestic - BC Commercial Beer,,False,False,0,43.99,,,,,labatt - bud light can,,2024-03-31T00:00:00.000-07:00,,Beer,[],True,1000,1006,1131,58327.92,321693.54000000004,0.3408,137.88145539906105,0.7258883248730964
177,bcls,product,683847,0.25420842,LABATT - BUD LIGHT CAN,,,Domestic - BC Beer,,[],,30.99,False,False,,,,,[],,,683847,,[],,6765,2024-03-11 19:10:01,,15,['00062067567377'],False,,0.355,[],LABATT - BUD LIGHT CAN,Lager,Canada,False,,2,2,,,False,167.0, BUD LIGHT CAN,0.04,Domestic Beer,False,[],G,National Domestic Beer,LABATT ,CA,,Domestic - BC Commercial Beer,,False,False,0,30.99,,,,,labatt - bud light can,,,,Beer,[],True,1000,1006,1131,36023.62499999999,209647.34999999998,0.21299999999999997,145.49295774647888,0.8477157360406091
178,bcls,product,675512,0.25420842,LABATT - BUD LIGHT CHELADA CAN,,,Import Beer,,[],,16.49,False,False,,,,,[],,,675512,,[],,751,2024-03-11 19:10:01,,6,"['00062067384165', '00018200002304']",False,,0.355,[],LABATT - BUD LIGHT CHELADA CAN,Altbier,USA,False,,2,2,,,False,69.0, BUD LIGHT CHELADA CAN,0.04,Import Beer,False,[],SR,,LABATT ,US,,USA Beer,,False,False,0,16.49,,,,,labatt - bud light chelada can,,,,Beer,[],True,1000,1007,1195,1599.6299999999999,12383.989999999998,0.0852,193.54460093896714,0.350253807106599
179,bcls,product,863944,0.25420347,LABATT - BUD LIGHT LIME CAN,,,Domestic - BC Beer,,[],True,27.99,False,False,2024-03-03T00:00:00.000-08:00,,,2024-03-03T00:00:00.000-08:00,['On Sale'],2024-03-31T00:00:00.000-07:00,,863944,True,[],,635,2024-03-11 19:10:01,,12,"['00018200159831', '00062067516245']",False,,0.355,[],LABATT - BUD LIGHT LIME CAN,Lager,Canada,False,,3,3,,,False,75.0, BUD LIGHT LIME CAN,0.04,Domestic Beer,False,['On Sale'],SR,National Domestic Beer,LABATT ,CA,,Domestic - BC Commercial Beer,,False,False,0,22.97,,,,,labatt - bud light lime can,,2024-03-31T00:00:00.000-07:00,,Beer,[],True,1000,1006,1131,2705.1,17773.649999999998,0.1704,164.2605633802817,0.38071065989847713
180,bcls,product,902627,0.25420842,LABATT - BUDWEISER,,,Domestic - BC Beer,,[],True,26.99,False,False,2024-03-03T00:00:00.000-08:00,,,2024-03-03T00:00:00.000-08:00,['On Sale'],2024-03-31T00:00:00.000-07:00,,902627,True,[],,1702,2024-03-11 19:10:01,,12,['00062067335020'],False,,0.341,[],LABATT - BUDWEISER,Lager,Canada,False,,3,3,,,False,130.0, BUDWEISER,0.05,Domestic Beer,False,['On Sale'],G,National Domestic Beer,LABATT ,CA,,Domestic - BC Commercial Beer,,False,False,0,22.07,,,,,labatt - budweiser,,2024-03-31T00:00:00.000-07:00,,Beer,[],True,1000,1006,1131,6964.584000000001,45936.979999999996,0.20460000000000003,131.91593352883672,0.6598984771573604
181,bcls,product,903351,0.25420842,LABATT - BUDWEISER,,,Domestic - BC Beer,,[],True,38.99,False,False,2024-03-03T00:00:00.000-08:00,,,2024-03-03T00:00:00.000-08:00,['On Sale'],2024-03-31T00:00:00.000-07:00,,903351,True,[],,655,2024-03-11 19:10:01,,18,['00062067335044'],False,,0.341,[],LABATT - BUDWEISER,Lager,Canada,False,,3,3,,,False,75.0, BUDWEISER,0.05,Domestic Beer,False,['On Sale'],SR,National Domestic Beer,LABATT ,CA,,Domestic - BC Commercial Beer,,False,False,0,31.97,,,,,labatt - budweiser,,2024-03-31T00:00:00.000-07:00,,Beer,[],True,1000,1006,1131,4020.3900000000003,25538.45,0.30690000000000006,127.04463994786573,0.38071065989847713
182,bcls,product,756155,0.25420347,LABATT - BUDWEISER 740ML CAN,,,Domestic - Other Province Beer,,[],,4.09,False,False,,,,,[],,,756155,,[],,5929,2024-03-11 19:10:01,,1,['00062067335709'],False,,0.74,[],LABATT - BUDWEISER 740ML CAN,Lager,Canada,False,,2,2,,,False,166.0, BUDWEISER 740ML CAN,0.05,Domestic Beer,False,[],G,National Domestic Beer,LABATT ,CA,,Domestic - Other Province Commercial Beer,,False,False,0,4.09,,,,,labatt - budweiser 740ml can,,,,Beer,[],True,1000,1290,1138,4387.46,24249.61,0.037,110.54054054054055,0.8426395939086294
183,bcls,product,521609,0.25420347,LABATT - BUDWEISER CAN,,,Domestic - Other Province Beer,,[],,63.99,False,False,,,,,[],,,521609,,[],,1651,2024-03-11 19:10:01,,36,['00062067335297'],False,,0.355,[],LABATT - BUDWEISER CAN,Lager,Canada,False,,2,2,,,False,101.0, BUDWEISER CAN,0.05,Domestic Beer,False,[],G,National Domestic Beer,LABATT ,CA,,Domestic - Other Province Commercial Beer,,False,False,0,63.99,,,,,labatt - budweiser can,,,,Beer,[],True,1000,1290,1138,21099.78,105647.49,0.639,100.14084507042254,0.5126903553299492
184,bcls,product,687368,0.25420347,LABATT - BUDWEISER CAN,,,Domestic - BC Beer,,[],,15.99,False,False,,,,,[],,,687368,,[],,10394,2024-03-11 19:10:01,,8,['00062067335457'],False,,0.355,[],LABATT - BUDWEISER CAN,Lager,Canada,False,,2,2,,,False,136.0, BUDWEISER CAN,0.05,Domestic Beer,False,[],SR,National Domestic Beer,LABATT ,CA,,Domestic - BC Commercial Beer,,False,False,0,15.99,,,,,labatt - budweiser can,,,,Beer,[],True,1000,1006,1131,29518.96,166200.06,0.142,112.60563380281691,0.6903553299492385
185,bcls,product,850818,0.25420347,LABATT - BUDWEISER CAN,,,Domestic - BC Beer,,[],,24.99,False,False,,,,,[],,,850818,,[],,2932,2024-03-11 19:10:01,,12,"['00062067201264', '00062067335242']",False,,0.355,[],LABATT - BUDWEISER CAN,Lager,Canada,False,,2,2,,,False,104.0, BUDWEISER CAN,0.05,Domestic Beer,False,[],G,National Domestic Beer,LABATT ,CA,,Domestic - BC Commercial Beer,,False,False,0,24.99,,,,,labatt - budweiser can,,,,Beer,[],True,1000,1006,1131,12490.32,73270.68,0.213,117.32394366197182,0.5279187817258884
186,bcls,product,904334,0.25420347,LABATT - BUDWEISER CAN,,,Domestic - BC Beer,,[],,12.49,False,False,,,,,[],,,904334,,[],,7524,2024-03-11 19:10:01,,6,['00062067335341'],False,,0.355,[],LABATT - BUDWEISER CAN,Lager,Canada,False,,2,2,,,False,154.0, BUDWEISER CAN,0.05,Domestic Beer,False,[],G,National Domestic Beer,LABATT ,CA,,Domestic - BC Commercial Beer,,False,False,0,12.49,,,,,labatt - budweiser can,,,,Beer,[],True,1000,1006,1131,16026.119999999999,93974.76,0.1065,117.27699530516432,0.7817258883248731
187,bcls,product,925222,0.25420347,LABATT - BUDWEISER CAN,,,Domestic - BC Beer,,[],True,30.99,False,False,2024-03-03T00:00:00.000-08:00,,,2024-03-03T00:00:00.000-08:00,['On Sale'],2024-03-31T00:00:00.000-07:00,,925222,True,[],,14286,2024-03-11 19:10:01,,15,['00062067335372'],False,,0.355,[],LABATT - BUDWEISER CAN,Lager,Canada,False,,2,2,,,False,193.0, BUDWEISER CAN,0.05,Domestic Beer,False,['On Sale'],G,National Domestic Beer,LABATT ,CA,,Domestic - BC Commercial Beer,,False,False,0,28.99,,,,,labatt - budweiser can,,2024-03-31T00:00:00.000-07:00,,Beer,[],True,1000,1006,1131,76072.95,442723.13999999996,0.26625,116.3943661971831,0.9796954314720813
188,bcls,product,906354,0.25420842,LABATT - BUDWEISER CAN,,,Domestic - BC Beer,,[],,46.99,False,False,,,,,[],,,906354,,[],,9981,2024-03-11 19:10:01,,24,['00062067335402'],False,,0.355,[],LABATT - BUDWEISER CAN,Lager,Canada,False,,2,2,,,False,192.0, BUDWEISER CAN,0.05,Domestic Beer,False,[],G,National Domestic Beer,LABATT ,CA,,Domestic - BC Commercial Beer,,False,False,0,46.99,,,,,labatt - budweiser can,,,,Beer,[],True,1000,1006,1131,85038.12,469007.19,0.426,110.30516431924883,0.9746192893401016
189,bcls,product,694323,0.25420347,LABATT - BUDWEISER CAN 30 PK,,,Domestic - BC Beer,,[],True,54.99,False,False,2024-03-03T00:00:00.000-08:00,,,2024-03-03T00:00:00.000-08:00,"['BCL Select', 'On Sale']",2024-03-31T00:00:00.000-07:00,,694323,True,[],,12649,2024-03-11 19:10:01,,30,['00062067335464'],False,,0.355,[],LABATT - BUDWEISER CAN 30 PK,Pilsner,Canada,False,,2,2,,,False,180.0, BUDWEISER CAN 30 PK,0.05,Domestic Beer,True,"['BCL Select', 'On Sale']",C,National Domestic Beer,LABATT ,CA,,Domestic - BC Commercial Beer,,False,False,0,45.99,,,,,labatt - budweiser can 30 pk,,2024-03-31T00:00:00.000-07:00,,Beer,"[{'id': 'empty-placeholder', 'label': '&nbsp;', 'labelLengthWithoutTags': 1}, {'id': 'exclusive', 'label': 'ONLY@BCL', 'labelLengthWithoutTags': 8}]",True,1000,1006,1131,134711.84999999998,695568.51,0.5325,103.26760563380283,0.9137055837563451
190,bcls,product,38346,0.25420842,LABATT - BUDWEISER ZERO,,,De-Alcoholized Product,,[],,11.29,,,,,,,[],,,38346,,[],,1770,2024-03-11 19:10:01,,6,"['00062067381522', '00062067381553']",False,,0.355,[],LABATT - BUDWEISER ZERO,,Canada,False,,2,2,,,False,156.0, BUDWEISER ZERO,0.0001,De-Alcoholized Beer,False,[],SR,,LABATT ,CA,,Beer And Refreshment De-Alcoholized Product,,False,False,0,11.29,,,,,labatt - budweiser zero,,,,General Merchandise,[],True,1000,1009,1128,3770.1,19983.3,0.000213,53004.69483568075,0.7918781725888325
191,bcls,product,411447,0.25420347,LABATT - BUSCH  CAN,,,Domestic - Other Province Beer,,[],,25.99,False,False,,,,,[],,,411447,,[],,6679,2024-03-11 19:10:01,,15,['00062067318375'],False,,0.355,[],LABATT - BUSCH  CAN,Lager,Canada,False,,2,2,,,False,126.0, BUSCH  CAN,0.047,Domestic Beer,False,[],G,National Domestic Beer,LABATT ,CA,,Domestic - Other Province Commercial Beer,,False,False,0,25.99,,,,,labatt - busch  can,,,,Beer,[],True,1000,1290,1138,35565.674999999996,173587.21,0.25027499999999997,103.84576965338128,0.6395939086294417
192,bcls,product,283143,0.25420347,LABATT - BUSCH CAN,,,Domestic - BC Beer,,[],True,39.99,False,False,2024-03-03T00:00:00.000-08:00,,,2024-03-03T00:00:00.000-08:00,['On Sale'],2024-03-31T00:00:00.000-07:00,,283143,True,[],,1925,2024-03-11 19:10:01,,24,['00062067318405'],False,,0.355,[],LABATT - BUSCH CAN,Lager,Canada,False,,2,2,,,False,66.0, BUSCH CAN,0.047,Domestic Beer,False,['On Sale'],G,National Domestic Beer,LABATT ,CA,,Domestic - BC Commercial Beer,,False,False,0,36.99,,,,,labatt - busch can,,2024-03-31T00:00:00.000-07:00,,Beer,[],True,1000,1006,1131,16401.0,76980.75,0.40043999999999996,99.8651483368295,0.3350253807106599
193,bcls,product,61606,0.25420842,LABATT - BUSCH ICE CAN,,,Domestic - BC Beer,,[],,25.99,False,False,,,,,[],,,61606,,[],,995,2024-03-11 19:10:01,,15,['00062067811371'],False,,0.355,[],LABATT - BUSCH ICE CAN,Lager,Canada,False,,2,2,,,False,37.0, BUSCH ICE CAN,0.06,Domestic Beer,False,[],SR,National Domestic Beer,LABATT ,CA,,Domestic - BC Commercial Beer,,False,False,0,25.99,,,,,labatt - busch ice can,,,,Beer,[],True,1000,1006,1131,5298.374999999999,25860.05,0.31949999999999995,81.34585289514868,0.18781725888324874
194,bcls,product,914051,0.25420842,LABATT - GENUINE LAGER CAN,,,Domestic - BC Beer,,[],,39.79,False,False,,,,,[],,,914051,,[],,1211,2024-03-11 19:10:01,,24,['00062067310409'],False,,0.355,[],LABATT - GENUINE LAGER CAN,Lager,Canada,False,,2,2,,,False,81.0, GENUINE LAGER CAN,0.05,Domestic Beer,False,[],G,National Domestic Beer,LABATT ,CA,,Domestic - BC Commercial Beer,,False,False,0,39.79,,,,,labatt - genuine lager can,,,,Beer,[],True,1000,1006,1131,10317.72,48185.69,0.426,93.40375586854461,0.41116751269035534
195,bcls,product,915199,0.25420347,LABATT - KOKANEE,,,Domestic - BC Beer,,[],True,38.99,False,False,2024-03-03T00:00:00.000-08:00,,,2024-03-03T00:00:00.000-08:00,['On Sale'],2024-03-31T00:00:00.000-07:00,,915199,True,[],,546,2024-03-11 19:10:01,,18,['00062067374043'],False,,0.341,[],LABATT - KOKANEE,Pilsner,Canada,False,,3,3,,,False,50.0, KOKANEE,0.05,Domestic Beer,False,['On Sale'],SR,National Domestic Beer,LABATT ,CA,,Domestic - BC Commercial Beer,,False,False,0,31.97,,,,,labatt - kokanee,,2024-03-31T00:00:00.000-07:00,,Beer,[],True,1000,1006,1131,3351.3480000000004,21288.54,0.30690000000000006,127.04463994786573,0.25380710659898476
196,bcls,product,903187,0.25420842,LABATT - KOKANEE,,,Domestic - BC Beer,,[],True,26.99,False,False,2024-03-03T00:00:00.000-08:00,,,2024-03-03T00:00:00.000-08:00,['On Sale'],2024-03-31T00:00:00.000-07:00,,903187,True,[],,1148,2024-03-11 19:10:01,,12,"['00062067374029', '00062067374074']",False,,0.341,[],LABATT - KOKANEE,Pilsner,Canada,False,,3,3,,,False,116.0, KOKANEE,0.05,Domestic Beer,False,['On Sale'],SR,National Domestic Beer,LABATT ,CA,,Domestic - BC Commercial Beer,,False,False,0,22.07,,,,,labatt - kokanee,,2024-03-31T00:00:00.000-07:00,,Beer,[],True,1000,1006,1131,4697.616000000001,30984.519999999997,0.20460000000000003,131.91593352883672,0.5888324873096447
197,bcls,product,904664,0.25420347,LABATT - KOKANEE CAN,,,Domestic - BC Beer,,[],,12.49,False,False,,,,,[],,,904664,,[],,4309,2024-03-11 19:10:01,,6,['00062067374340'],False,,0.355,[],LABATT - KOKANEE CAN,Pilsner,Canada,False,,3,3,,,False,170.0, KOKANEE CAN,0.05,Domestic Beer,False,[],G,National Domestic Beer,LABATT ,CA,,Domestic - BC Commercial Beer,,False,False,0,12.49,,,,,labatt - kokanee can,,,,Beer,[],True,1000,1006,1131,9178.17,53819.41,0.1065,117.27699530516432,0.8629441624365483
198,bcls,product,919373,0.25420347,LABATT - KOKANEE CAN,,,Domestic - BC Beer,,[],True,46.99,False,False,2024-03-03T00:00:00.000-08:00,,,2024-03-03T00:00:00.000-08:00,['On Sale'],2024-03-31T00:00:00.000-07:00,,919373,True,[],,7497,2024-03-11 19:10:01,,24,['00062067374401'],False,,0.355,[],LABATT - KOKANEE CAN,Pilsner,Canada,False,,2,2,,,False,190.0, KOKANEE CAN,0.05,Domestic Beer,False,['On Sale'],G,National Domestic Beer,LABATT ,CA,,Domestic - BC Commercial Beer,,False,False,0,40.99,,,,,labatt - kokanee can,,2024-03-31T00:00:00.000-07:00,,Beer,[],True,1000,1006,1131,63874.439999999995,352284.03,0.426,110.30516431924883,0.9644670050761421
199,bcls,product,945543,0.25420842,LABATT - KOKANEE CAN,,,Domestic - BC Beer,,[],,30.99,False,False,,,,,[],,,945543,,[],,8544,2024-03-11 19:10:01,,15,['00062067374371'],False,,0.355,[],LABATT - KOKANEE CAN,Pilsner,Canada,False,,2,2,,,False,184.0, KOKANEE CAN,0.05,Domestic Beer,False,[],G,National Domestic Beer,LABATT ,CA,,Domestic - BC Commercial Beer,,False,False,0,30.99,,,,,labatt - kokanee can,,,,Beer,[],True,1000,1006,1131,45496.799999999996,264778.56,0.26625,116.3943661971831,0.934010152284264
200,bcls,product,909101,0.25420347,LABATT - KOOTENAY TRUE ALE CAN,,,Domestic - BC Beer,,[],True,10.99,False,False,2024-03-03T00:00:00.000-08:00,,,2024-03-03T00:00:00.000-08:00,['On Sale'],2024-03-31T00:00:00.000-07:00,,909101,True,[],,2581,2024-03-11 19:10:01,,6,['00062067123344'],False,,0.355,[],LABATT - KOOTENAY TRUE ALE CAN,Red Ale,Canada,False,,3,3,,,False,62.0, KOOTENAY TRUE ALE CAN,0.05,Domestic Beer,False,['On Sale'],G,National Domestic Beer,LABATT ,CA,,Domestic - BC Commercial Beer,,False,False,0,8.87,,,,,labatt - kootenay true ale can,,2024-03-31T00:00:00.000-07:00,,Beer,[],True,1000,1006,1131,5497.53,28365.190000000002,0.1065,103.1924882629108,0.3147208121827411
201,bcls,product,903294,0.25420842,LABATT - LUCKY LAGER,,,Domestic - BC Beer,,[],,25.29,False,False,,,,,[],,,903294,,[],,646,2024-03-11 19:10:01,,12,['00062067355028'],False,,0.341,[],LABATT - LUCKY LAGER,Lager,Canada,False,,3,3,,,False,42.0, LUCKY LAGER,0.05,Domestic Beer,False,[],SR,National Domestic Beer,LABATT ,CA,,Domestic - BC Commercial Beer,,False,False,0,25.29,,,,,labatt - lucky lager,,,,Beer,[],True,1000,1006,1131,2643.4320000000002,16337.34,0.20460000000000003,123.60703812316713,0.2131979695431472
202,bcls,product,156315,0.25420347,LABATT - LUCKY LAGER 24 CAN,,,Domestic - BC Beer,,[],,39.99,False,False,,,,,[],,,156315,,[],,3170,2024-03-11 19:10:01,,24,['00062067355400'],False,,0.355,[],LABATT - LUCKY LAGER 24 CAN,Lager,Canada,False,,2,2,,,False,55.0, LUCKY LAGER 24 CAN,0.05,Domestic Beer,False,[],G,National Domestic Beer,LABATT ,CA,,Domestic - BC Commercial Beer,,False,False,0,39.99,,,,,labatt - lucky lager 24 can,,,,Beer,[],True,1000,1006,1131,27008.399999999998,126768.3,0.426,93.87323943661973,0.27918781725888325
203,bcls,product,687491,0.25420347,LABATT - LUCKY LAGER CAN,,,Domestic - BC Beer,,[],,14.79,False,False,,,,,[],,,687491,,[],,4959,2024-03-11 19:10:01,,8,['00062067355455'],False,,0.355,[],LABATT - LUCKY LAGER CAN,Lager,Canada,False,,2,2,,,False,97.0, LUCKY LAGER CAN,0.05,Domestic Beer,False,[],G,National Domestic Beer,LABATT ,CA,,Domestic - BC Commercial Beer,,False,False,0,14.79,,,,,labatt - lucky lager can,,,,Beer,[],True,1000,1006,1131,14083.56,73343.61,0.142,104.1549295774648,0.49238578680203043
204,bcls,product,682930,0.25420842,LABATT - LUCKY LAGER CAN,,,Domestic - BC Beer,,['Featured Products'],True,26.49,False,False,2024-03-03T00:00:00.000-08:00,,,2024-03-03T00:00:00.000-08:00,['On Sale'],2024-03-31T00:00:00.000-07:00,,682930,True,['Featured Products'],,9819,2024-03-11 19:10:01,,15,['00062067355370'],False,,0.355,[],LABATT - LUCKY LAGER CAN,Lager,Canada,False,,2,2,,,False,152.0, LUCKY LAGER CAN,0.05,Domestic Beer,False,['On Sale'],G,National Domestic Beer,LABATT ,CA,,Domestic - BC Commercial Beer,,False,False,0,25.49,,,"[{'urlAlias': '/promotion/monthly-flyer', 'name': 'Featured Products', 'promoCode': '202403FEATURESALE', 'published': True, 'shortName': ''}]","[{'urlAlias': '/promotion/monthly-flyer', 'name': 'Featured Products', 'promoCode': '202403FEATURESALE', 'published': True, 'shortName': ''}]",labatt - lucky lager can,,2024-03-31T00:00:00.000-07:00,,Beer,"[{'id': 'empty-placeholder', 'label': '&nbsp;', 'labelLengthWithoutTags': 1}, {'id': 'featured', 'label': 'FEATURED', 'labelLengthWithoutTags': 8}]",True,1000,1006,1131,52286.174999999996,260105.31,0.26625,99.49295774647888,0.7715736040609137
205,bcls,product,132010,0.25420347,LABATT - MICHELOB ULTRA 6 CAN,,,Domestic - Other Province Beer,,[],,12.49,False,False,,,,,[],,,132010,,[],,1935,2024-03-11 19:10:01,,6,['00062067377747'],False,,0.355,[],LABATT - MICHELOB ULTRA 6 CAN,Lager,Canada,False,,2,2,,,False,131.0, MICHELOB ULTRA 6 CAN,0.04,Domestic Beer,False,[],SR,National Domestic Beer,LABATT ,CA,,Domestic - Other Province Commercial Beer,,False,False,0,12.49,,,,,labatt - michelob ultra 6 can,,,,Beer,[],True,1000,1290,1138,4121.55,24168.15,0.0852,146.5962441314554,0.6649746192893401
206,bcls,product,861245,0.25420347,LABATT - WILDCAT LAGER CAN,,,Domestic - BC Beer,,[],,9.29,False,False,,,,,[],,,861245,,[],,1757,2024-03-11 19:10:01,,6,"['00062067366345', '00626990181408']",False,,0.355,[],LABATT - WILDCAT LAGER CAN,Lager,Canada,False,,2,2,,,False,77.0, WILDCAT LAGER CAN,0.061,Domestic Beer,False,[],G,National Domestic Beer,LABATT ,CA,,Domestic - BC Commercial Beer,,False,False,0,9.29,,,,,labatt - wildcat lager can,,,,Beer,[],True,1000,1006,1131,3742.41,16322.529999999999,0.12993,71.50003848225968,0.39086294416243655
207,bcls,product,905646,0.25420842,LABATT - WILDCAT STRONG CAN,,,Domestic - BC Beer,,[],,26.49,False,False,,,,,[],,,905646,,[],,1514,2024-03-11 19:10:01,,15,"['00062067366376', '00062067340376']",False,,0.355,[],LABATT - WILDCAT STRONG CAN,Lager,Canada,False,,2,2,,,False,83.0, WILDCAT STRONG CAN,0.061,Domestic Beer,False,[],G,National Domestic Beer,LABATT ,CA,,Domestic - BC Commercial Beer,,False,False,0,26.49,,,,,labatt - wildcat strong can,,,,Beer,[],True,1000,1006,1131,8062.049999999999,40105.86,0.324825,81.55160471022859,0.4213197969543147
208,bcls,product,395015,0.25420347,LAGUNITAS - IPA TALL CAN,,,Import Beer,,[],True,2.99,False,False,2024-03-03T00:00:00.000-08:00,,,2024-03-03T00:00:00.000-08:00,['On Sale'],2024-03-31T00:00:00.000-07:00,,395015,True,[],,9177,2024-03-11 19:10:01,,1,['00072890006646'],False,,0.5,[],LAGUNITAS - IPA TALL CAN,India Pale Ale,Netherlands,False,,2,2,,,False,127.0, IPA TALL CAN,0.062,Import Beer,False,['On Sale'],G,,LAGUNITAS ,NL,,Europe Beer,,False,False,0,2.49,,,,,lagunitas - ipa tall can,,2024-03-31T00:00:00.000-07:00,,Beer,[],True,1000,1007,1188,4588.5,27439.230000000003,0.031,96.45161290322581,0.6446700507614214
209,bcls,product,897967,0.25420347,LAKEFRONT - NEW GRIST GLUTEN FREE,,,Import Beer,,[],,15.79,False,False,,,,,[],,,897967,,[],,1,2024-03-11 19:10:01,,6,['00746546000684'],False,,0.355,['Kosher'],LAKEFRONT - NEW GRIST GLUTEN FREE,Gluten-free,USA,False,,2,2,,,False,1.0, NEW GRIST GLUTEN FREE,0.051,Import Beer,False,[],SR,,LAKEFRONT ,US,,USA Beer,,True,False,0,15.79,,,,,lakefront - new grist gluten free,,,,Beer,[],True,1000,1007,1195,2.13,15.79,0.10862999999999999,145.3557949001197,0.005076142131979695
210,bcls,product,388190,0.25420347,LAKEFRONT BREWERY - NEW GRIST GLUTEN FREE CAN,,,Import Beer,,[],,13.29,False,False,,,,,[],,,388190,,[],,1060,2024-03-11 19:10:01,,4,"['00746546012168', '00746546416065']",False,,0.473,[],LAKEFRONT BREWERY - NEW GRIST GLUTEN FREE CAN,Pilsner,USA,False,,2,2,,,False,112.0, NEW GRIST GLUTEN FREE CAN,0.051,Import Beer,False,[],SR,,LAKEFRONT BREWERY ,US,,USA Beer,,False,False,0,13.29,,,,,lakefront brewery - new grist gluten free can,,,,Beer,[],True,1000,1007,1195,2005.52,14087.4,0.096492,137.7316254197239,0.5685279187817259
211,bcls,product,315457,0.25420347,LEFFE BLONDE,,,Import Beer,,[],,15.99,False,False,,,,,[],,,315457,,[],,623,2024-03-11 19:10:01,,6,"['00786150000243', '00786150000304']",False,,0.33,[],LEFFE BLONDE,Blonde Ale,Belgium,False,,2,2,,,False,68.0,LEFFE BLONDE,0.066,Import Beer,False,[],SR,,,BE,,Europe Beer,,False,False,0,15.99,,,,,leffe blonde,,,,Beer,[],True,1000,1007,1188,1233.54,9961.77,0.13068000000000002,122.35996326905416,0.34517766497461927
212,bcls,product,412601,0.25420842,LES TROIS MOUSQUETAIRES - PORTER BALTIQUE,,,Domestic - Other Province Beer,,[],,13.39,False,False,,,,,[],,,412601,,[],,329,2024-03-11 19:10:01,,1,['00877839001313'],False,,0.75,[],LES TROIS MOUSQUETAIRES - PORTER BALTIQUE,Other,Canada,False,,2,2,,,False,20.0, PORTER BALTIQUE,0.1,Domestic Beer,False,[],ST,Outside of BC Beer,LES TROIS MOUSQUETAIRES ,CA,,Domestic - Other Province Micro Brew Beer,,False,False,0,13.39,,,,,les trois mousquetaires - porter baltique,,,,Beer,[],True,1000,1290,1140,246.75,4405.31,0.07500000000000001,178.5333333333333,0.10152284263959391
213,bcls,product,128892,0.25420842,LIGHTHOUSE - RACE ROCKS ALE CAN,,,Domestic - BC Beer,,[],,14.29,True,False,,,,,[],,,128892,,[],,986,2024-03-11 19:10:01,,6,['00895778000112'],False,,0.355,[],LIGHTHOUSE - RACE ROCKS ALE CAN,Amber Ale,Canada,True,,2,2,,,False,68.0, RACE ROCKS ALE CAN,0.052000000000000005,Domestic Beer,False,[],SR,BC Craft Beer,LIGHTHOUSE ,CA,,Domestic - BC Micro Brew Beer,,False,False,0,14.29,,,,,lighthouse - race rocks ale can,,,,Beer,[],True,1000,1006,1133,2100.18,14089.939999999999,0.11076,129.01769591910437,0.34517766497461927
214,bcls,product,79231,0.25420842,LIGHTHOUSE - SEAPORT VANILLA STOUT TALL CAN,,,Domestic - BC Beer,,[],True,14.29,False,False,2024-03-03T00:00:00.000-08:00,,,2024-03-03T00:00:00.000-08:00,['On Sale'],2024-03-31T00:00:00.000-07:00,,79231,True,[],,358,2024-03-11 19:10:01,,4,['00628216000524'],False,,0.473,[],LIGHTHOUSE - SEAPORT VANILLA STOUT TALL CAN,Stout,Canada,True,,3,3,,,False,57.0, SEAPORT VANILLA STOUT TALL CAN,0.055,Domestic Beer,False,['On Sale'],SH,BC Craft Beer,LIGHTHOUSE ,CA,,Domestic - BC Micro Brew Beer,,False,False,0,11.87,,,,,lighthouse - seaport vanilla stout tall can,,2024-03-31T00:00:00.000-07:00,,Beer,[],True,1000,1006,1133,677.336,5115.82,0.10406,137.32462041130117,0.2893401015228426
215,bcls,product,97105,0.25420842,LIGHTHOUSE - SHIPWRECK IPA CAN,,,Domestic - BC Beer,,[],True,14.99,True,False,2024-03-03T00:00:00.000-08:00,,,2024-03-03T00:00:00.000-08:00,['On Sale'],2024-03-31T00:00:00.000-07:00,,97105,True,[],,1586,2024-03-11 19:10:01,,6,['00895778000273'],False,,0.355,[],LIGHTHOUSE - SHIPWRECK IPA CAN,Other,Canada,True,,2,2,,,False,134.0, SHIPWRECK IPA CAN,0.065,Domestic Beer,False,['On Sale'],SR,BC Craft Beer,LIGHTHOUSE ,CA,,Domestic - BC Micro Brew Beer,,False,False,0,13.99,,,,,lighthouse - shipwreck ipa can,,2024-03-31T00:00:00.000-07:00,,Beer,[],True,1000,1006,1133,3378.18,23774.14,0.13845,108.2701336222463,0.6802030456852792
216,bcls,product,2852,0.25420842,LIGHTHOUSE BREWING COMPANY - DEPTH CHARGE OAK AGED ALE,,,Domestic - BC Beer,,[],,8.89,False,False,,,,,[],,,2852,,[],,148,2024-03-11 19:10:01,,1,"['08957780006802', '00895778000686']",False,,0.65,[],LIGHTHOUSE BREWING COMPANY - DEPTH CHARGE OAK AGED ALE,Strong Ale,Canada,True,,2,2,,,False,11.0, DEPTH CHARGE OAK AGED ALE,0.1,Domestic Beer,False,[],ST,BC Craft Beer,LIGHTHOUSE BREWING COMPANY ,CA,,Domestic - BC Micro Brew Beer,,False,False,0,8.89,,,,,lighthouse brewing company - depth charge oak aged ale,,,,Beer,[],True,1000,1006,1133,96.2,1315.72,0.065,136.76923076923077,0.05583756345177665
217,bcls,product,110659,0.25420842,MAIN STREET BREWING COMPANY - NAKED FOX IPA TALL CAN,,,Domestic - BC Beer,,[],,14.29,False,False,,,,,[],,,110659,,[],,734,2024-03-11 19:10:01,,4,['00626990290155'],False,,0.473,[],MAIN STREET BREWING COMPANY - NAKED FOX IPA TALL CAN,India Pale Ale,Canada,True,,2,2,,,False,53.0, NAKED FOX IPA TALL CAN,0.068,Domestic Beer,False,[],SR,BC Craft Beer,MAIN STREET BREWING COMPANY ,CA,,Domestic - BC Micro Brew Beer,,False,False,0,14.29,,,,,main street brewing company - naked fox ipa tall can,,,,Beer,[],True,1000,1006,1133,1388.7279999999998,10488.859999999999,0.128656,111.07138415619947,0.26903553299492383
218,bcls,product,161273,0.25420842,MARTENS PILSENER TALL CAN,,,Import Beer,,[],,7.79,False,False,,,,,[],,,161273,,[],,0,2024-03-11 19:10:01,,4,"['05411616000691', '05411616000059']",False,,0.5,[],MARTENS PILSENER TALL CAN,Pilsner,Belgium,False,,2,2,,,False,,MARTENS PILSENER TALL CAN,0.05,Import Beer,False,[],SR,,,BE,,Europe Beer,,False,False,0,7.79,,,,,martens pilsener tall can,,,,Beer,[],True,1000,1007,1188,0.0,0.0,0.1,77.89999999999999,
219,bcls,product,236585,0.25420347,MICHELOB - ULTRA SLEEK 24 CAN,,,Domestic - Other Province Beer,,[],,48.49,False,False,,,,,[],,,236585,,[],,1857,2024-03-11 19:10:01,,24,"['00062067547874', '00062067375828']",False,,0.355,[],MICHELOB - ULTRA SLEEK 24 CAN,Lager,Canada,False,,2,2,,,False,85.0, ULTRA SLEEK 24 CAN,0.04,Domestic Beer,False,[],SR,National Domestic Beer,MICHELOB ,CA,,Domestic - Other Province Commercial Beer,,False,False,0,48.49,,,,,michelob - ultra sleek 24 can,,,,Beer,[],True,1000,1290,1138,15821.64,90045.93000000001,0.3408,142.28286384976528,0.43147208121827413
220,bcls,product,233737,0.25420842,MICHELOB - ULTRA SLEEK CAN,,,Domestic - Other Province Beer,,[],,32.49,False,False,,,,,[],,,233737,,[],,3015,2024-03-11 19:10:01,,15,['00062067376184'],False,,0.355,[],MICHELOB - ULTRA SLEEK CAN,Lager,Canada,False,,2,2,,,False,161.0, ULTRA SLEEK CAN,0.04,Domestic Beer,False,[],G,National Domestic Beer,MICHELOB ,CA,,Domestic - Other Province Commercial Beer,,False,False,0,32.49,,,,,michelob - ultra sleek can,,,,Beer,[],True,1000,1290,1138,16054.874999999998,97957.35,0.21299999999999997,152.53521126760566,0.817258883248731
221,bcls,product,170682,0.25420842,MICHELOB - ULTRA SLEEK TALL CAN,,,Domestic - Other Province Beer,,[],True,3.19,False,False,2024-03-03T00:00:00.000-08:00,,,2024-03-03T00:00:00.000-08:00,['On Sale'],2024-03-31T00:00:00.000-07:00,,170682,True,[],,4746,2024-03-11 19:10:01,,1,['00062067547355'],False,,0.473,[],MICHELOB - ULTRA SLEEK TALL CAN,Lager,Canada,False,,2,2,,,False,69.0, ULTRA SLEEK TALL CAN,0.04,Domestic Beer,False,['On Sale'],SR,National Domestic Beer,MICHELOB ,CA,,Domestic - Other Province Commercial Beer,,False,False,0,2.89,,,,,michelob - ultra sleek tall can,,2024-03-31T00:00:00.000-07:00,,Beer,[],True,1000,1290,1138,2244.8579999999997,15139.74,0.01892,168.6046511627907,0.350253807106599
222,bcls,product,145210,0.25420347,MILLER GENUINE DRAFT,,,Domestic - Other Province Beer,,[],,42.99,False,False,,,,,[],,,145210,,[],,1329,2024-03-11 19:10:01,,18,['00056327012394'],False,,0.355,[],MILLER GENUINE DRAFT,Lager,Canada,False,,2,2,,,False,62.0,MILLER GENUINE DRAFT,0.047,Domestic Beer,False,[],SR,National Domestic Beer,,CA,,Domestic - Other Province Commercial Beer,,False,False,0,42.99,,,,,miller genuine draft,,,,Beer,[],True,1000,1290,1138,8492.31,57133.71,0.30033,143.1425432024773,0.3147208121827411
223,bcls,product,145207,0.25420842,MILLER GENUINE DRAFT,,,Domestic - Other Province Beer,,[],,28.99,False,False,,,,,[],,,145207,,[],,3417,2024-03-11 19:10:01,,12,['00056327012370'],False,,0.355,[],MILLER GENUINE DRAFT,Lager,Canada,False,,2,2,,,False,192.0,MILLER GENUINE DRAFT,0.047,Domestic Beer,False,[],G,National Domestic Beer,,CA,,Domestic - Other Province Commercial Beer,,False,False,0,28.99,,,,,miller genuine draft,,,,Beer,[],True,1000,1290,1138,14556.42,99058.83,0.20021999999999998,144.79073019678356,0.9746192893401016
224,bcls,product,145216,0.25420842,MILLER GENUINE DRAFT,,,Domestic - Other Province Beer,,[],,14.99,False,False,,,,,[],,,145216,,[],,2173,2024-03-11 19:10:01,,6,"['00056327012387', '00056327012417']",False,,0.355,[],MILLER GENUINE DRAFT,Lager,Canada,False,,2,2,,,False,151.0,MILLER GENUINE DRAFT,0.047,Domestic Beer,False,[],G,National Domestic Beer,,CA,,Domestic - Other Province Commercial Beer,,False,False,0,14.99,,,,,miller genuine draft,,,,Beer,[],True,1000,1290,1138,4628.49,32573.27,0.10010999999999999,149.73529117970233,0.766497461928934
225,bcls,product,695023,0.25420347,MILLER GENUINE DRAFT - CAN,,,Domestic - BC Beer,,[],True,30.49,False,False,2024-03-03T00:00:00.000-08:00,,,2024-03-03T00:00:00.000-08:00,['On Sale'],2024-03-31T00:00:00.000-07:00,,695023,True,[],,1976,2024-03-11 19:10:01,,15,"['00056327533271', '00056327012271']",False,,0.355,[],MILLER GENUINE DRAFT - CAN,Lager,Canada,False,,2,2,,,False,104.0, CAN,0.047,Domestic Beer,False,['On Sale'],G,National Domestic Beer,MILLER GENUINE DRAFT ,CA,,Domestic - BC Commercial Beer,,False,False,0,28.49,,,,,miller genuine draft - can,,2024-03-31T00:00:00.000-07:00,,Beer,[],True,1000,1006,1131,10522.199999999999,60248.24,0.25027499999999997,121.82599140944961,0.5279187817258884
226,bcls,product,261597,0.25420347,MILLER HIGH LIFE,,,Domestic - Other Province Beer,,[],,21.49,False,False,,,,,[],,,261597,,[],,2165,2024-03-11 19:10:01,,12,['00056327017665'],False,,0.355,[],MILLER HIGH LIFE,Lager,Canada,False,,2,2,,,False,123.0,MILLER HIGH LIFE,0.046,Domestic Beer,False,[],SR,National Domestic Beer,,CA,,Domestic - Other Province Commercial Beer,,False,False,0,21.49,,,,,miller high life,,,,Beer,[],True,1000,1290,1138,9222.9,46525.85,0.19596,109.66523780363339,0.6243654822335025
227,bcls,product,120799,0.25420842,MILLER HIGH LIFE - CAN,,,Domestic - BC Beer,,[],,26.49,False,False,,,,,[],,,120799,,[],,3153,2024-03-11 19:10:01,,15,['00056327012066'],False,,0.355,[],MILLER HIGH LIFE - CAN,Lager,Canada,False,,2,2,,,False,153.0, CAN,0.046,Domestic Beer,False,[],G,National Domestic Beer,MILLER HIGH LIFE ,CA,,Domestic - BC Commercial Beer,,False,False,0,26.49,,,,,miller high life - can,,,,Beer,[],True,1000,1006,1131,16789.725,83522.97,0.24494999999999997,108.14451928965096,0.7766497461928934
228,bcls,product,145222,0.25420842,MILLER LITE - CAN,,,Domestic - Other Province Beer,,[],,30.99,False,False,,,,,[],,,145222,,[],,2024,2024-03-11 19:10:01,,15,['00056327012103'],False,,0.355,[],MILLER LITE - CAN,Lager,Canada,False,,2,2,,,False,109.0, CAN,0.04,Domestic Beer,False,[],G,National Domestic Beer,MILLER LITE ,CA,,Domestic - Other Province Commercial Beer,,False,False,0,30.99,,,,,miller lite - can,,,,Beer,[],True,1000,1290,1138,10777.8,62723.759999999995,0.21299999999999997,145.49295774647888,0.5532994923857868
229,bcls,product,6619,0.25420842,MODELO ESPECIAL,,,Import Beer,,[],,16.49,False,False,,,,,[],,,6619,,[],,712,2024-03-11 19:10:01,,6,['07501064196379'],False,,0.355,[],MODELO ESPECIAL,Pilsner,Mexico,False,,2,2,,,False,80.0,MODELO ESPECIAL,0.044000000000000004,Import Beer,False,[],SR,,,MX,,Mexico And Caribbean Beer,,False,False,0,16.49,,,,,modelo especial,,,,Beer,[],True,1000,1007,1191,1516.56,11740.88,0.09372,175.94963721724284,0.40609137055837563
230,bcls,product,689018,0.25420842,MODELO ESPECIAL,,,Import Beer,,[],True,33.49,False,False,2024-03-03T00:00:00.000-08:00,,,2024-03-03T00:00:00.000-08:00,['On Sale'],2024-03-31T00:00:00.000-07:00,,689018,True,[],,2095,2024-03-11 19:10:01,,12,['07501064196362'],False,,0.355,[],MODELO ESPECIAL,Pilsner,Mexico,False,,2,2,,,False,113.0,MODELO ESPECIAL,0.044000000000000004,Import Beer,False,['On Sale'],SR,,,MX,,Mexico And Caribbean Beer,,False,False,0,30.49,,,,,modelo especial,,2024-03-31T00:00:00.000-07:00,,Beer,[],True,1000,1007,1191,8924.699999999999,70161.55,0.18744,178.67050789586003,0.5736040609137056
231,bcls,product,104083,0.25420347,MOLSON - CANADIAN CAN,,,Domestic - BC Beer,,[],,15.79,False,False,,,,,[],,,104083,,[],,4278,2024-03-11 19:10:01,,8,"['00056327018112', '00056327073203']",False,,0.355,[],MOLSON - CANADIAN CAN,Lager,Canada,False,,2,2,,,False,177.0, CANADIAN CAN,0.05,Domestic Beer,False,[],SR,National Domestic Beer,MOLSON ,CA,,Domestic - BC Commercial Beer,,False,False,0,15.79,,,,,molson - canadian can,,,,Beer,[],True,1000,1006,1131,12149.519999999999,67549.62,0.142,111.19718309859155,0.8984771573604061
232,bcls,product,447052,0.25420347,MOLSON - CANADIAN CAN,,,Domestic - BC Beer,,[],True,63.99,False,False,2024-03-03T00:00:00.000-08:00,,,2024-03-03T00:00:00.000-08:00,"['BCL Select', 'On Sale']",2024-03-31T00:00:00.000-07:00,,447052,True,[],,2366,2024-03-11 19:10:01,,36,['00056327005648'],False,,0.355,[],MOLSON - CANADIAN CAN,Lager,Canada,False,,2,2,,,False,119.0, CANADIAN CAN,0.05,Domestic Beer,True,"['BCL Select', 'On Sale']",C,National Domestic Beer,MOLSON ,CA,,Domestic - BC Commercial Beer,,False,False,0,56.49,,,,,molson - canadian can,,2024-03-31T00:00:00.000-07:00,,Beer,"[{'id': 'empty-placeholder', 'label': '&nbsp;', 'labelLengthWithoutTags': 1}, {'id': 'exclusive', 'label': 'ONLY@BCL', 'labelLengthWithoutTags': 8}]",True,1000,1006,1131,30237.48,151400.34,0.639,100.14084507042254,0.6040609137055838
233,bcls,product,905844,0.25420842,MOLSON - CANADIAN CAN,,,Domestic - BC Beer,,[],,44.99,False,False,,,,,[],,,905844,,[],,9872,2024-03-11 19:10:01,,24,['00056327073241'],False,,0.355,[],MOLSON - CANADIAN CAN,Lager,Canada,False,,2,2,,,False,186.0, CANADIAN CAN,0.05,Domestic Beer,False,[],G,National Domestic Beer,MOLSON ,CA,,Domestic - BC Commercial Beer,,False,False,0,44.99,,,,,molson - canadian can,,,,Beer,[],True,1000,1006,1131,84109.44,444141.28,0.426,105.61032863849766,0.9441624365482234
234,bcls,product,923318,0.25420842,MOLSON - CANADIAN CAN,,,Domestic - BC Beer,,[],True,29.49,False,False,2024-03-03T00:00:00.000-08:00,,,2024-03-03T00:00:00.000-08:00,['On Sale'],2024-03-31T00:00:00.000-07:00,,923318,True,[],,7567,2024-03-11 19:10:01,,15,['00056327073272'],False,,0.355,[],MOLSON - CANADIAN CAN,Lager,Canada,False,,2,2,,,False,188.0, CANADIAN CAN,0.05,Domestic Beer,False,['On Sale'],G,National Domestic Beer,MOLSON ,CA,,Domestic - BC Commercial Beer,,False,False,0,27.49,,,,,molson - canadian can,,2024-03-31T00:00:00.000-07:00,,Beer,[],True,1000,1006,1131,40294.274999999994,223150.83,0.26625,110.7605633802817,0.9543147208121827
235,bcls,product,127563,0.25420347,MOLSON - CANADIAN TALL CAN,,,Domestic - BC Beer,,[],,3.99,False,False,,,,,[],,,127563,,[],,1667,2024-03-11 19:10:01,,1,"['00056327006010', '00068213034519']",False,,0.71,[],MOLSON - CANADIAN TALL CAN,Lager,Canada,False,,2,2,,,False,68.0, CANADIAN TALL CAN,0.05,Domestic Beer,False,[],SR,National Domestic Beer,MOLSON ,CA,,Domestic - BC Commercial Beer,,False,False,0,3.99,,,,,molson - canadian tall can,,,,Beer,[],True,1000,1006,1131,1183.57,6651.33,0.0355,112.39436619718312,0.34517766497461927
236,bcls,product,904375,0.25420347,MOLSON CANADIAN,,,Domestic - BC Beer,,[],,37.99,False,False,,,,,[],,,904375,,[],,16,2024-03-11 19:10:01,,18,['00056327072565'],False,,0.341,[],MOLSON CANADIAN,Lager,Canada,False,,2,2,,,False,3.0,MOLSON CANADIAN,0.05,Domestic Beer,False,[],SR,National Domestic Beer,,CA,,Domestic - BC Commercial Beer,,False,False,0,37.99,,,,,molson canadian,,,,Beer,[],True,1000,1006,1131,98.20800000000001,607.84,0.30690000000000006,123.78624959270118,0.015228426395939087
237,bcls,product,900118,0.25420842,MOLSON CANADIAN,,,Domestic - BC Beer,,[],True,26.49,False,False,2024-03-03T00:00:00.000-08:00,,,2024-03-03T00:00:00.000-08:00,['On Sale'],2024-03-31T00:00:00.000-07:00,,900118,True,[],,2135,2024-03-11 19:10:01,,12,['00056327072558'],False,,0.341,[],MOLSON CANADIAN,Lager,Canada,False,,2,2,,,False,145.0,MOLSON CANADIAN,0.05,Domestic Beer,False,['On Sale'],SR,National Domestic Beer,,CA,,Domestic - BC Commercial Beer,,False,False,0,25.49,,,,,molson canadian,,2024-03-31T00:00:00.000-07:00,,Beer,[],True,1000,1006,1131,8736.420000000002,56556.149999999994,0.20460000000000003,129.4721407624633,0.7360406091370558
238,bcls,product,102093,0.25420347,MOLSON ULTRA - CAN,,,Domestic - Other Province Beer,,[],True,31.49,False,False,2024-03-03T00:00:00.000-08:00,,,2024-03-03T00:00:00.000-08:00,['On Sale'],2024-03-31T00:00:00.000-07:00,,102093,True,[],,3137,2024-03-11 19:10:01,,15,['00056327016163'],False,,0.355,[],MOLSON ULTRA - CAN,Lager,Canada,False,,2,2,,,False,151.0, CAN,0.03,Domestic Beer,False,['On Sale'],SR,National Domestic Beer,MOLSON ULTRA ,CA,,Domestic - Other Province Commercial Beer,,False,False,0,29.49,,,,,molson ultra - can,,2024-03-31T00:00:00.000-07:00,,Beer,[],True,1000,1290,1138,16704.524999999998,98784.12999999999,0.15974999999999998,197.12050078247265,0.766497461928934
239,bcls,product,201985,0.25420347,MOODY ALES - LAVENDER SOUR TALL CAN,,,Domestic - BC Beer,,['Spring into Fresh Flavours'],True,13.99,True,False,2024-03-03T00:00:00.000-08:00,,,2024-03-03T00:00:00.000-08:00,['On Sale'],2024-03-31T00:00:00.000-07:00,,201985,True,['Spring into Fresh Flavours'],,461,2024-03-11 19:10:01,,4,['00628451091615'],False,,0.473,[],MOODY ALES - LAVENDER SOUR TALL CAN,Sour,Canada,True,,3,3,,,False,52.0, LAVENDER SOUR TALL CAN,0.048,Domestic Beer,False,['On Sale'],SR,BC Craft Beer,MOODY ALES ,CA,,Domestic - BC Micro Brew Beer,,False,False,0,11.67,,,"[{'urlAlias': '/promotion/spring', 'name': 'Spring into Fresh Flavours', 'promoCode': '2024SPRINGSEASONAL', 'published': True, 'shortName': ''}]","[{'urlAlias': '/promotion/spring', 'name': 'Spring into Fresh Flavours', 'promoCode': '2024SPRINGSEASONAL', 'published': True, 'shortName': ''}]",moody ales - lavender sour tall can,,2024-03-31T00:00:00.000-07:00,,Beer,"[{'id': 'empty-placeholder', 'label': '&nbsp;', 'labelLengthWithoutTags': 1}, {'id': 'featured', 'label': 'FEATURED', 'labelLengthWithoutTags': 8}]",True,1000,1006,1133,872.212,6449.39,0.090816,154.04774489076817,0.2639593908629442
240,bcls,product,463685,0.25420347,MOODY ALES - VIENNA LAGER TALL CAN,,,Domestic - BC Beer,,[],True,13.99,False,False,2024-03-03T00:00:00.000-08:00,,,2024-03-03T00:00:00.000-08:00,['On Sale'],2024-03-31T00:00:00.000-07:00,,463685,True,[],,525,2024-03-11 19:10:01,,4,['00628451091936'],False,,0.473,[],MOODY ALES - VIENNA LAGER TALL CAN,Dark Lager,Canada,True,,3,3,,,False,57.0, VIENNA LAGER TALL CAN,0.055,Domestic Beer,False,['On Sale'],SH,BC Craft Beer,MOODY ALES ,CA,,Domestic - BC Micro Brew Beer,,False,False,0,10.17,,,,,moody ales - vienna lager tall can,,2024-03-31T00:00:00.000-07:00,,Beer,[],True,1000,1006,1133,993.3,7344.75,0.10406,134.44166826830676,0.2893401015228426
241,bcls,product,911404,0.25420347,MOOSEHEAD LAGER,,,Domestic - Other Province Beer,,[],,26.79,False,False,,,,,[],,,911404,,[],,1759,2024-03-11 19:10:01,,12,"['00776029700282', '00072311930406']",False,,0.341,[],MOOSEHEAD LAGER,Lager,Canada,False,,2,2,,,False,114.0,MOOSEHEAD LAGER,0.05,Domestic Beer,False,[],SR,National Domestic Beer,,CA,,Domestic - Other Province Commercial Beer,,False,False,0,26.79,,,,,moosehead lager,,,,Beer,[],True,1000,1290,1138,7197.828000000001,47123.61,0.20460000000000003,130.93841642228736,0.5786802030456852
242,bcls,product,383414,0.25420842,MOOSEHEAD LAGER CAN,,,Domestic - Other Province Beer,,[],,29.29,False,False,,,,,[],,,383414,,[],,2204,2024-03-11 19:10:01,,15,['00776029701876'],False,,0.355,[],MOOSEHEAD LAGER CAN,Lager,Canada,False,,2,2,,,False,97.0,MOOSEHEAD LAGER CAN,0.05,Domestic Beer,False,[],SR,National Domestic Beer,,CA,,Domestic - Other Province Commercial Beer,,False,False,0,29.29,,,,,moosehead lager can,,,,Beer,[],True,1000,1290,1138,11736.3,64555.159999999996,0.26625,110.0093896713615,0.49238578680203043
243,bcls,product,563601,0.25420347,MORLAND OLD SPECKLED HEN TALL CAN,,,Import Beer,,[],,12.29,False,False,,,,,[],,,563601,,[],,635,2024-03-11 19:10:01,,4,"['05010549305745', '05010549305721', '05010549304977', '05023887000791', '05010549305530']",False,,0.5,[],MORLAND OLD SPECKLED HEN TALL CAN,Pale Ale,United Kingdom,False,,2,2,,,False,84.0,MORLAND OLD SPECKLED HEN TALL CAN,0.052000000000000005,Import Beer,False,[],SR,,,GB,,Europe Beer,,False,False,0,12.29,,,,,morland old speckled hen tall can,,,,Beer,[],True,1000,1007,1188,1270.0,7804.15,0.10400000000000001,118.1730769230769,0.4263959390862944
244,bcls,product,884858,0.25420842,MT BEGBIE - HIGH COUNTRY KOLSCH CAN,,,Domestic - BC Beer,,[],,13.49,True,False,,,,,[],,,884858,,[],,848,2024-03-11 19:10:01,,6,['00629216848581'],False,,0.355,[],MT BEGBIE - HIGH COUNTRY KOLSCH CAN,Altbier,Canada,True,,2,2,,,False,57.0, HIGH COUNTRY KOLSCH CAN,0.045,Domestic Beer,False,[],SR,BC Craft Beer,MT BEGBIE ,CA,,Domestic - BC Micro Brew Beer,,False,False,0,13.49,,,,,mt begbie - high country kolsch can,,,,Beer,[],True,1000,1006,1133,1806.24,11439.52,0.09584999999999999,140.74074074074076,0.2893401015228426
245,bcls,product,292656,0.25420842,MT BEGBIE - TALL TIMBER ALE CAN,,,Domestic - BC Beer,,[],True,13.49,True,False,2024-03-03T00:00:00.000-08:00,,,2024-03-03T00:00:00.000-08:00,['On Sale'],2024-03-31T00:00:00.000-07:00,,292656,True,[],,744,2024-03-11 19:10:01,,6,"['00629216411105', '00626990148913']",False,,0.355,[],MT BEGBIE - TALL TIMBER ALE CAN,Brown Ale,Canada,True,,2,2,,,False,47.0, TALL TIMBER ALE CAN,0.052000000000000005,Domestic Beer,False,['On Sale'],SR,BC Craft Beer,MT BEGBIE ,CA,,Domestic - BC Micro Brew Beer,,False,False,0,12.49,,,,,mt begbie - tall timber ale can,,2024-03-31T00:00:00.000-07:00,,Beer,[],True,1000,1006,1133,1584.72,10036.56,0.11076,121.7948717948718,0.23857868020304568
246,bcls,product,225538,0.25420842,MT. BEGBIE BREWING - ATTILA THE HONEY CAN,,,Domestic - BC Beer,,[],,14.29,True,False,,,,,[],,,225538,,[],,638,2024-03-11 19:10:01,,6,['00629216125514'],False,,0.355,[],MT. BEGBIE BREWING - ATTILA THE HONEY CAN,Pale Ale,Canada,True,,2,2,,,False,52.0, ATTILA THE HONEY CAN,0.05,Domestic Beer,False,[],SR,BC Craft Beer,MT. BEGBIE BREWING ,CA,,Domestic - BC Micro Brew Beer,,False,False,0,14.29,,,,,mt. begbie brewing - attila the honey can,,,,Beer,[],True,1000,1006,1133,1358.9399999999998,9117.019999999999,0.1065,134.17840375586854,0.2639593908629442
247,bcls,product,120501,0.25420842,NEGRA MODELO,,,Import Beer,,[],,16.49,False,False,,,,,[],,,120501,,[],,1193,2024-03-11 19:10:01,,6,['07501064192111'],False,,0.355,[],NEGRA MODELO,Dark Lager,Mexico,False,,2,2,,,False,106.0,NEGRA MODELO,0.053,Import Beer,False,[],SR,,,MX,,Mexico And Caribbean Beer,,False,False,0,16.49,,,,,negra modelo,,,,Beer,[],True,1000,1007,1191,2541.0899999999997,19672.57,0.11288999999999999,146.07139693506954,0.5380710659898477
248,bcls,product,405277,0.25420347,NELSON BREWING - HOOLIGAN PILSNER TALL CAN,,,Domestic - BC Beer,,[],True,14.79,False,False,2024-03-03T00:00:00.000-08:00,,,2024-03-03T00:00:00.000-08:00,['On Sale'],2024-03-31T00:00:00.000-07:00,,405277,True,[],,760,2024-03-11 19:10:01,,4,['00696852096324'],False,,0.473,[],NELSON BREWING - HOOLIGAN PILSNER TALL CAN,Pilsner,Canada,True,,2,2,,,False,60.0, HOOLIGAN PILSNER TALL CAN,0.05,Domestic Beer,False,['On Sale'],SR,BC Craft Beer,NELSON BREWING ,CA,,Domestic - BC Micro Brew Beer,,False,False,0,13.79,,,,,nelson brewing - hooligan pilsner tall can,,2024-03-31T00:00:00.000-07:00,,Beer,[],True,1000,1006,1133,1437.9199999999998,11240.4,0.0946,156.34249471458773,0.30456852791878175
249,bcls,product,410726,0.25420347,NELSON BREWING COMPANY - BENT POLE IPA TALL CAN,,,Domestic - BC Beer,,[],,14.79,False,False,,,,,[],,,410726,,[],,987,2024-03-11 19:10:01,,4,['00696852096317'],False,,0.473,[],NELSON BREWING COMPANY - BENT POLE IPA TALL CAN,India Pale Ale,Canada,True,,2,2,,,False,53.0, BENT POLE IPA TALL CAN,0.06,Domestic Beer,False,[],SR,BC Craft Beer,NELSON BREWING COMPANY ,CA,,Domestic - BC Micro Brew Beer,,False,False,0,14.79,,,,,nelson brewing company - bent pole ipa tall can,,,,Beer,[],True,1000,1006,1133,1867.404,14597.73,0.11352,130.28541226215646,0.26903553299492383
250,bcls,product,350494,0.25420347,NELSON BREWING COMPANY - FACEPLANT WINTER ALE TALL CAN,,,Domestic - BC Beer,,[],True,14.29,False,False,2024-03-03T00:00:00.000-08:00,,,2024-03-03T00:00:00.000-08:00,['On Sale'],2024-03-31T00:00:00.000-07:00,,350494,True,[],,1325,2024-03-11 19:10:01,,4,['00696852096294'],False,,0.473,[],NELSON BREWING COMPANY - FACEPLANT WINTER ALE TALL CAN,Brown Ale,Canada,True,,3,3,,,False,105.0, FACEPLANT WINTER ALE TALL CAN,0.06,Domestic Beer,False,['On Sale'],SH,BC Craft Beer,NELSON BREWING COMPANY ,CA,,Domestic - BC Micro Brew Beer,,False,False,0,11.97,,,,,nelson brewing company - faceplant winter ale tall can,,2024-03-31T00:00:00.000-07:00,,Beer,[],True,1000,1006,1133,2506.9,18934.25,0.11352,125.88090204369274,0.5329949238578681
251,bcls,product,345221,0.25420347,NELSON BREWING COMPANY - HAPPY CAMPER SESSION ALE TALL CAN,,,Domestic - BC Beer,,[],,14.29,False,False,,,,,[],,,345221,,[],,13,2024-03-11 19:10:01,,4,['00696852096362'],False,,0.473,[],NELSON BREWING COMPANY - HAPPY CAMPER SESSION ALE TALL CAN,Pale Ale,Canada,True,,2,2,,,False,2.0, HAPPY CAMPER SESSION ALE TALL CAN,0.042,Domestic Beer,False,[],SH,BC Craft Beer,NELSON BREWING COMPANY ,CA,,Domestic - BC Micro Brew Beer,,False,False,0,14.29,,,,,nelson brewing company - happy camper session ale tall can,,,,Beer,[],True,1000,1006,1133,24.596,185.76999999999998,0.079464,179.82986006241816,0.01015228426395939
252,bcls,product,410115,0.25420347,NELSON BREWING COMPANY - LOKI LAGER TALL CAN,,,Domestic - BC Beer,,[],,12.99,False,False,,,,,[],,,410115,,[],,897,2024-03-11 19:10:01,,4,['00696852032186'],False,,0.473,[],NELSON BREWING COMPANY - LOKI LAGER TALL CAN,Lager,Canada,True,,2,2,,,False,55.0, LOKI LAGER TALL CAN,0.047,Domestic Beer,False,[],SR,BC Craft Beer,NELSON BREWING COMPANY ,CA,,Domestic - BC Micro Brew Beer,,False,False,0,12.99,,,,,nelson brewing company - loki lager tall can,,,,Beer,[],True,1000,1006,1133,1697.124,11652.03,0.08892399999999999,146.07979847960058,0.27918781725888325
253,bcls,product,1947,0.25420842,NELSON BREWING COMPANY - VALHALLA HAZY PALE ALE TALL CAN,,,Domestic - BC Beer,,[],,14.79,True,False,,,,,[],,,1947,,[],,556,2024-03-11 19:10:01,,4,['00626990318323'],False,,0.473,[],NELSON BREWING COMPANY - VALHALLA HAZY PALE ALE TALL CAN,Pale Ale,Canada,True,,2,2,,,False,49.0, VALHALLA HAZY PALE ALE TALL CAN,0.052000000000000005,Domestic Beer,False,[],SR,BC Craft Beer,NELSON BREWING COMPANY ,CA,,Domestic - BC Micro Brew Beer,,False,False,0,14.79,,,,,nelson brewing company - valhalla hazy pale ale tall can,,,,Beer,[],True,1000,1006,1133,1051.952,8223.24,0.098384,150.32932184094975,0.24873096446700507
254,bcls,product,488460,0.25420842,NEWCASTLE BROWN ALE,,,Import Beer,,[],,16.29,False,False,,,,,[],,,488460,,[],,25,2024-03-11 19:10:01,,6,"['00088345100753', '00088345100784']",False,,0.33,[],NEWCASTLE BROWN ALE,Brown Ale,United Kingdom,False,,3,3,,,False,2.0,NEWCASTLE BROWN ALE,0.05,Import Beer,False,[],SR,,,GB,,Europe Beer,,False,False,1,16.29,,,,,newcastle brown ale,,,,Beer,[],True,1000,1007,1188,49.5,407.25,0.099,164.54545454545453,0.01015228426395939
255,bcls,product,441972,0.25420347,OFF THE RAIL BREWING - CZECHMATE PILSNER CAN,,,Domestic - BC Beer,,[],True,13.49,True,False,2024-03-03T00:00:00.000-08:00,,,2024-03-03T00:00:00.000-08:00,['On Sale'],2024-03-31T00:00:00.000-07:00,,441972,True,[],,123,2024-03-11 19:10:01,,4,['00626990223368'],False,,0.473,[],OFF THE RAIL BREWING - CZECHMATE PILSNER CAN,Pilsner,Canada,True,,3,3,,,False,16.0, CZECHMATE PILSNER CAN,0.052000000000000005,Domestic Beer,False,['On Sale'],SR,BC Craft Beer,OFF THE RAIL BREWING ,CA,,Domestic - BC Micro Brew Beer,,False,False,0,11.17,,,,,off the rail brewing - czechmate pilsner can,,2024-03-31T00:00:00.000-07:00,,Beer,[],True,1000,1006,1133,232.71599999999998,1659.27,0.098384,137.11579118555863,0.08121827411167512
256,bcls,product,479725,0.25420347,OKANAGAN SPRING - 1516 BAVARIAN LAGER CAN,,,Domestic - BC Beer,,[],,24.99,False,False,,,,,[],,,479725,,[],,8,2024-03-11 19:10:01,,12,['00056910003129'],False,,0.355,[],OKANAGAN SPRING - 1516 BAVARIAN LAGER CAN,Lager,Canada,False,,2,2,,,False,3.0, 1516 BAVARIAN LAGER CAN,0.05,Domestic Beer,False,[],G,National Domestic Beer,OKANAGAN SPRING ,CA,,Domestic - BC Commercial Beer,,False,False,0,24.99,,,,,okanagan spring - 1516 bavarian lager can,,,,Beer,[],True,1000,1006,1131,34.08,199.92,0.213,117.32394366197182,0.015228426395939087
257,bcls,product,30940,0.25420842,OKANAGAN SPRING - 1516 BAVARIAN LAGER CAN,,,Domestic - BC Beer,,[],,30.79,False,False,,,,,[],,,30940,,[],,2253,2024-03-11 19:10:01,,15,['00056910003006'],False,,0.355,[],OKANAGAN SPRING - 1516 BAVARIAN LAGER CAN,Other,Canada,False,,2,2,,,False,158.0, 1516 BAVARIAN LAGER CAN,0.05,Domestic Beer,False,[],SR,National Domestic Beer,OKANAGAN SPRING ,CA,,Domestic - BC Commercial Beer,,False,False,0,30.79,,,,,okanagan spring - 1516 bavarian lager can,,,,Beer,[],True,1000,1006,1131,11997.224999999999,69369.87,0.26625,115.64319248826291,0.8020304568527918
258,bcls,product,681858,0.25420842,OKANAGAN SPRING - PALE ALE CAN,,,Domestic - BC Beer,,[],True,24.49,False,False,2024-03-03T00:00:00.000-08:00,,,2024-03-03T00:00:00.000-08:00,['On Sale'],2024-03-31T00:00:00.000-07:00,,681858,True,[],,2188,2024-03-11 19:10:01,,12,['00056910003501'],False,,0.355,[],OKANAGAN SPRING - PALE ALE CAN,Pale Ale,Canada,False,,2,2,,,False,142.0, PALE ALE CAN,0.05,Domestic Beer,False,['On Sale'],G,National Domestic Beer,OKANAGAN SPRING ,CA,,Domestic - BC Commercial Beer,,False,False,0,22.99,,,,,okanagan spring - pale ale can,,2024-03-31T00:00:00.000-07:00,,Beer,[],True,1000,1006,1131,9320.88,53584.119999999995,0.213,114.97652582159624,0.7208121827411168
259,bcls,product,692525,0.25420347,OLD STYLE PILSNER - CAN,,,Domestic - BC Beer,,[],,14.49,False,False,,,,,[],,,692525,,[],,2792,2024-03-11 19:10:01,,8,['00056327593206'],False,,0.355,[],OLD STYLE PILSNER - CAN,Pilsner,Canada,False,,2,2,,,False,86.0, CAN,0.05,Domestic Beer,False,[],SR,National Domestic Beer,OLD STYLE PILSNER ,CA,,Domestic - BC Commercial Beer,,False,False,0,14.49,,,,,old style pilsner - can,,,,Beer,[],True,1000,1006,1131,7929.28,40456.08,0.142,102.04225352112677,0.4365482233502538
260,bcls,product,929661,0.25420347,OLD STYLE PILSNER - CAN,,,Domestic - BC Beer,,[],,26.49,False,False,,,,,[],,,929661,,[],,4236,2024-03-11 19:10:01,,15,['00056327593275'],False,,0.355,[],OLD STYLE PILSNER - CAN,Pilsner,Canada,False,,2,2,,,False,164.0, CAN,0.05,Domestic Beer,False,[],G,National Domestic Beer,OLD STYLE PILSNER ,CA,,Domestic - BC Commercial Beer,,False,False,0,26.49,,,,,old style pilsner - can,,,,Beer,[],True,1000,1006,1131,22556.699999999997,112211.64,0.26625,99.49295774647888,0.8324873096446701
261,bcls,product,681155,0.25420842,OLD STYLE PILSNER - CAN,,,Domestic - BC Beer,,[],True,39.99,False,False,2024-03-03T00:00:00.000-08:00,,,2024-03-03T00:00:00.000-08:00,['On Sale'],2024-03-31T00:00:00.000-07:00,,681155,True,[],,2249,2024-03-11 19:10:01,,24,['00056327593244'],False,,0.355,[],OLD STYLE PILSNER - CAN,Pilsner,Canada,False,,2,2,,,False,78.0, CAN,0.05,Domestic Beer,False,['On Sale'],G,National Domestic Beer,OLD STYLE PILSNER ,CA,,Domestic - BC Commercial Beer,,False,False,0,37.99,,,,,old style pilsner - can,,2024-03-31T00:00:00.000-07:00,,Beer,[],True,1000,1006,1131,19161.48,89937.51000000001,0.426,93.87323943661973,0.39593908629441626
262,bcls,product,44251,0.25420347,OLD STYLE PILSNER CAN,,,Domestic - BC Beer,,[],,54.99,False,False,,,,,['BCL Select'],,,44251,,[],,1262,2024-03-11 19:10:01,,36,['00056327012660'],False,,0.355,[],OLD STYLE PILSNER CAN,Lager,Canada,False,,2,2,,,False,110.0,OLD STYLE PILSNER CAN,0.05,Domestic Beer,True,['BCL Select'],C,National Domestic Beer,,CA,,Domestic - BC Commercial Beer,,False,False,0,54.99,,,,,old style pilsner can,,,,Beer,"[{'id': 'empty-placeholder', 'label': '&nbsp;', 'labelLengthWithoutTags': 1}, {'id': 'exclusive', 'label': 'ONLY@BCL', 'labelLengthWithoutTags': 8}]",True,1000,1006,1131,16128.359999999999,69397.38,0.639,86.05633802816901,0.5583756345177665
263,bcls,product,364310,0.25420347,OLD YALE BREWING -  AMBER ALE MIX PACK TALL CAN,,,Domestic - BC Beer,,[],True,16.29,False,False,2024-03-03T00:00:00.000-08:00,,,2024-03-03T00:00:00.000-08:00,['On Sale'],2024-03-31T00:00:00.000-07:00,,364310,True,[],,327,2024-03-11 19:10:01,,4,['00878830000510'],False,,0.473,[],OLD YALE BREWING -  AMBER ALE MIX PACK TALL CAN,Variety Pack,Canada,True,,3,3,,,False,42.0,  AMBER ALE MIX PACK TALL CAN,0.05,Domestic Beer,False,['On Sale'],SH,BC Craft Beer,OLD YALE BREWING ,CA,,Domestic - BC Micro Brew Beer,,False,False,0,13.37,,,,,old yale brewing -  amber ale mix pack tall can,,2024-03-31T00:00:00.000-07:00,,Beer,[],True,1000,1006,1133,618.684,5326.83,0.0946,172.19873150105707,0.2131979695431472
264,bcls,product,288605,0.25420842,OLD YALE BREWING - SASQUATCH STOUT,,,Domestic - BC Beer,,[],True,8.09,True,False,2024-03-03T00:00:00.000-08:00,,,2024-03-03T00:00:00.000-08:00,['On Sale'],2024-03-31T00:00:00.000-07:00,,288605,True,[],,708,2024-03-11 19:10:01,,1,"['00626990038528', '00628451202042']",False,,0.65,[],OLD YALE BREWING - SASQUATCH STOUT,Stout,Canada,True,,3,3,,,False,59.0, SASQUATCH STOUT,0.05,Domestic Beer,False,['On Sale'],SR,BC Craft Beer,OLD YALE BREWING ,CA,,Domestic - BC Micro Brew Beer,,False,False,0,6.57,,,,,old yale brewing - sasquatch stout,,2024-03-31T00:00:00.000-07:00,,Beer,[],True,1000,1006,1133,460.2,5727.72,0.0325,248.9230769230769,0.29949238578680204
265,bcls,product,375986,0.25420347,OLE COCKTAIL CO - MARGARITA MOCKTAIL,,,De-Alcoholized Product,,[],True,13.49,,,2024-03-03T00:00:00.000-08:00,,,2024-03-03T00:00:00.000-08:00,['On Sale'],2024-03-31T00:00:00.000-07:00,,375986,True,[],,1430,2024-03-11 19:10:01,,4,['00628942141133'],False,,0.355,[],OLE COCKTAIL CO - MARGARITA MOCKTAIL,,Canada,False,,2,2,,,False,135.0, MARGARITA MOCKTAIL,0.0004,De-Alcoholized Beer,False,['On Sale'],SH,,OLE COCKTAIL CO ,CA,,Beer And Refreshment De-Alcoholized Product,,False,False,0,12.49,,,,,ole cocktail co - margarita mocktail,,2024-03-31T00:00:00.000-07:00,,General Merchandise,[],True,1000,1009,1128,2030.6,19290.7,0.000568,23750.0,0.6852791878172588
266,bcls,product,2907,0.25420347,OMISSION ULTIMATE GOLDEN ALE,,,Import Beer,,[],True,16.79,False,False,2024-03-03T00:00:00.000-08:00,,,2024-03-03T00:00:00.000-08:00,['On Sale'],2024-03-31T00:00:00.000-07:00,,2907,True,[],,407,2024-03-11 19:10:01,,6,['00702770081011'],False,,0.355,[],OMISSION ULTIMATE GOLDEN ALE,Lager,USA,False,,2,2,,,False,53.0,OMISSION ULTIMATE GOLDEN ALE,0.046,Import Beer,False,['On Sale'],SR,,,US,,USA Beer,,False,False,0,15.79,,,,,omission ultimate golden ale,,2024-03-31T00:00:00.000-07:00,,Beer,[],True,1000,1007,1195,866.91,6833.53,0.09798,171.36150234741783,0.26903553299492383
267,bcls,product,33170,0.25420842,PABST BLUE RIBBON - CAN,,,Domestic - BC Beer,,[],True,39.99,False,False,2024-03-03T00:00:00.000-08:00,,,2024-03-03T00:00:00.000-08:00,['On Sale'],2024-03-31T00:00:00.000-07:00,,33170,True,[],,2468,2024-03-11 19:10:01,,24,['00056910403233'],False,,0.355,[],PABST BLUE RIBBON - CAN,Lager,Canada,False,,2,2,,,False,97.0, CAN,0.049,Domestic Beer,False,['On Sale'],G,National Domestic Beer,PABST BLUE RIBBON ,CA,,Domestic - BC Commercial Beer,,False,False,0,38.49,,,,,pabst blue ribbon - can,,2024-03-31T00:00:00.000-07:00,,Beer,[],True,1000,1006,1131,21027.36,98695.32,0.41748,95.78901983328542,0.49238578680203043
268,bcls,product,929141,0.25420347,PACIFIC WESTERN - CANTERBURY DARK MILD CAN,,,Domestic - BC Beer,,[],True,20.49,False,False,2024-03-03T00:00:00.000-08:00,,,2024-03-03T00:00:00.000-08:00,['On Sale'],2024-03-31T00:00:00.000-07:00,,929141,True,[],,1628,2024-03-11 19:10:01,,12,['00774558001450'],False,,0.355,[],PACIFIC WESTERN - CANTERBURY DARK MILD CAN,Dark Lager,Canada,True,,2,2,,,False,118.0, CANTERBURY DARK MILD CAN,0.05,Domestic Beer,False,['On Sale'],SR,BC Craft Beer,PACIFIC WESTERN ,CA,,Domestic - BC Regional Beer,,False,False,0,18.99,,,,,pacific western - canterbury dark mild can,,2024-03-31T00:00:00.000-07:00,,Beer,[],True,1000,1006,1135,6935.28,33357.719999999994,0.213,96.19718309859154,0.5989847715736041
269,bcls,product,364679,0.25420842,PACIFIC WESTERN - CARIBOO BLONDE CAN,,,Domestic - BC Beer,,[],,9.29,False,False,,,,,[],,,364679,,[],,2875,2024-03-11 19:10:01,,6,['00774558001306'],False,,0.355,[],PACIFIC WESTERN - CARIBOO BLONDE CAN,Blonde Ale,Canada,True,,2,2,,,False,120.0, CARIBOO BLONDE CAN,0.055,Domestic Beer,False,[],SR,BC Craft Beer,PACIFIC WESTERN ,CA,,Domestic - BC Regional Beer,,False,False,0,9.29,,,,,pacific western - cariboo blonde can,,,,Beer,[],True,1000,1006,1135,6123.75,26708.749999999996,0.11714999999999999,79.30004268032437,0.6091370558375635
270,bcls,product,118726,0.25420347,PACIFIC WESTERN - CARIBOO GENUINE 24 PACK CAN,,,Domestic - BC Beer,,[],,32.99,False,False,,,,,[],,,118726,,[],,3223,2024-03-11 19:10:01,,24,['00774558000484'],False,,0.355,[],PACIFIC WESTERN - CARIBOO GENUINE 24 PACK CAN,Lager,Canada,True,,2,2,,,False,105.0, CARIBOO GENUINE 24 PACK CAN,0.055,Domestic Beer,False,[],SR,BC Craft Beer,PACIFIC WESTERN ,CA,,Domestic - BC Regional Beer,,False,False,0,32.99,,,,,pacific western - cariboo genuine 24 pack can,,,,Beer,[],True,1000,1006,1135,27459.96,106326.77,0.46859999999999996,70.40119504908239,0.5329949238578681
271,bcls,product,63149,0.25420842,PACIFIC WESTERN - CARIBOO GENUINE DRAFT CAN,,,Domestic - BC Beer,,[],,9.29,False,False,,,,,[],,,63149,,[],,9583,2024-03-11 19:10:01,,6,['00774558001122'],False,,0.355,[],PACIFIC WESTERN - CARIBOO GENUINE DRAFT CAN,Lager,Canada,True,,2,2,,,False,184.0, CARIBOO GENUINE DRAFT CAN,0.055,Domestic Beer,False,[],G,BC Craft Beer,PACIFIC WESTERN ,CA,,Domestic - BC Regional Beer,,False,False,0,9.29,,,,,pacific western - cariboo genuine draft can,,,,Beer,[],True,1000,1006,1135,20411.789999999997,89026.06999999999,0.11714999999999999,79.30004268032437,0.934010152284264
272,bcls,product,361527,0.25420842,PACIFIC WESTERN - CARIBOO GENUINE DRAFT CAN,,,Domestic - BC Beer,,[],,17.79,False,False,,,,,[],,,361527,,[],,4408,2024-03-11 19:10:01,,12,['00774558001139'],False,,0.355,[],PACIFIC WESTERN - CARIBOO GENUINE DRAFT CAN,Lager,Canada,True,,2,2,,,False,160.0, CARIBOO GENUINE DRAFT CAN,0.055,Domestic Beer,False,[],G,BC Craft Beer,PACIFIC WESTERN ,CA,,Domestic - BC Regional Beer,,False,False,0,17.79,,,,,pacific western - cariboo genuine draft can,,,,Beer,[],True,1000,1006,1135,18778.079999999998,78418.31999999999,0.23429999999999998,75.92829705505763,0.8121827411167513
273,bcls,product,131854,0.25420347,PACIFIC WESTERN - CARIBOO HONEY LAGER CAN,,,Domestic - BC Beer,,[],True,9.29,False,False,2024-03-03T00:00:00.000-08:00,,,2024-03-03T00:00:00.000-08:00,['On Sale'],2024-03-31T00:00:00.000-07:00,,131854,True,[],,3197,2024-03-11 19:10:01,,6,['00774558000507'],False,,0.355,[],PACIFIC WESTERN - CARIBOO HONEY LAGER CAN,Lager,Canada,True,,2,2,,,False,123.0, CARIBOO HONEY LAGER CAN,0.055,Domestic Beer,False,['On Sale'],SR,BC Craft Beer,PACIFIC WESTERN ,CA,,Domestic - BC Regional Beer,,False,False,0,8.29,,,,,pacific western - cariboo honey lager can,,2024-03-31T00:00:00.000-07:00,,Beer,[],True,1000,1006,1135,6809.61,29700.129999999997,0.11714999999999999,79.30004268032437,0.6243654822335025
274,bcls,product,888990,0.25420842,PACIFIC WESTERN - CARIBOO MALT CAN,,,Domestic - BC Beer,,[],,8.29,False,False,,,,,[],,,888990,,[],,6304,2024-03-11 19:10:01,,6,['00774558002853'],False,,0.355,[],PACIFIC WESTERN - CARIBOO MALT CAN,Other,Canada,True,,2,2,,,False,123.0, CARIBOO MALT CAN,0.08,Domestic Beer,False,[],G,BC Craft Beer,PACIFIC WESTERN ,CA,,Domestic - BC Regional Beer,,False,False,0,8.29,,,,,pacific western - cariboo malt can,,,,Beer,[],True,1000,1006,1135,13427.519999999999,52260.159999999996,0.1704,48.65023474178403,0.6243654822335025
275,bcls,product,922633,0.25420347,PACIFIC WESTERN - IRONHORSE ORIGINAL CAN,,,Domestic - BC Beer,,[],,8.29,False,False,,,,,[],,,922633,,[],,1819,2024-03-11 19:10:01,,6,['00774558002006'],False,,0.355,[],PACIFIC WESTERN - IRONHORSE ORIGINAL CAN,Lager,Canada,True,,2,2,,,False,57.0, IRONHORSE ORIGINAL CAN,0.064,Domestic Beer,False,[],SR,BC Craft Beer,PACIFIC WESTERN ,CA,,Domestic - BC Regional Beer,,False,False,0,8.29,,,,,pacific western - ironhorse original can,,,,Beer,[],True,1000,1006,1135,3874.47,15079.509999999998,0.13632,60.81279342723004,0.2893401015228426
276,bcls,product,188342,0.25420347,PACIFIC WESTERN - PACIFIC PILSNER CAN,,,Domestic - BC Beer,,[],,32.99,False,False,,,,,[],,,188342,,[],,1676,2024-03-11 19:10:01,,24,"['07745580007508', '00774558000750']",False,,0.355,[],PACIFIC WESTERN - PACIFIC PILSNER CAN,Pilsner,Canada,True,,2,2,,,False,105.0, PACIFIC PILSNER CAN,0.05,Domestic Beer,False,[],G,BC Craft Beer,PACIFIC WESTERN ,CA,,Domestic - BC Regional Beer,,False,False,0,32.99,,,,,pacific western - pacific pilsner can,,,,Beer,[],True,1000,1006,1135,14279.519999999999,55291.240000000005,0.426,77.44131455399062,0.5329949238578681
277,bcls,product,729665,0.25420347,PACIFIC WESTERN - PACIFIC PILSNER CAN,,,Domestic - BC Beer,,[],,20.99,False,False,,,,,[],,,729665,,[],,3892,2024-03-11 19:10:01,,15,['00774558001351'],False,,0.355,[],PACIFIC WESTERN - PACIFIC PILSNER CAN,Pilsner,Canada,True,,2,2,,,False,123.0, PACIFIC PILSNER CAN,0.05,Domestic Beer,False,[],G,BC Craft Beer,PACIFIC WESTERN ,CA,,Domestic - BC Regional Beer,,False,False,0,20.99,,,,,pacific western - pacific pilsner can,,,,Beer,[],True,1000,1006,1135,20724.899999999998,81693.07999999999,0.26625,78.83568075117371,0.6243654822335025
278,bcls,product,905000,0.25420347,PACIFIC WESTERN - PACIFIC PILSNER CAN,,,Domestic - BC Beer,,[],,9.29,False,False,,,,,[],,,905000,,[],,2257,2024-03-11 19:10:01,,6,['00774558000606'],False,,0.355,[],PACIFIC WESTERN - PACIFIC PILSNER CAN,Pilsner,Canada,True,,2,2,,,False,89.0, PACIFIC PILSNER CAN,0.05,Domestic Beer,False,[],SR,BC Craft Beer,PACIFIC WESTERN ,CA,,Domestic - BC Regional Beer,,False,False,0,9.29,,,,,pacific western - pacific pilsner can,,,,Beer,[],True,1000,1006,1135,4807.41,20967.53,0.1065,87.2300469483568,0.4517766497461929
279,bcls,product,262626,0.25420842,PACIFICO CLARA,,,Import Beer,,[],,16.49,False,False,,,,,[],,,262626,,[],,1942,2024-03-11 19:10:01,,6,"['00080660953014', '00089609500005', '07501064196164']",False,,0.355,[],PACIFICO CLARA,Pilsner,Mexico,False,,2,2,,,False,141.0,PACIFICO CLARA,0.046,Import Beer,False,[],SR,,,MX,,Mexico And Caribbean Beer,,False,False,0,16.49,,,,,pacifico clara,,,,Beer,[],True,1000,1007,1191,4136.46,32023.579999999998,0.09798,168.2996529904062,0.7157360406091371
280,bcls,product,49139,0.25420842,PARALLEL 49 - CRAFT LAGER 15 FOR 12 CAN,,,Domestic - BC Beer,,['New'],,21.99,True,False,,,,,[],,,49139,,['New'],,317,2024-03-11 19:10:01,,15,['00823994004485'],False,,0.355,[],PARALLEL 49 - CRAFT LAGER 15 FOR 12 CAN,Lager,Canada,True,,2,2,,,False,28.0, CRAFT LAGER 15 FOR 12 CAN,0.05,Domestic Beer,False,[],ST,BC Craft Beer,PARALLEL 49 ,CA,,Domestic - BC Regional Beer,,False,False,0,21.99,,,"[{'urlAlias': '/promotion/new-arrivals', 'name': 'New For You', 'promoCode': '2023NEW', 'published': True, 'shortName': 'New'}]","[{'urlAlias': '/promotion/new-arrivals', 'name': 'New For You', 'promoCode': '2023NEW', 'published': True, 'shortName': 'New'}]",parallel 49 - craft lager 15 for 12 can,,,,Beer,"[{'id': 'empty-placeholder', 'label': '&nbsp;', 'labelLengthWithoutTags': 1}, {'id': 'featured', 'label': 'FEATURED', 'labelLengthWithoutTags': 8}]",True,1000,1006,1135,1688.0249999999999,6970.83,0.26625,82.59154929577464,0.14213197969543148
281,bcls,product,449959,0.25420347,PARALLEL 49 - CRAFT LAGER CAN,,,Domestic - BC Beer,,[],,21.99,True,False,,,,,[],,,449959,,[],,1411,2024-03-11 19:10:01,,12,['00626990235064'],False,,0.355,[],PARALLEL 49 - CRAFT LAGER CAN,Lager,Canada,True,,2,2,,,False,102.0, CRAFT LAGER CAN,0.05,Domestic Beer,False,[],G,BC Craft Beer,PARALLEL 49 ,CA,,Domestic - BC Regional Beer,,False,False,0,21.99,,,,,parallel 49 - craft lager can,,,,Beer,[],True,1000,1006,1135,6010.86,31027.89,0.213,103.2394366197183,0.5177664974619289
282,bcls,product,254850,0.25420842,PARALLEL 49 - CRAFT LAGER TALL CAN,,,Domestic - BC Beer,,['Only@BCL'],True,2.59,True,False,2024-03-03T00:00:00.000-08:00,,,2024-03-03T00:00:00.000-08:00,"['BCL Select', 'On Sale']",2024-03-31T00:00:00.000-07:00,,254850,True,['Only@BCL'],,13548,2024-03-11 19:10:01,,1,['00823994001873'],False,,0.473,[],PARALLEL 49 - CRAFT LAGER TALL CAN,Lager,Canada,True,,2,2,,,False,125.0, CRAFT LAGER TALL CAN,0.05,Domestic Beer,True,"['BCL Select', 'On Sale']",C,BC Craft Beer,PARALLEL 49 ,CA,,Domestic - BC Regional Beer,,False,False,0,1.99,,,"[{'urlAlias': '/promotion/only-at-bcl', 'name': 'Only@BCL', 'promoCode': '2020BCLSELECT', 'published': True, 'shortName': ''}]","[{'urlAlias': '/promotion/only-at-bcl', 'name': 'Only@BCL', 'promoCode': '2020BCLSELECT', 'published': True, 'shortName': ''}]",parallel 49 - craft lager tall can,,2024-03-31T00:00:00.000-07:00,,Beer,"[{'id': 'featured', 'label': 'FEATURED', 'labelLengthWithoutTags': 8}, {'id': 'exclusive', 'label': 'ONLY@BCL', 'labelLengthWithoutTags': 8}]",True,1000,1006,1135,6408.204,35089.32,0.02365,109.5137420718816,0.6345177664974619
283,bcls,product,186059,0.25420347,PARALLEL 49 - CRAFT PACK CANS,,,Domestic - BC Beer,,[],,22.99,True,False,,,,,['BCL Select'],,,186059,,[],,1647,2024-03-11 19:10:01,,12,['00823994002511'],False,,0.355,[],PARALLEL 49 - CRAFT PACK CANS,Variety Pack,Canada,True,,2,2,,,False,116.0, CRAFT PACK CANS,0.05,Domestic Beer,True,['BCL Select'],C,BC Craft Beer,PARALLEL 49 ,CA,,Domestic - BC Regional Beer,,False,False,0,22.99,,,,,parallel 49 - craft pack cans,,,,Beer,"[{'id': 'empty-placeholder', 'label': '&nbsp;', 'labelLengthWithoutTags': 1}, {'id': 'exclusive', 'label': 'ONLY@BCL', 'labelLengthWithoutTags': 8}]",True,1000,1006,1135,7016.219999999999,37864.53,0.213,107.93427230046947,0.5888324873096447
284,bcls,product,254842,0.25420347,PARALLEL 49 - CRAFT PALE ALE TALL CAN,,,Domestic - BC Beer,,[],,2.59,True,False,,,,,[],,,254842,,[],,11355,2024-03-11 19:10:01,,1,['00823994002351'],False,,0.473,[],PARALLEL 49 - CRAFT PALE ALE TALL CAN,Pale Ale,Canada,True,,2,2,,,False,105.0, CRAFT PALE ALE TALL CAN,0.05,Domestic Beer,False,[],SR,BC Craft Beer,PARALLEL 49 ,CA,,Domestic - BC Regional Beer,,False,False,0,2.59,,,,,parallel 49 - craft pale ale tall can,,,,Beer,[],True,1000,1006,1135,5370.915,29409.449999999997,0.02365,109.5137420718816,0.5329949238578681
285,bcls,product,254836,0.25420347,PARALLEL 49 - CRAFT PILSNER TALL CAN,,,Domestic - BC Beer,,[],,2.59,False,False,,,,,['BCL Select'],,,254836,,[],,12940,2024-03-11 19:10:01,,1,['00823994003020'],False,,0.473,[],PARALLEL 49 - CRAFT PILSNER TALL CAN,Pilsner,Canada,True,,2,2,,,False,113.0, CRAFT PILSNER TALL CAN,0.05,Domestic Beer,True,['BCL Select'],C,BC Craft Beer,PARALLEL 49 ,CA,,Domestic - BC Regional Beer,,False,False,0,2.59,,,,,parallel 49 - craft pilsner tall can,,,,Beer,"[{'id': 'empty-placeholder', 'label': '&nbsp;', 'labelLengthWithoutTags': 1}, {'id': 'exclusive', 'label': 'ONLY@BCL', 'labelLengthWithoutTags': 8}]",True,1000,1006,1135,6120.62,33514.6,0.02365,109.5137420718816,0.5736040609137056
286,bcls,product,152658,0.25420347,PARALLEL 49 - FILTHY DIRTY IPA CAN,,,Domestic - BC Beer,,[],,13.99,True,False,,,,,[],,,152658,,[],,1493,2024-03-11 19:10:01,,6,['00823994001859'],False,,0.355,[],PARALLEL 49 - FILTHY DIRTY IPA CAN,India Pale Ale,Canada,True,,2,2,,,False,129.0, FILTHY DIRTY IPA CAN,0.07200000000000001,Domestic Beer,False,[],SR,BC Craft Beer,PARALLEL 49 ,CA,,Domestic - BC Regional Beer,,False,False,0,13.99,,,,,parallel 49 - filthy dirty ipa can,,,,Beer,[],True,1000,1006,1135,3180.0899999999997,20887.07,0.15336000000000002,91.22326551904015,0.6548223350253807
287,bcls,product,251292,0.25420842,PARALLEL 49 - HOP PATROLL TALL CAN MIXER,,,Domestic - BC Beer,,[],True,21.99,False,False,2024-03-03T00:00:00.000-08:00,,,2024-03-03T00:00:00.000-08:00,['On Sale'],2024-03-31T00:00:00.000-07:00,,251292,True,[],,1487,2024-03-11 19:10:01,,8,['00823994005642'],False,,0.473,[],PARALLEL 49 - HOP PATROLL TALL CAN MIXER,Variety Pack,Canada,True,,2,2,,,False,132.0, HOP PATROLL TALL CAN MIXER,0.057,Domestic Beer,False,['On Sale'],SH,BC Craft Beer,PARALLEL 49 ,CA,,Domestic - BC Regional Beer,,False,False,0,18.99,,,,,parallel 49 - hop patroll tall can mixer,,2024-03-31T00:00:00.000-07:00,,Beer,[],True,1000,1006,1135,5626.808,32699.129999999997,0.215688,101.95282074107043,0.6700507614213198
288,bcls,product,209101,0.25420842,PARALLEL 49 - SALTY SCOT SEA SALTED CARAMEL SCOTCH ALE TALL,,,Domestic - BC Beer,,[],True,2.99,True,False,2024-03-03T00:00:00.000-08:00,,,2024-03-03T00:00:00.000-08:00,['On Sale'],2024-03-31T00:00:00.000-07:00,,209101,True,[],,4289,2024-03-11 19:10:01,,1,['00823994002368'],False,,0.473,[],PARALLEL 49 - SALTY SCOT SEA SALTED CARAMEL SCOTCH ALE TALL,Scotch Ale,Canada,True,,3,3,,,False,99.0, SALTY SCOT SEA SALTED CARAMEL SCOTCH ALE TALL,0.075,Domestic Beer,False,['On Sale'],SH,BC Craft Beer,PARALLEL 49 ,CA,,Domestic - BC Regional Beer,,False,False,0,2.47,,,,,parallel 49 - salty scot sea salted caramel scotch ale tall,,2024-03-31T00:00:00.000-07:00,,Beer,[],True,1000,1006,1135,2028.697,12824.11,0.035475,84.2847075405215,0.5025380710659898
289,bcls,product,234760,0.25420347,PARALLEL 49 - TOQUES OF HAZZARD DOUBLE WHITE IPA TALL CAN,,,Domestic - BC Beer,,[],True,3.49,True,False,2024-03-03T00:00:00.000-08:00,,,2024-03-03T00:00:00.000-08:00,['On Sale'],2024-03-31T00:00:00.000-07:00,,234760,True,[],,4514,2024-03-11 19:10:01,,1,['00823994001255'],False,,0.473,[],PARALLEL 49 - TOQUES OF HAZZARD DOUBLE WHITE IPA TALL CAN,India Pale Ale,Canada,True,,3,3,,,False,92.0, TOQUES OF HAZZARD DOUBLE WHITE IPA TALL CAN,0.092,Domestic Beer,False,['On Sale'],SH,BC Craft Beer,PARALLEL 49 ,CA,,Domestic - BC Regional Beer,,False,False,0,2.87,,,,,parallel 49 - toques of hazzard double white ipa tall can,,2024-03-31T00:00:00.000-07:00,,Beer,[],True,1000,1006,1135,2135.122,15753.86,0.043516,80.20038606489568,0.467005076142132
290,bcls,product,37080,0.25420842,PARALLEL 49 - TRASH PANDA I.P.A CAN,,,Domestic - BC Beer,,[],,13.99,True,False,,,,,[],,,37080,,[],,930,2024-03-11 19:10:01,,6,['00823994000784'],False,,0.355,[],PARALLEL 49 - TRASH PANDA I.P.A CAN,India Pale Ale,Canada,True,,2,2,,,False,102.0, TRASH PANDA I.P.A CAN,0.055,Domestic Beer,False,[],SR,BC Craft Beer,PARALLEL 49 ,CA,,Domestic - BC Regional Beer,,False,False,0,13.99,,,,,parallel 49 - trash panda i.p.a can,,,,Beer,[],True,1000,1006,1135,1980.8999999999999,13010.7,0.11714999999999999,119.41954758856168,0.5177664974619289
291,bcls,product,526897,0.25420842,PARALLEL 49 - TRICYCLE GRAPEFRUIT RADLER CAN,,,Domestic - BC Beer,,[],,9.99,True,False,,,,,[],,,526897,,[],,551,2024-03-11 19:10:01,,6,['00626990179764'],False,,0.355,[],PARALLEL 49 - TRICYCLE GRAPEFRUIT RADLER CAN,Radler,Canada,True,,2,2,,,False,75.0, TRICYCLE GRAPEFRUIT RADLER CAN,0.035,Domestic Beer,False,[],SH,BC Craft Beer,PARALLEL 49 ,CA,,Domestic - BC Regional Beer,,False,False,0,9.99,,,,,parallel 49 - tricycle grapefruit radler can,,,,Beer,[],True,1000,1006,1135,1173.6299999999999,5504.49,0.07455,134.00402414486922,0.38071065989847713
292,bcls,product,207963,0.25420347,PARALLEL 49 - UNPARALLELED 8 PACK TALL CAN,,,Domestic - BC Beer,,[],,21.49,True,False,,,,,[],,,207963,,[],,1821,2024-03-11 19:10:01,,8,['00823994002184'],False,,0.473,[],PARALLEL 49 - UNPARALLELED 8 PACK TALL CAN,Variety Pack,Canada,True,,2,2,,,False,121.0, UNPARALLELED 8 PACK TALL CAN,0.057999999999999996,Domestic Beer,False,[],SR,BC Craft Beer,PARALLEL 49 ,CA,,Domestic - BC Regional Beer,,False,False,0,21.49,,,,,parallel 49 - unparalleled 8 pack tall can,,,,Beer,[],True,1000,1006,1135,6890.664,39133.28999999999,0.21947199999999997,97.91681854632938,0.6142131979695431
293,bcls,product,442968,0.25420347,PARKSIDE - DAWN PILSNER TALL CAN,,,Domestic - BC Beer,,[],,12.79,False,False,,,,,[],,,442968,,[],,1704,2024-03-11 19:10:01,,4,['00628055331506'],False,,0.473,[],PARKSIDE - DAWN PILSNER TALL CAN,Pilsner,Canada,True,,2,2,,,False,81.0, DAWN PILSNER TALL CAN,0.048,Domestic Beer,False,[],SR,BC Craft Beer,PARKSIDE ,CA,,Domestic - BC Micro Brew Beer,,False,False,0,12.79,,,,,parkside - dawn pilsner tall can,,,,Beer,[],True,1000,1006,1133,3223.968,21794.16,0.090816,140.83421423537703,0.41116751269035534
294,bcls,product,131066,0.25420842,PARKSIDE - DREAMBOAT HAZY I.P.A TALL CAN,,,Domestic - BC Beer,,[],,13.99,True,False,,,,,[],,,131066,,[],,888,2024-03-11 19:10:01,,4,['00628055331223'],False,,0.473,[],PARKSIDE - DREAMBOAT HAZY I.P.A TALL CAN,India Pale Ale,Canada,True,,2,2,,,False,78.0, DREAMBOAT HAZY I.P.A TALL CAN,0.063,Domestic Beer,False,[],SR,BC Craft Beer,PARKSIDE ,CA,,Domestic - BC Micro Brew Beer,,False,False,0,13.99,,,,,parkside - dreamboat hazy i.p.a tall can,,,,Beer,[],True,1000,1006,1133,1680.096,12423.12,0.119196,117.36971039296621,0.39593908629441626
295,bcls,product,426607,0.25420842,PARKSIDE - DUSK PALE ALE TALL CAN,,,Domestic - BC Beer,,[],True,12.79,False,False,2024-03-03T00:00:00.000-08:00,,,2024-03-03T00:00:00.000-08:00,['On Sale'],2024-03-31T00:00:00.000-07:00,,426607,True,[],,1696,2024-03-11 19:10:01,,4,['00628055331605'],False,,0.473,[],PARKSIDE - DUSK PALE ALE TALL CAN,Pale Ale,Canada,True,,2,2,,,False,87.0, DUSK PALE ALE TALL CAN,0.053,Domestic Beer,False,['On Sale'],SR,BC Craft Beer,PARKSIDE ,CA,,Domestic - BC Micro Brew Beer,,False,False,0,11.79,,,,,parkside - dusk pale ale tall can,,2024-03-31T00:00:00.000-07:00,,Beer,[],True,1000,1006,1133,3208.832,21691.84,0.10027599999999999,127.54796760939807,0.4416243654822335
296,bcls,product,391891,0.25420347,PARTAKE - PALE ALE CAN,,,De-Alcoholized Product,,[],,7.99,,,,,,,[],,,391891,,[],,1408,2024-03-11 19:10:01,,4,['00628110465078'],False,,0.355,[],PARTAKE - PALE ALE CAN,,Canada,False,,2,2,,,False,100.0, PALE ALE CAN,0.003,De-Alcoholized Beer,False,[],SR,,PARTAKE ,CA,,Beer And Refreshment De-Alcoholized Product,,False,False,0,7.99,,,,,partake - pale ale can,,,,General Merchandise,[],True,1000,1009,1128,1999.36,11249.92,0.00426,1875.586854460094,0.5076142131979695
297,bcls,product,652057,0.25420347,PAULANER - HEFE WEISSEBIER TALL CAN,,,Import Beer,,[],,3.39,False,False,,,,,[],,,652057,,[],,5047,2024-03-11 19:10:01,,1,"['04066600692003', '04066600601920', '04066600601937']",False,,0.5,[],PAULANER - HEFE WEISSEBIER TALL CAN,Wheat,Germany,False,,2,2,,,False,99.0, HEFE WEISSEBIER TALL CAN,0.055,Import Beer,False,[],SR,,PAULANER ,DE,,Europe Beer,,False,False,0,3.39,,,,,paulaner - hefe weissebier tall can,,,,Beer,[],True,1000,1007,1188,2523.5,17109.33,0.0275,123.27272727272728,0.5025380710659898
298,bcls,product,400347,0.25420842,PERONI - NASTRO AZZURRO CAN,,,Import Beer,,['Only@BCL'],,29.99,False,False,,,,,['BCL Select'],,,400347,,['Only@BCL'],,2731,2024-03-11 19:10:01,,12,['08008440512406'],False,,0.33,[],PERONI - NASTRO AZZURRO CAN,Lager,Italy,False,,2,2,,,False,143.0, NASTRO AZZURRO CAN,0.051,Import Beer,True,['BCL Select'],C,,PERONI ,IT,,Europe Beer,,False,False,0,29.99,,,"[{'urlAlias': '/promotion/only-at-bcl', 'name': 'Only@BCL', 'promoCode': '2020BCLSELECT', 'published': True, 'shortName': ''}]","[{'urlAlias': '/promotion/only-at-bcl', 'name': 'Only@BCL', 'promoCode': '2020BCLSELECT', 'published': True, 'shortName': ''}]",peroni - nastro azzurro can,,,,Beer,"[{'id': 'featured', 'label': 'FEATURED', 'labelLengthWithoutTags': 8}, {'id': 'exclusive', 'label': 'ONLY@BCL', 'labelLengthWithoutTags': 8}]",True,1000,1007,1188,10814.76,81902.69,0.20195999999999997,148.49475143592792,0.7258883248730964
299,bcls,product,652487,0.25420347,PERONI NASTRO  AZZURRO TALL CAN,,,Import Beer,,[],,3.59,False,False,,,,,[],,,652487,,[],,8626,2024-03-11 19:10:01,,1,['08008440422019'],False,,0.5,[],PERONI NASTRO  AZZURRO TALL CAN,Lager,Italy,False,,2,2,,,False,104.0,PERONI NASTRO  AZZURRO TALL CAN,0.051,Import Beer,False,[],SR,,,IT,,Europe Beer,,False,False,0,3.59,,,,,peroni nastro  azzurro tall can,,,,Beer,[],True,1000,1007,1188,4313.0,30967.34,0.0255,140.7843137254902,0.5279187817258884
300,bcls,product,525188,0.25420842,PERONI NASTRO AZZURRO,,,Import Beer,,[],True,16.79,False,False,2024-03-03T00:00:00.000-08:00,,,2024-03-03T00:00:00.000-08:00,['On Sale'],2024-03-31T00:00:00.000-07:00,,525188,True,[],,2340,2024-03-11 19:10:01,,6,"['08008440000583', '08008440522016', '00181954000022']",False,,0.33,[],PERONI NASTRO AZZURRO,Lager,Italy,False,,2,2,,,False,139.0,PERONI NASTRO AZZURRO,0.05,Import Beer,False,['On Sale'],SR,,,IT,,Europe Beer,,False,False,0,15.79,,,,,peroni nastro azzurro,,2024-03-31T00:00:00.000-07:00,,Beer,[],True,1000,1007,1188,4633.2,39288.6,0.099,169.59595959595958,0.7055837563451777
301,bcls,product,62851,0.25420842,PERSEPHONE BREWING - GODDESS GOLDEN ALE,,,Domestic - BC Beer,,[],,10.99,True,False,,,,,[],,,62851,,[],,762,2024-03-11 19:10:01,,6,['00626990186076'],False,,0.355,[],PERSEPHONE BREWING - GODDESS GOLDEN ALE,Pale Ale,Canada,True,,2,2,,,False,51.0, GODDESS GOLDEN ALE,0.05,Domestic Beer,False,[],SH,BC Craft Beer,PERSEPHONE BREWING ,CA,,Domestic - BC Micro Brew Beer,,False,False,0,10.99,,,,,persephone brewing - goddess golden ale,,,,Beer,[],True,1000,1006,1133,1623.06,8374.380000000001,0.1065,103.1924882629108,0.25888324873096447
302,bcls,product,55026,0.25420347,PERSEPHONE BREWING - INDIA PALE ALE CAN,,,Domestic - BC Beer,,[],,15.79,True,False,,,,,[],,,55026,,[],,955,2024-03-11 19:10:01,,6,['00626990408680'],False,,0.355,[],PERSEPHONE BREWING - INDIA PALE ALE CAN,Bitter,Canada,True,,2,2,,,False,77.0, INDIA PALE ALE CAN,0.065,Domestic Beer,False,[],SR,BC Craft Beer,PERSEPHONE BREWING ,CA,,Domestic - BC Micro Brew Beer,,False,False,0,15.79,,,,,persephone brewing - india pale ale can,,,,Beer,[],True,1000,1006,1133,2034.1499999999999,15079.449999999999,0.13845,114.04839292163236,0.39086294416243655
303,bcls,product,437608,0.25420842,PERSEPHONE BREWING - PALE ALE,,,Domestic - BC Beer,,[],True,15.29,True,False,2024-03-03T00:00:00.000-08:00,,,2024-03-03T00:00:00.000-08:00,['On Sale'],2024-03-31T00:00:00.000-07:00,,437608,True,[],,881,2024-03-11 19:10:01,,6,['00626990248590'],False,,0.355,[],PERSEPHONE BREWING - PALE ALE,Pale Ale,Canada,True,,2,2,,,False,69.0, PALE ALE,0.055,Domestic Beer,False,['On Sale'],SR,BC Craft Beer,PERSEPHONE BREWING ,CA,,Domestic - BC Micro Brew Beer,,False,False,0,14.29,,,,,persephone brewing - pale ale,,2024-03-31T00:00:00.000-07:00,,Beer,[],True,1000,1006,1133,1876.53,13470.49,0.11714999999999999,130.51643192488262,0.350253807106599
304,bcls,product,399717,0.25420842,PHILLIPS - BLUE BUCK ALE CAN,,,Domestic - BC Beer,,[],,13.99,True,False,,,,,[],,,399717,,[],,3754,2024-03-11 19:10:01,,6,['00626990109129'],False,,0.355,[],PHILLIPS - BLUE BUCK ALE CAN,Pale Ale,Canada,True,,2,2,,,False,156.0, BLUE BUCK ALE CAN,0.05,Domestic Beer,False,[],G,BC Craft Beer,PHILLIPS ,CA,,Domestic - BC Regional Beer,,False,False,0,13.99,,,,,phillips - blue buck ale can,,,,Beer,[],True,1000,1006,1135,7996.0199999999995,52518.46,0.1065,131.36150234741785,0.7918781725888325
305,bcls,product,401106,0.25420347,PHILLIPS BREWING - BLUE BUCK ALE CAN,,,Domestic - BC Beer,,[],True,26.99,True,False,2024-03-03T00:00:00.000-08:00,,,2024-03-03T00:00:00.000-08:00,"['BCL Select', 'On Sale']",2024-03-31T00:00:00.000-07:00,,401106,True,[],,3898,2024-03-11 19:10:01,,15,['00818278004459'],False,,0.355,[],PHILLIPS BREWING - BLUE BUCK ALE CAN,Amber Ale,Canada,True,,2,2,,,False,131.0, BLUE BUCK ALE CAN,0.05,Domestic Beer,True,"['BCL Select', 'On Sale']",C,BC Craft Beer,PHILLIPS BREWING ,CA,,Domestic - BC Regional Beer,,False,False,0,23.99,,,,,phillips brewing - blue buck ale can,,2024-03-31T00:00:00.000-07:00,,Beer,"[{'id': 'empty-placeholder', 'label': '&nbsp;', 'labelLengthWithoutTags': 1}, {'id': 'exclusive', 'label': 'ONLY@BCL', 'labelLengthWithoutTags': 8}]",True,1000,1006,1135,20756.85,105207.01999999999,0.26625,101.37089201877934,0.6649746192893401
306,bcls,product,331171,0.25420842,PHILLIPS BREWING - BOX SET 15 FOR 12,,,Domestic - BC Beer,,[],,23.29,False,False,,,,,[],,,331171,,[],,2,2024-03-11 19:10:01,,15,['00818278005616'],False,,0.355,[],PHILLIPS BREWING - BOX SET 15 FOR 12,Variety Pack,Canada,True,,2,2,,,False,2.0, BOX SET 15 FOR 12,0.05,Domestic Beer,False,[],ST,BC Craft Beer,PHILLIPS BREWING ,CA,,Domestic - BC Regional Beer,,False,False,0,23.29,,,,,phillips brewing - box set 15 for 12,,,,Beer,[],True,1000,1006,1135,10.649999999999999,46.58,0.26625,87.47417840375587,0.01015228426395939
307,bcls,product,281204,0.25420842,PHILLIPS BREWING - BOX SET MIX CAN,,,Domestic - BC Beer,,[],True,23.99,True,False,2024-03-03T00:00:00.000-08:00,,,2024-03-03T00:00:00.000-08:00,['On Sale'],2024-03-31T00:00:00.000-07:00,,281204,True,[],,2213,2024-03-11 19:10:01,,12,['00818278001335'],False,,0.355,[],PHILLIPS BREWING - BOX SET MIX CAN,Variety Pack,Canada,True,,2,2,,,False,127.0, BOX SET MIX CAN,0.05,Domestic Beer,False,['On Sale'],G,BC Craft Beer,PHILLIPS BREWING ,CA,,Domestic - BC Regional Beer,,False,False,0,21.99,,,,,phillips brewing - box set mix can,,2024-03-31T00:00:00.000-07:00,,Beer,[],True,1000,1006,1135,9427.38,53089.869999999995,0.213,112.62910798122066,0.6446700507614214
308,bcls,product,332622,0.25420842,PHILLIPS BREWING - DINOSOUR BLUEBERRY POMEGRANATE TALL CAN,,,Domestic - BC Beer,,[],,14.49,False,False,,,,,[],,,332622,,[],,1466,2024-03-11 19:10:01,,4,['00818278005647'],False,,0.473,[],PHILLIPS BREWING - DINOSOUR BLUEBERRY POMEGRANATE TALL CAN,Sour,Canada,True,,2,2,,,False,104.0, DINOSOUR BLUEBERRY POMEGRANATE TALL CAN,0.042,Domestic Beer,False,[],SH,BC Craft Beer,PHILLIPS BREWING ,CA,,Domestic - BC Regional Beer,,False,False,0,14.49,,,,,phillips brewing - dinosour blueberry pomegranate tall can,,,,Beer,[],True,1000,1006,1135,2773.672,21242.34,0.079464,182.34672304439744,0.5279187817258884
309,bcls,product,425221,0.25420842,PHILLIPS BREWING - DINOSOUR JURASSIC MIXED PACK TALL CAN,,,Domestic - BC Beer,,[],True,23.29,False,False,2024-03-03T00:00:00.000-08:00,,,2024-03-03T00:00:00.000-08:00,['On Sale'],2024-03-31T00:00:00.000-07:00,,425221,True,[],,891,2024-03-11 19:10:01,,8,['00818278004718'],False,,0.473,[],PHILLIPS BREWING - DINOSOUR JURASSIC MIXED PACK TALL CAN,Variety Pack,Canada,True,,3,3,,,False,78.0, DINOSOUR JURASSIC MIXED PACK TALL CAN,0.042,Domestic Beer,False,['On Sale'],SR,BC Craft Beer,PHILLIPS BREWING ,CA,,Domestic - BC Regional Beer,,False,False,0,19.47,,,,,phillips brewing - dinosour jurassic mixed pack tall can,,2024-03-31T00:00:00.000-07:00,,Beer,[],True,1000,1006,1135,3371.544,20751.39,0.158928,146.54434712574246,0.39593908629441626
310,bcls,product,419578,0.25420347,PHILLIPS BREWING - DINOSOUR STONE FRUIT TALL CAN,,,Domestic - BC Beer,,['Only@BCL'],,3.29,True,False,,,,,['BCL Select'],,,419578,,['Only@BCL'],,9413,2024-03-11 19:10:01,,1,"['00818278004442', '00818278010337']",False,,0.473,[],PHILLIPS BREWING - DINOSOUR STONE FRUIT TALL CAN,Sour,Canada,True,,2,2,,,False,171.0, DINOSOUR STONE FRUIT TALL CAN,0.042,Domestic Beer,True,['BCL Select'],C,BC Craft Beer,PHILLIPS BREWING ,CA,,Domestic - BC Regional Beer,,False,False,0,3.29,,,"[{'urlAlias': '/promotion/only-at-bcl', 'name': 'Only@BCL', 'promoCode': '2020BCLSELECT', 'published': True, 'shortName': ''}]","[{'urlAlias': '/promotion/only-at-bcl', 'name': 'Only@BCL', 'promoCode': '2020BCLSELECT', 'published': True, 'shortName': ''}]",phillips brewing - dinosour stone fruit tall can,,,,Beer,"[{'id': 'featured', 'label': 'FEATURED', 'labelLengthWithoutTags': 8}, {'id': 'exclusive', 'label': 'ONLY@BCL', 'labelLengthWithoutTags': 8}]",True,1000,1006,1135,4452.349,30968.77,0.019866,165.60958421423535,0.868020304568528
311,bcls,product,421532,0.25420842,PHILLIPS BREWING - FREE RIDE HAZY IPA CAN,,,Domestic - BC Beer,,[],True,14.29,True,False,2024-03-03T00:00:00.000-08:00,,,2024-03-03T00:00:00.000-08:00,['On Sale'],2024-03-31T00:00:00.000-07:00,,421532,True,[],,802,2024-03-11 19:10:01,,6,"['00818278004268', '00818278004275']",False,,0.355,[],PHILLIPS BREWING - FREE RIDE HAZY IPA CAN,India Pale Ale,Canada,True,,2,2,,,False,80.0, FREE RIDE HAZY IPA CAN,0.065,Domestic Beer,False,['On Sale'],SR,BC Craft Beer,PHILLIPS BREWING ,CA,,Domestic - BC Regional Beer,,False,False,0,13.29,,,,,phillips brewing - free ride hazy ipa can,,2024-03-31T00:00:00.000-07:00,,Beer,[],True,1000,1006,1135,1708.26,11460.58,0.13845,103.2141567352835,0.40609137055837563
312,bcls,product,173672,0.25420842,PHILLIPS BREWING - GLITTER BOMB CAN,,,Domestic - BC Beer,,[],,14.29,True,False,,,,,[],,,173672,,[],,1379,2024-03-11 19:10:01,,6,['00818278003490'],False,,0.355,[],PHILLIPS BREWING - GLITTER BOMB CAN,India Pale Ale,Canada,True,,2,2,,,False,97.0, GLITTER BOMB CAN,0.05,Domestic Beer,False,[],SR,BC Craft Beer,PHILLIPS BREWING ,CA,,Domestic - BC Regional Beer,,False,False,0,14.29,,,,,phillips brewing - glitter bomb can,,,,Beer,[],True,1000,1006,1135,2937.27,19705.91,0.1065,134.17840375586854,0.49238578680203043
313,bcls,product,412120,0.25420842,PHILLIPS BREWING - HOP BOX TALL CAN MIX PACK,,,Domestic - BC Beer,,[],,22.99,False,False,,,,,[],,,412120,,[],,1367,2024-03-11 19:10:01,,8,['00818278005012'],False,,0.473,[],PHILLIPS BREWING - HOP BOX TALL CAN MIX PACK,India Pale Ale,Canada,True,,2,2,,,False,122.0, HOP BOX TALL CAN MIX PACK,0.0698,Domestic Beer,False,[],SR,BC Craft Beer,PHILLIPS BREWING ,CA,,Domestic - BC Regional Beer,,False,False,0,22.99,,,,,phillips brewing - hop box tall can mix pack,,,,Beer,[],True,1000,1006,1135,5172.728,31427.329999999998,0.2641232,87.04271340041313,0.6192893401015228
314,bcls,product,412062,0.25420842,PHILLIPS BREWING - OCTOBOX MIXED TALL CAN 2023,,,Domestic - BC Beer,,[],True,21.99,False,False,2024-03-03T00:00:00.000-08:00,,,2024-03-03T00:00:00.000-08:00,['On Sale'],2024-03-31T00:00:00.000-07:00,,412062,True,[],,644,2024-03-11 19:10:01,,8,['00818278005081'],False,,0.473,[],PHILLIPS BREWING - OCTOBOX MIXED TALL CAN 2023,Variety Pack,Canada,True,,3,3,,,False,94.0, OCTOBOX MIXED TALL CAN 2023,0.0473,Domestic Beer,False,['On Sale'],SH,BC Craft Beer,PHILLIPS BREWING ,CA,,Domestic - BC Regional Beer,,False,False,0,18.37,,,,,phillips brewing - octobox mixed tall can 2023,,2024-03-31T00:00:00.000-07:00,,Beer,[],True,1000,1006,1135,2436.8959999999997,14161.56,0.1789832,122.86069307063455,0.47715736040609136
315,bcls,product,273086,0.25420842,PHILLIPS BREWING - PILSNER CAN,,,Domestic - BC Beer,,[],True,13.99,True,False,2024-03-03T00:00:00.000-08:00,,,2024-03-03T00:00:00.000-08:00,['On Sale'],2024-03-31T00:00:00.000-07:00,,273086,True,[],,1139,2024-03-11 19:10:01,,6,['00818278001236'],False,,0.355,[],PHILLIPS BREWING - PILSNER CAN,Pilsner,Canada,True,,2,2,,,False,76.0, PILSNER CAN,0.05,Domestic Beer,False,['On Sale'],SR,BC Craft Beer,PHILLIPS BREWING ,CA,,Domestic - BC Regional Beer,,False,False,0,12.99,,,,,phillips brewing - pilsner can,,2024-03-31T00:00:00.000-07:00,,Beer,[],True,1000,1006,1135,2426.0699999999997,15934.61,0.1065,131.36150234741785,0.38578680203045684
316,bcls,product,415982,0.25420842,PHILLIPS BREWING - REVENGE COLD IPA CAN,,,Domestic - BC Beer,,['Only@BCL'],True,14.29,True,False,2024-03-03T00:00:00.000-08:00,,,2024-03-03T00:00:00.000-08:00,"['BCL Select', 'On Sale']",2024-03-31T00:00:00.000-07:00,,415982,True,['Only@BCL'],,738,2024-03-11 19:10:01,,6,['00818278004374'],False,,0.355,[],PHILLIPS BREWING - REVENGE COLD IPA CAN,India Pale Ale,Canada,True,,3,3,,,False,132.0, REVENGE COLD IPA CAN,0.07,Domestic Beer,True,"['BCL Select', 'On Sale']",C,BC Craft Beer,PHILLIPS BREWING ,CA,,Domestic - BC Regional Beer,,False,False,0,10.67,,,"[{'urlAlias': '/promotion/only-at-bcl', 'name': 'Only@BCL', 'promoCode': '2020BCLSELECT', 'published': True, 'shortName': ''}]","[{'urlAlias': '/promotion/only-at-bcl', 'name': 'Only@BCL', 'promoCode': '2020BCLSELECT', 'published': True, 'shortName': ''}]",phillips brewing - revenge cold ipa can,,2024-03-31T00:00:00.000-07:00,,Beer,"[{'id': 'featured', 'label': 'FEATURED', 'labelLengthWithoutTags': 8}, {'id': 'exclusive', 'label': 'ONLY@BCL', 'labelLengthWithoutTags': 8}]",True,1000,1006,1135,1571.9399999999998,10546.019999999999,0.1491,95.84171696847751,0.6700507614213198
317,bcls,product,252265,0.25420347,PHILLIPS BREWING - SPACE CASE MIX PACK 2023,,,Domestic - BC Beer,,[],,56.79,False,False,,,,,[],,,252265,,[],,39,2024-03-11 19:10:01,,12,['00818278005609'],False,,0.473,[],PHILLIPS BREWING - SPACE CASE MIX PACK 2023,Variety Pack,Canada,True,,2,2,,,False,4.0, SPACE CASE MIX PACK 2023,0.057,Domestic Beer,False,[],ST,BC Craft Beer,PHILLIPS BREWING ,CA,,Domestic - BC Regional Beer,,False,False,0,56.79,,,,,phillips brewing - space case mix pack 2023,,,,Beer,[],True,1000,1006,1135,221.364,2214.81,0.32353200000000004,175.53132302214308,0.02030456852791878
318,bcls,product,388900,0.25420347,PILSNER URQUELL,,,Import Beer,,[],,16.29,False,False,,,,,[],,,388900,,[],,1118,2024-03-11 19:10:01,,6,"['08594404000015', '00084404110060', '08594404000022']",False,,0.33,[],PILSNER URQUELL,Pilsner,Czech Republic,False,,2,2,,,False,142.0,PILSNER URQUELL,0.044000000000000004,Import Beer,False,[],SR,,,CZ,,Europe Beer,,False,False,0,16.29,,,,,pilsner urquell,,,,Beer,[],True,1000,1007,1188,2213.64,18212.219999999998,0.08712,186.98347107438016,0.7208121827411168
319,bcls,product,255380,0.25420842,PILSNER URQUELL TALL CAN,,,Import Beer,,[],,3.49,False,False,,,,,[],,,255380,,[],,19467,2024-03-11 19:10:01,,1,"['00084404500014', '08594404115115', '00084404500243', '00844045002434']",False,,0.5,[],PILSNER URQUELL TALL CAN,Pilsner,Czech Republic,False,,2,2,,,False,171.0,PILSNER URQUELL TALL CAN,0.044000000000000004,Import Beer,False,[],G,,,CZ,,Europe Beer,,False,False,0,3.49,,,,,pilsner urquell tall can,,,,Beer,[],True,1000,1007,1188,9733.5,67939.83,0.022000000000000002,158.63636363636363,0.868020304568528
320,bcls,product,58283,0.25420842,RADEBERGER - PILSNER CAN,,,Import Beer,,[],,15.99,False,False,,,,,[],,,58283,,[],,1458,2024-03-11 19:10:01,,6,['00042572050267'],False,,0.5,[],RADEBERGER - PILSNER CAN,Pilsner,Germany,False,,2,2,,,False,110.0, PILSNER CAN,0.048,Import Beer,False,[],SR,,RADEBERGER ,DE,,Europe Beer,,False,False,0,15.99,,,,,radeberger - pilsner can,,,,Beer,[],True,1000,1007,1188,4374.0,23313.420000000002,0.14400000000000002,111.04166666666666,0.5583756345177665
321,bcls,product,758755,0.25420347,RED COLLAR BREWING -  IPA,,,Domestic - BC Beer,,[],,6.79,True,False,,,,,[],,,758755,,[],,909,2024-03-11 19:10:01,,1,['00627843452577'],False,,0.65,[],RED COLLAR BREWING -  IPA,Other,Canada,True,,2,2,,,False,48.0,  IPA,0.0625,Domestic Beer,False,[],SR,BC Craft Beer,RED COLLAR BREWING ,CA,,Domestic - BC Micro Brew Beer,,False,False,0,6.79,,,,,red collar brewing -  ipa,,,,Beer,[],True,1000,1006,1133,590.85,6172.11,0.040625,167.13846153846154,0.2436548223350254
322,bcls,product,102132,0.25420347,RED RACER - IPA TALL CAN,,,Domestic - BC Beer,,[],,13.79,True,False,,,,,[],,,102132,,[],,1841,2024-03-11 19:10:01,,4,['00628113006285'],False,,0.5,[],RED RACER - IPA TALL CAN,India Pale Ale,Canada,True,,2,2,,,False,172.0, IPA TALL CAN,0.065,Domestic Beer,False,[],SR,BC Craft Beer,RED RACER ,CA,,Domestic - BC Regional Beer,,False,False,0,13.79,,,,,red racer - ipa tall can,,,,Beer,[],True,1000,1006,1135,3682.0,25387.39,0.13,106.07692307692307,0.8730964467005076
323,bcls,product,101686,0.25420842,RED RACER - PILS TALL CAN,,,Domestic - BC Beer,,[],,12.99,True,False,,,,,[],,,101686,,[],,202,2024-03-11 19:10:01,,4,['00628113008746'],False,,0.5,[],RED RACER - PILS TALL CAN,Pilsner,Canada,True,,2,2,,,False,14.0, PILS TALL CAN,0.05,Domestic Beer,False,[],SR,BC Craft Beer,RED RACER ,CA,,Domestic - BC Regional Beer,,False,False,0,12.99,,,,,red racer - pils tall can,,,,Beer,[],True,1000,1006,1135,404.0,2623.98,0.1,129.9,0.07106598984771574
324,bcls,product,454997,0.25420347,RED RACER - STREET LEGAL DEALCOHOLZED PILSNER TALL CAN,,,De-Alcoholized Product,,[],,12.29,,,,,,,[],,,454997,,[],,1594,2024-03-11 19:10:01,,4,['00696852063814'],False,,0.473,[],RED RACER - STREET LEGAL DEALCOHOLZED PILSNER TALL CAN,,Canada,False,,2,2,,,False,139.0, STREET LEGAL DEALCOHOLZED PILSNER TALL CAN,0.005,De-Alcoholized Beer,False,[],SR,,RED RACER ,CA,,Beer And Refreshment De-Alcoholized Product,,False,False,0,12.29,,,,,red racer - street legal dealcoholzed pilsner tall can,,,,General Merchandise,[],True,1000,1009,1128,3015.848,19590.26,0.00946,1299.154334038055,0.7055837563451777
325,bcls,product,233781,0.25420347,RED TRUCK - AMBER ALE 8 CANS,,,Domestic - BC Beer,,[],,15.99,True,False,,,,,[],,,233781,,[],,1125,2024-03-11 19:10:01,,8,['00858054001463'],False,,0.355,[],RED TRUCK - AMBER ALE 8 CANS,Amber Ale,Canada,True,,2,2,,,False,134.0, AMBER ALE 8 CANS,0.052000000000000005,Domestic Beer,False,[],SR,BC Craft Beer,RED TRUCK ,CA,,Domestic - BC Regional Beer,,False,False,0,15.99,,,,,red truck - amber ale 8 cans,,,,Beer,[],True,1000,1006,1135,3195.0,17988.75,0.14768,108.27464788732394,0.6802030456852792
326,bcls,product,36577,0.25420842,RED TRUCK - CLASSIC LAGER CAN,,,Domestic - BC Beer,,[],,25.99,True,False,,,,,['BCL Select'],,,36577,,[],,2655,2024-03-11 19:10:01,,15,['00628882000804'],False,,0.355,[],RED TRUCK - CLASSIC LAGER CAN,Lager,Canada,True,,2,2,,,False,120.0, CLASSIC LAGER CAN,0.05,Domestic Beer,True,['BCL Select'],C,BC Craft Beer,RED TRUCK ,CA,,Domestic - BC Regional Beer,,False,False,0,25.99,,,,,red truck - classic lager can,,,,Beer,"[{'id': 'empty-placeholder', 'label': '&nbsp;', 'labelLengthWithoutTags': 1}, {'id': 'exclusive', 'label': 'ONLY@BCL', 'labelLengthWithoutTags': 8}]",True,1000,1006,1135,14137.874999999998,69003.45,0.26625,97.6150234741784,0.6091370558375635
327,bcls,product,62243,0.25420347,RED TRUCK - HOP MIX PACK CAN,,,Domestic - BC Beer,,[],True,15.99,True,False,2024-03-03T00:00:00.000-08:00,,,2024-03-03T00:00:00.000-08:00,['On Sale'],2024-03-31T00:00:00.000-07:00,,62243,True,[],,288,2024-03-11 19:10:01,,8,['00628882001016'],False,,0.355,[],RED TRUCK - HOP MIX PACK CAN,Variety Pack,Canada,True,,3,3,,,False,40.0, HOP MIX PACK CAN,0.0603,Domestic Beer,False,['On Sale'],SR,BC Craft Beer,RED TRUCK ,CA,,Domestic - BC Regional Beer,,False,False,0,11.27,,,,,red truck - hop mix pack can,,2024-03-31T00:00:00.000-07:00,,Beer,[],True,1000,1006,1135,817.92,4605.12,0.171252,93.37117230747671,0.20304568527918782
328,bcls,product,4215,0.25420842,RED TRUCK - LAGER CAN,,,Domestic - BC Beer,,[],True,15.99,True,False,2024-03-03T00:00:00.000-08:00,,,2024-03-03T00:00:00.000-08:00,['On Sale'],2024-03-31T00:00:00.000-07:00,,4215,True,[],,1525,2024-03-11 19:10:01,,8,['00858054001449'],False,,0.355,[],RED TRUCK - LAGER CAN,Lager,Canada,True,,2,2,,,False,140.0, LAGER CAN,0.05,Domestic Beer,False,['On Sale'],G,BC Craft Beer,RED TRUCK ,CA,,Domestic - BC Regional Beer,,False,False,0,13.99,,,,,red truck - lager can,,2024-03-31T00:00:00.000-07:00,,Beer,[],True,1000,1006,1135,4331.0,24384.75,0.142,112.60563380281691,0.7106598984771574
329,bcls,product,136901,0.25420347,RED TRUCK BEER - HARD DAY NORTHWEST IPA 8 CAN,,,Domestic - BC Beer,,[],,15.99,True,False,,,,,[],,,136901,,[],,1320,2024-03-11 19:10:01,,8,['00858054001944'],False,,0.355,[],RED TRUCK BEER - HARD DAY NORTHWEST IPA 8 CAN,India Pale Ale,Canada,True,,2,2,,,False,142.0, HARD DAY NORTHWEST IPA 8 CAN,0.063,Domestic Beer,False,[],SR,BC Craft Beer,RED TRUCK BEER ,CA,,Domestic - BC Regional Beer,,False,False,0,15.99,,,,,red truck beer - hard day northwest ipa 8 can,,,,Beer,[],True,1000,1006,1135,3748.7999999999997,21106.8,0.17892,89.36955063715628,0.7208121827411168
330,bcls,product,209341,0.25420842,RED TRUCK BEER - MIXER 12 CAN,,,Domestic - BC Beer,,[],True,23.99,True,False,2024-03-03T00:00:00.000-08:00,,,2024-03-03T00:00:00.000-08:00,['On Sale'],2024-03-31T00:00:00.000-07:00,,209341,True,[],,365,2024-03-11 19:10:01,,12,['00858054001920'],False,,0.355,[],RED TRUCK BEER - MIXER 12 CAN,Variety Pack,Canada,True,,3,3,,,False,50.0, MIXER 12 CAN,0.063,Domestic Beer,False,['On Sale'],SR,BC Craft Beer,RED TRUCK BEER ,CA,,Domestic - BC Regional Beer,,False,False,0,20.17,,,,,red truck beer - mixer 12 can,,2024-03-31T00:00:00.000-07:00,,Beer,[],True,1000,1006,1135,1554.8999999999999,8756.349999999999,0.26838,89.3881809374767,0.25380710659898476
331,bcls,product,430912,0.25420347,REWIND BEER CO - THE DARK CRYSTAL TALL CAN,,,Domestic - BC Beer,,['New'],,12.99,False,False,,,,,[],,,430912,,['New'],,716,2024-03-11 19:10:01,,4,['00628055331575'],False,,0.473,[],REWIND BEER CO - THE DARK CRYSTAL TALL CAN,Brown Ale,Canada,True,,2,2,,,False,63.0, THE DARK CRYSTAL TALL CAN,0.05,Domestic Beer,False,[],ST,BC Craft Beer,REWIND BEER CO ,CA,,Domestic - BC Micro Brew Beer,,False,False,0,12.99,,,"[{'urlAlias': '/promotion/new-arrivals', 'name': 'New For You', 'promoCode': '2023NEW', 'published': True, 'shortName': 'New'}]","[{'urlAlias': '/promotion/new-arrivals', 'name': 'New For You', 'promoCode': '2023NEW', 'published': True, 'shortName': 'New'}]",rewind beer co - the dark crystal tall can,,,,Beer,"[{'id': 'empty-placeholder', 'label': '&nbsp;', 'labelLengthWithoutTags': 1}, {'id': 'featured', 'label': 'FEATURED', 'labelLengthWithoutTags': 8}]",True,1000,1006,1133,1354.672,9300.84,0.0946,137.3150105708245,0.3197969543147208
332,bcls,product,139375,0.25420842,RODENBACH - FLEMISH RED ALE VINTAGE,,,Import Beer,,[],True,12.99,False,False,2024-03-03T00:00:00.000-08:00,,,2024-03-03T00:00:00.000-08:00,['On Sale'],2024-03-31T00:00:00.000-07:00,,139375,True,[],,60,2024-03-11 19:10:01,,1,"['05410583801867', '05410583802765', '05410583802185']",False,,0.75,[],RODENBACH - FLEMISH RED ALE VINTAGE,Other,Belgium,False,,2,2,,,False,8.0, FLEMISH RED ALE VINTAGE,0.07,Import Beer,False,['On Sale'],ST,,RODENBACH ,BE,,Europe Beer,,False,False,0,10.97,,,,,rodenbach - flemish red ale vintage,,2024-03-31T00:00:00.000-07:00,,Beer,[],True,1000,1007,1188,45.0,779.4,0.052500000000000005,247.42857142857142,0.04060913705583756
333,bcls,product,505313,0.25420842,SALT SPRING ISLAND ALES - HEATHER ALE,,,Domestic - BC Beer,,[],,6.29,True,False,,,,,[],,,505313,,[],,212,2024-03-11 19:10:01,,1,['00626990118923'],False,,0.65,[],SALT SPRING ISLAND ALES - HEATHER ALE,Other,Canada,True,,2,2,,,False,11.0, HEATHER ALE,0.052000000000000005,Domestic Beer,False,[],SR,BC Craft Beer,SALT SPRING ISLAND ALES ,CA,,Domestic - BC Micro Brew Beer,,False,False,0,6.29,,,,,salt spring island ales - heather ale,,,,Beer,[],True,1000,1006,1133,137.8,1333.48,0.033800000000000004,186.094674556213,0.05583756345177665
334,bcls,product,472738,0.25420347,SAN MIGUEL,,,Import Beer,,[],,15.99,False,False,,,,,[],,,472738,,[],,25,2024-03-11 19:10:01,,6,"['00638609117647', '00638609110242']",False,,0.33,[],SAN MIGUEL,Pilsner,Philippines,False,,2,2,,,False,5.0,SAN MIGUEL,0.05,Import Beer,False,[],SR,,,PH,,Asia And South Pacific Beer,,False,False,0,15.99,,,,,san miguel,,,,Beer,[],True,1000,1007,1186,49.5,399.75,0.099,161.5151515151515,0.025380710659898477
335,bcls,product,187512,0.25420842,SAPPORO - 6PK BOTTLE,,,Domestic - Other Province Beer,,[],,16.29,False,False,,,,,[],,,187512,,[],,2560,2024-03-11 19:10:01,,6,['00056910600069'],False,,0.355,[],SAPPORO - 6PK BOTTLE,Pilsner,Canada,False,,2,2,,,False,126.0, 6PK BOTTLE,0.05,Domestic Beer,False,[],SR,National Domestic Beer,SAPPORO ,CA,,Domestic - Other Province Commercial Beer,,False,False,0,16.29,,,,,sapporo - 6pk bottle,,,,Beer,[],True,1000,1290,1138,5452.799999999999,41702.399999999994,0.1065,152.95774647887325,0.6395939086294417
336,bcls,product,455541,0.25420347,SAPPORO - TALL CAN,,,Domestic - Other Province Beer,,[],,17.79,False,False,,,,,[],,,455541,,[],,1584,2024-03-11 19:10:01,,6,['00056910605064'],False,,0.5,[],SAPPORO - TALL CAN,Lager,Canada,False,,2,2,,,False,103.0, TALL CAN,0.05,Domestic Beer,False,[],SR,National Domestic Beer,SAPPORO ,CA,,Domestic - Other Province Commercial Beer,,False,False,0,17.79,,,,,sapporo - tall can,,,,Beer,[],True,1000,1290,1138,4752.0,28179.359999999997,0.15000000000000002,118.59999999999998,0.5228426395939086
337,bcls,product,224501,0.25420842,SAPPORO - TALL CAN,,,Domestic - BC Beer,,['Spring into Fresh Flavours'],True,3.29,False,False,2024-03-03T00:00:00.000-08:00,,,2024-03-03T00:00:00.000-08:00,['On Sale'],2024-03-31T00:00:00.000-07:00,,224501,True,['Spring into Fresh Flavours'],,57812,2024-03-11 19:10:01,,1,['00056910605002'],False,,0.5,[],SAPPORO - TALL CAN,Pilsner,Canada,False,,2,2,,,False,176.0, TALL CAN,0.05,Domestic Beer,False,['On Sale'],G,National Domestic Beer,SAPPORO ,CA,,Domestic - BC Commercial Beer,,False,False,0,2.89,,,"[{'urlAlias': '/promotion/spring', 'name': 'Spring into Fresh Flavours', 'promoCode': '2024SPRINGSEASONAL', 'published': True, 'shortName': ''}]","[{'urlAlias': '/promotion/spring', 'name': 'Spring into Fresh Flavours', 'promoCode': '2024SPRINGSEASONAL', 'published': True, 'shortName': ''}]",sapporo - tall can,,2024-03-31T00:00:00.000-07:00,,Beer,"[{'id': 'empty-placeholder', 'label': '&nbsp;', 'labelLengthWithoutTags': 1}, {'id': 'featured', 'label': 'FEATURED', 'labelLengthWithoutTags': 8}]",True,1000,1006,1131,28906.0,190201.48,0.025,131.6,0.8934010152284264
338,bcls,product,56452,0.25420842,SCHNEIDER HELLE WEISSE 500ML TALL CAN,,,Import Beer,,[],,3.49,False,False,,,,,[],,,56452,,[],,2554,2024-03-11 19:10:01,,1,"['04003669016807', '04003669031015']",False,,0.5,[],SCHNEIDER HELLE WEISSE 500ML TALL CAN,Wheat,Germany,False,,2,2,,,False,56.0,SCHNEIDER HELLE WEISSE 500ML TALL CAN,0.052000000000000005,Import Beer,False,[],SR,,,DE,,Europe Beer,,False,False,0,3.49,,,,,schneider helle weisse 500ml tall can,,,,Beer,[],True,1000,1007,1188,1277.0,8913.460000000001,0.026000000000000002,134.23076923076923,0.28426395939086296
339,bcls,product,375983,0.25420842,SEEDLIP - GROVE 42,,,De-Alcoholized Product,,[],,42.49,,,,,,,[],,,375983,,[],,681,2024-03-11 19:10:01,,1,['00088076187269'],False,,0.7,[],SEEDLIP - GROVE 42,,United Kingdom,False,,2,2,,,False,107.0, GROVE 42,0.0005,De-Alcoholized Beer,False,[],SR,,SEEDLIP ,GB,,Beer And Refreshment De-Alcoholized Product,,False,False,0,42.49,,,,,seedlip - grove 42,,,,General Merchandise,[],True,1000,1009,1128,476.7,28935.690000000002,0.00035,121400.0,0.5431472081218274
340,bcls,product,513952,0.25420842,SHAFTEBURY FOUR TWENTY LAGER,,,Domestic - BC Beer,,[],,19.99,True,False,,,,,[],,,513952,,[],,829,2024-03-11 19:10:01,,15,['00569103200323'],False,,0.355,[],SHAFTEBURY FOUR TWENTY LAGER,Lager,Canada,True,,2,2,,,False,98.0,SHAFTEBURY FOUR TWENTY LAGER,0.05,Domestic Beer,False,[],SR,BC Craft Beer,,CA,,Domestic - BC Regional Beer,,False,False,0,19.99,,,,,shaftebury four twenty lager,,,,Beer,[],True,1000,1006,1135,4414.424999999999,16571.71,0.26625,75.07981220657277,0.49746192893401014
341,bcls,product,64940,0.25420347,SIERRA NEVADA - PALE ALE 6 PACK CANS,,,Import Beer,,[],,15.29,False,False,,,,,[],,,64940,,[],,318,2024-03-11 19:10:01,,6,['00083783535419'],False,,0.355,[],SIERRA NEVADA - PALE ALE 6 PACK CANS,India Pale Ale,USA,False,,2,2,,,False,41.0, PALE ALE 6 PACK CANS,0.055999999999999994,Import Beer,False,[],SR,,SIERRA NEVADA ,US,,USA Beer,,False,False,0,15.29,,,,,sierra nevada - pale ale 6 pack cans,,,,Beer,[],True,1000,1007,1195,677.3399999999999,4862.219999999999,0.11927999999999998,128.18578135479544,0.20812182741116753
342,bcls,product,676395,0.25420842,SINGHA LAGER,,,Import Beer,,[],,15.29,False,False,,,,,[],,,676395,,[],,895,2024-03-11 19:10:01,,6,"['00084543800075', '00084543573030']",False,,0.33,[],SINGHA LAGER,Lager,Thailand,False,,2,2,,,False,61.0,SINGHA LAGER,0.05,Import Beer,False,[],SR,,,TH,,Asia And South Pacific Beer,,False,False,0,15.29,,,,,singha lager,,,,Beer,[],True,1000,1007,1186,1772.1,13684.55,0.099,154.44444444444443,0.3096446700507614
343,bcls,product,13097,0.25420842,SLACKWATER BREWING - IDLEBACK AMBER TALL CAN,,,Domestic - BC Beer,,[],,13.79,False,False,,,,,[],,,13097,,[],,1030,2024-03-11 19:10:01,,4,['00628192900269'],False,,0.473,[],SLACKWATER BREWING - IDLEBACK AMBER TALL CAN,Amber Ale,Canada,True,,2,2,,,False,81.0, IDLEBACK AMBER TALL CAN,0.055,Domestic Beer,False,[],SH,BC Craft Beer,SLACKWATER BREWING ,CA,,Domestic - BC Micro Brew Beer,,False,False,0,13.79,,,,,slackwater brewing - idleback amber tall can,,,,Beer,[],True,1000,1006,1133,1948.76,14203.699999999999,0.10406,132.5197001729771,0.41116751269035534
344,bcls,product,67320,0.25420347,SLEEMAN - CLEAR CAN,,,Domestic - BC Beer,,[],True,30.79,False,False,2024-03-03T00:00:00.000-08:00,,,2024-03-03T00:00:00.000-08:00,['On Sale'],2024-03-31T00:00:00.000-07:00,,67320,True,[],,5906,2024-03-11 19:10:01,,15,['00056910301157'],False,,0.355,[],SLEEMAN - CLEAR CAN,Lager,Canada,False,,2,2,,,False,168.0, CLEAR CAN,0.04,Domestic Beer,False,['On Sale'],SR,National Domestic Beer,SLEEMAN ,CA,,Domestic - BC Commercial Beer,,False,False,0,27.79,,,,,sleeman - clear can,,2024-03-31T00:00:00.000-07:00,,Beer,[],True,1000,1006,1131,31449.449999999997,181845.74,0.21299999999999997,144.55399061032867,0.8527918781725888
345,bcls,product,695437,0.25420842,SLEEMAN - CLEAR CAN,,,Domestic - BC Beer,,[],,15.79,False,False,,,,,[],,,695437,,[],,2054,2024-03-11 19:10:01,,8,['00056910301188'],False,,0.355,[],SLEEMAN - CLEAR CAN,Lager,Canada,False,,2,2,,,False,133.0, CLEAR CAN,0.04,Domestic Beer,False,[],SR,National Domestic Beer,SLEEMAN ,CA,,Domestic - BC Commercial Beer,,False,False,0,15.79,,,,,sleeman - clear can,,,,Beer,[],True,1000,1006,1131,5833.36,32432.66,0.11359999999999999,138.99647887323943,0.6751269035532995
346,bcls,product,430970,0.25420347,SLEEMAN - CLEAR LIME CAN,,,Domestic - BC Beer,,[],True,26.99,False,False,2024-03-03T00:00:00.000-08:00,,,2024-03-03T00:00:00.000-08:00,"['BCL Select', 'On Sale']",2024-03-31T00:00:00.000-07:00,,430970,True,[],,55,2024-03-11 19:10:01,,12,['00056910103126'],False,,0.473,[],SLEEMAN - CLEAR LIME CAN,Lager,Canada,False,,3,3,,,False,9.0, CLEAR LIME CAN,0.04,Domestic Beer,True,"['BCL Select', 'On Sale']",C,National Domestic Beer,SLEEMAN ,CA,,Domestic - BC Commercial Beer,,False,False,0,22.47,,,,,sleeman - clear lime can,,2024-03-31T00:00:00.000-07:00,,Beer,"[{'id': 'empty-placeholder', 'label': '&nbsp;', 'labelLengthWithoutTags': 1}, {'id': 'exclusive', 'label': 'ONLY@BCL', 'labelLengthWithoutTags': 8}]",True,1000,1006,1131,312.18,1484.4499999999998,0.22704000000000002,118.87773079633543,0.04568527918781726
347,bcls,product,681403,0.25420347,SLEEMAN - HONEY BROWN LAGER,,,Domestic - BC Beer,,[],True,25.79,False,False,2024-03-03T00:00:00.000-08:00,,,2024-03-03T00:00:00.000-08:00,['On Sale'],2024-03-31T00:00:00.000-07:00,,681403,True,[],,3682,2024-03-11 19:10:01,,12,['00056910230129'],False,,0.341,[],SLEEMAN - HONEY BROWN LAGER,Dark Lager,Canada,False,,2,2,,,False,179.0, HONEY BROWN LAGER,0.05,Domestic Beer,False,['On Sale'],G,National Domestic Beer,SLEEMAN ,CA,,Domestic - BC Commercial Beer,,False,False,0,23.79,,,,,sleeman - honey brown lager,,2024-03-31T00:00:00.000-07:00,,Beer,[],True,1000,1006,1131,15066.744000000002,94958.78,0.20460000000000003,126.05083088954055,0.9086294416243654
348,bcls,product,488254,0.25420347,SLEEMAN - HONEY BROWN LAGER CAN,,,Domestic - BC Beer,,[],,24.49,False,False,,,,,[],,,488254,,[],,3324,2024-03-11 19:10:01,,12,['00056910233656'],False,,0.355,[],SLEEMAN - HONEY BROWN LAGER CAN,Dark Lager,Canada,False,,2,2,,,False,154.0, HONEY BROWN LAGER CAN,0.055,Domestic Beer,False,[],G,National Domestic Beer,SLEEMAN ,CA,,Domestic - BC Commercial Beer,,False,False,0,24.49,,,,,sleeman - honey brown lager can,,,,Beer,[],True,1000,1006,1131,14160.24,81404.76,0.23429999999999998,104.52411438326932,0.7817258883248731
349,bcls,product,643858,0.25420842,SLEEMAN - HONEY BROWN LAGER CAN,,,Domestic - BC Beer,,[],,14.49,False,False,,,,,[],,,643858,,[],,1236,2024-03-11 19:10:01,,6,['00056910233557'],False,,0.355,[],SLEEMAN - HONEY BROWN LAGER CAN,Dark Lager,Canada,False,,2,2,,,False,93.0, HONEY BROWN LAGER CAN,0.053,Domestic Beer,False,[],SR,National Domestic Beer,SLEEMAN ,CA,,Domestic - BC Commercial Beer,,False,False,0,14.49,,,,,sleeman - honey brown lager can,,,,Beer,[],True,1000,1006,1131,2632.68,17909.64,0.11288999999999999,128.35503587563116,0.4720812182741117
350,bcls,product,308387,0.25420347,SLEEMAN - ORIGINAL DRAUGHT CAN,,,Domestic - BC Beer,,['Spring into Fresh Flavours'],True,46.79,False,False,2024-03-03T00:00:00.000-08:00,,,2024-03-03T00:00:00.000-08:00,['On Sale'],2024-03-31T00:00:00.000-07:00,,308387,True,['Spring into Fresh Flavours'],,3437,2024-03-11 19:10:01,,24,['00056910201242'],False,,0.355,[],SLEEMAN - ORIGINAL DRAUGHT CAN,Pilsner,Canada,False,,2,2,,,False,106.0, ORIGINAL DRAUGHT CAN,0.05,Domestic Beer,False,['On Sale'],SR,National Domestic Beer,SLEEMAN ,CA,,Domestic - BC Commercial Beer,,False,False,0,40.79,,,"[{'urlAlias': '/promotion/spring', 'name': 'Spring into Fresh Flavours', 'promoCode': '2024SPRINGSEASONAL', 'published': True, 'shortName': ''}]","[{'urlAlias': '/promotion/spring', 'name': 'Spring into Fresh Flavours', 'promoCode': '2024SPRINGSEASONAL', 'published': True, 'shortName': ''}]",sleeman - original draught can,,2024-03-31T00:00:00.000-07:00,,Beer,"[{'id': 'empty-placeholder', 'label': '&nbsp;', 'labelLengthWithoutTags': 1}, {'id': 'featured', 'label': 'FEATURED', 'labelLengthWithoutTags': 8}]",True,1000,1006,1131,29283.239999999998,160817.23,0.426,109.83568075117371,0.5380710659898477
351,bcls,product,207431,0.25420842,SLEEMAN - ORIGINAL DRAUGHT CAN,,,Domestic - BC Beer,,['Spring into Fresh Flavours'],,29.29,False,False,,,,,[],,,207431,,['Spring into Fresh Flavours'],,6506,2024-03-11 19:10:01,,15,['00056910201150'],False,,0.355,[],SLEEMAN - ORIGINAL DRAUGHT CAN,Lager,Canada,False,,2,2,,,False,158.0, ORIGINAL DRAUGHT CAN,0.05,Domestic Beer,False,[],G,National Domestic Beer,SLEEMAN ,CA,,Domestic - BC Commercial Beer,,False,False,0,29.29,,,"[{'urlAlias': '/promotion/spring', 'name': 'Spring into Fresh Flavours', 'promoCode': '2024SPRINGSEASONAL', 'published': True, 'shortName': ''}]","[{'urlAlias': '/promotion/spring', 'name': 'Spring into Fresh Flavours', 'promoCode': '2024SPRINGSEASONAL', 'published': True, 'shortName': ''}]",sleeman - original draught can,,,,Beer,"[{'id': 'empty-placeholder', 'label': '&nbsp;', 'labelLengthWithoutTags': 1}, {'id': 'featured', 'label': 'FEATURED', 'labelLengthWithoutTags': 8}]",True,1000,1006,1131,34644.45,190560.74,0.26625,110.0093896713615,0.8020304568527918
352,bcls,product,496547,0.25420842,SLEEMAN - ORIGINAL DRAUGHT CAN,,,Domestic - BC Beer,,[],,15.79,False,False,,,,,[],,,496547,,[],,1596,2024-03-11 19:10:01,,8,['00056910201082'],False,,0.355,[],SLEEMAN - ORIGINAL DRAUGHT CAN,Lager,Canada,False,,2,2,,,False,112.0, ORIGINAL DRAUGHT CAN,0.05,Domestic Beer,False,[],G,National Domestic Beer,SLEEMAN ,CA,,Domestic - BC Commercial Beer,,False,False,0,15.79,,,,,sleeman - original draught can,,,,Beer,[],True,1000,1006,1131,4532.639999999999,25200.84,0.142,111.19718309859155,0.5685279187817259
353,bcls,product,315945,0.25420347,SLEEMAN - SELECTIONS CAN,,,Domestic - BC Beer,,[],True,24.49,False,False,2024-03-03T00:00:00.000-08:00,,,2024-03-03T00:00:00.000-08:00,['On Sale'],2024-03-31T00:00:00.000-07:00,,315945,True,[],,533,2024-03-11 19:10:01,,12,"['00056910281138', '00056910281121']",False,,0.355,[],SLEEMAN - SELECTIONS CAN,Other,Canada,False,,2,2,,,False,76.0, SELECTIONS CAN,0.05,Domestic Beer,False,['On Sale'],SR,National Domestic Beer,SLEEMAN ,CA,,Domestic - BC Commercial Beer,,False,False,0,22.49,,,,,sleeman - selections can,,2024-03-31T00:00:00.000-07:00,,Beer,[],True,1000,1006,1131,2270.58,13053.17,0.213,114.97652582159624,0.38578680203045684
354,bcls,product,388526,0.25420347,SOL,,,Domestic - Other Province Beer,,[],,15.49,False,False,,,,,[],,,388526,,[],,1089,2024-03-11 19:10:01,,6,['00056327017702'],False,,0.33,[],SOL,Lager,Canada,False,,2,2,,,False,119.0,SOL,0.045,Domestic Beer,False,[],SR,National Domestic Beer,,CA,,Domestic - Other Province Commercial Beer,,False,False,0,15.49,,,,,sol,,,,Beer,[],True,1000,1290,1138,2156.22,16868.61,0.0891,173.84960718294053,0.6040609137055838
355,bcls,product,388523,0.25420842,SOL,,,Domestic - Other Province Beer,,[],True,28.79,False,False,2024-03-03T00:00:00.000-08:00,,,2024-03-03T00:00:00.000-08:00,['On Sale'],2024-03-31T00:00:00.000-07:00,,388523,True,[],,392,2024-03-11 19:10:01,,12,['00056327017689'],False,,0.33,[],SOL,Lager,Canada,False,,3,3,,,False,46.0,SOL,0.045,Domestic Beer,False,['On Sale'],SR,National Domestic Beer,,CA,,Domestic - Other Province Commercial Beer,,False,False,0,23.37,,,,,sol,,2024-03-31T00:00:00.000-07:00,,Beer,[],True,1000,1290,1138,1552.32,11285.68,0.1782,161.56004489337823,0.233502538071066
356,bcls,product,469364,0.25420347,SOL - CAN,,,Domestic - Other Province Beer,,[],True,47.49,False,False,2024-03-03T00:00:00.000-08:00,,,2024-03-03T00:00:00.000-08:00,"['BCL Select', 'On Sale']",2024-03-31T00:00:00.000-07:00,,469364,True,[],,1712,2024-03-11 19:10:01,,20,['00056327021631'],False,,0.355,[],SOL - CAN,Lager,Canada,False,,2,2,,,False,102.0, CAN,0.045,Domestic Beer,True,"['BCL Select', 'On Sale']",C,National Domestic Beer,SOL ,CA,,Domestic - Other Province Commercial Beer,,False,False,0,42.49,,,,,sol - can,,2024-03-31T00:00:00.000-07:00,,Beer,"[{'id': 'empty-placeholder', 'label': '&nbsp;', 'labelLengthWithoutTags': 1}, {'id': 'exclusive', 'label': 'ONLY@BCL', 'labelLengthWithoutTags': 8}]",True,1000,1290,1138,12155.199999999999,81302.88,0.31949999999999995,148.6384976525822,0.5177664974619289
357,bcls,product,646000,0.25420842,ST BERNARDUS ABT 12,,,Import Beer,,[],,4.99,False,False,,,,,[],,,646000,,[],,211,2024-03-11 19:10:01,,1,"['05411911003649', '05411911001140', '00000054079021']",False,,0.33,[],ST BERNARDUS ABT 12,Other,Belgium,False,,2,2,,,False,17.0,ST BERNARDUS ABT 12,0.105,Import Beer,False,[],SR,,,BE,,Europe Beer,,False,False,0,4.99,,,,,st bernardus abt 12,,,,Beer,[],True,1000,1007,1188,69.63000000000001,1052.89,0.03465,144.011544011544,0.08629441624365482
358,bcls,product,272702,0.25420842,STANLEY PARK BREWING - CANUCKS LAGER,,,Domestic - BC Beer,,['New'],True,13.49,False,False,2024-03-03T00:00:00.000-08:00,,,2024-03-03T00:00:00.000-08:00,['On Sale'],2024-03-31T00:00:00.000-07:00,,272702,True,['New'],,2492,2024-03-11 19:10:01,,6,['00062067421938'],False,,0.355,[],STANLEY PARK BREWING - CANUCKS LAGER,Lager,Canada,False,,2,2,,,False,105.0, CANUCKS LAGER,0.04,Domestic Beer,False,['On Sale'],SH,National Domestic Beer,STANLEY PARK BREWING ,CA,,Domestic - BC Commercial Beer,,False,False,0,12.49,,,"[{'urlAlias': '/promotion/new-arrivals', 'name': 'New For You', 'promoCode': '2023NEW', 'published': True, 'shortName': 'New'}]","[{'urlAlias': '/promotion/new-arrivals', 'name': 'New For You', 'promoCode': '2023NEW', 'published': True, 'shortName': 'New'}]",stanley park brewing - canucks lager,,2024-03-31T00:00:00.000-07:00,,Beer,"[{'id': 'empty-placeholder', 'label': '&nbsp;', 'labelLengthWithoutTags': 1}, {'id': 'featured', 'label': 'FEATURED', 'labelLengthWithoutTags': 8}]",True,1000,1006,1131,5307.96,33617.08,0.0852,158.33333333333334,0.5329949238578681
359,bcls,product,119357,0.25420842,STANLEY PARK BREWING - CONCESSION STAND CAN MIXED PACK,,,Domestic - BC Beer,,[],True,24.49,False,False,2024-03-03T00:00:00.000-08:00,,,2024-03-03T00:00:00.000-08:00,['On Sale'],2024-03-31T00:00:00.000-07:00,,119357,True,[],,1533,2024-03-11 19:10:01,,12,"['00062067421921', '00062067378737', '00062067380914', '00062067384271', '00062067382666', '00062067377921', '00062067385667', '00062067202834']",False,,0.355,[],STANLEY PARK BREWING - CONCESSION STAND CAN MIXED PACK,Other,Canada,False,,2,2,,,False,135.0, CONCESSION STAND CAN MIXED PACK,0.05,Domestic Beer,False,['On Sale'],SR,National Domestic Beer,STANLEY PARK BREWING ,CA,,Domestic - BC Commercial Beer,,False,False,0,22.49,,,,,stanley park brewing - concession stand can mixed pack,,2024-03-31T00:00:00.000-07:00,,Beer,[],True,1000,1006,1131,6530.58,37543.17,0.213,114.97652582159624,0.6852791878172588
360,bcls,product,171262,0.25420347,STANLEY PARK BREWING - ELECTRO LAGER CAN,,,Domestic - BC Beer,,[],,13.79,False,False,,,,,[],,,171262,,[],,800,2024-03-11 19:10:01,,6,['00062067378379'],False,,0.355,[],STANLEY PARK BREWING - ELECTRO LAGER CAN,Lager,Canada,False,,2,2,,,False,91.0, ELECTRO LAGER CAN,0.04,Domestic Beer,False,[],SR,National Domestic Beer,STANLEY PARK BREWING ,CA,,Domestic - BC Commercial Beer,,False,False,0,13.79,,,,,stanley park brewing - electro lager can,,,,Beer,[],True,1000,1006,1131,1704.0,11032.0,0.0852,161.8544600938967,0.4619289340101523
361,bcls,product,93126,0.25420842,STANLEY PARK BREWING - PARK SESH LAGER CAN,,,Domestic - BC Beer,,[],True,12.49,False,False,2024-03-03T00:00:00.000-08:00,,,2024-03-03T00:00:00.000-08:00,['On Sale'],2024-03-31T00:00:00.000-07:00,,93126,True,[],,710,2024-03-11 19:10:01,,6,['00062067384240'],False,,0.355,[],STANLEY PARK BREWING - PARK SESH LAGER CAN,Lager,Canada,False,,2,2,,,False,65.0, PARK SESH LAGER CAN,0.05,Domestic Beer,False,['On Sale'],SR,National Domestic Beer,STANLEY PARK BREWING ,CA,,Domestic - BC Commercial Beer,,False,False,0,11.49,,,,,stanley park brewing - park sesh lager can,,2024-03-31T00:00:00.000-07:00,,Beer,[],True,1000,1006,1131,1512.3,8867.9,0.1065,117.27699530516432,0.3299492385786802
362,bcls,product,972422,0.25420347,STANLEY PARK BREWING - SUNSETTER,,,Domestic - BC Beer,,[],,13.99,False,False,,,,,[],,,972422,,[],,996,2024-03-11 19:10:01,,6,"['00779305103616', '00062067148293', '00062067148309']",False,,0.355,[],STANLEY PARK BREWING - SUNSETTER,Wheat,Canada,False,,2,2,,,False,127.0, SUNSETTER,0.048,Domestic Beer,False,[],SR,National Domestic Beer,STANLEY PARK BREWING ,CA,,Domestic - BC Commercial Beer,,False,False,0,13.99,,,,,stanley park brewing - sunsetter,,,,Beer,[],True,1000,1006,1131,2121.48,13934.04,0.10224,136.83489827856025,0.6446700507614214
363,bcls,product,195696,0.25420842,STANLEY PARK BREWING - TRAIL HOPPER IPA CAN,,,Domestic - BC Beer,,[],,13.79,False,False,,,,,[],,,195696,,[],,1952,2024-03-11 19:10:01,,6,['00062067375743'],False,,0.355,[],STANLEY PARK BREWING - TRAIL HOPPER IPA CAN,India Pale Ale,Canada,False,,2,2,,,False,131.0, TRAIL HOPPER IPA CAN,0.068,Domestic Beer,False,[],SR,National Domestic Beer,STANLEY PARK BREWING ,CA,,Domestic - BC Commercial Beer,,False,False,0,13.79,,,,,stanley park brewing - trail hopper ipa can,,,,Beer,[],True,1000,1006,1131,4157.76,26918.079999999998,0.14484,95.2085059375863,0.6649746192893401
364,bcls,product,198890,0.25420347,STANLEY PARK BREWING - TRAIL HOPPER IPA TALL CAN,,,Domestic - BC Beer,,['Spring into Fresh Flavours'],True,2.89,False,False,2024-03-03T00:00:00.000-08:00,,,2024-03-03T00:00:00.000-08:00,['On Sale'],2024-03-31T00:00:00.000-07:00,,198890,True,['Spring into Fresh Flavours'],,27691,2024-03-11 19:10:01,,1,['00062067377495'],False,,0.473,[],STANLEY PARK BREWING - TRAIL HOPPER IPA TALL CAN,India Pale Ale,Canada,False,,2,2,,,False,161.0, TRAIL HOPPER IPA TALL CAN,0.068,Domestic Beer,False,['On Sale'],SR,National Domestic Beer,STANLEY PARK BREWING ,CA,,Domestic - BC Commercial Beer,,False,False,0,2.49,,,"[{'urlAlias': '/promotion/spring', 'name': 'Spring into Fresh Flavours', 'promoCode': '2024SPRINGSEASONAL', 'published': True, 'shortName': ''}]","[{'urlAlias': '/promotion/spring', 'name': 'Spring into Fresh Flavours', 'promoCode': '2024SPRINGSEASONAL', 'published': True, 'shortName': ''}]",stanley park brewing - trail hopper ipa tall can,,2024-03-31T00:00:00.000-07:00,,Beer,"[{'id': 'empty-placeholder', 'label': '&nbsp;', 'labelLengthWithoutTags': 1}, {'id': 'featured', 'label': 'FEATURED', 'labelLengthWithoutTags': 8}]",True,1000,1006,1131,13097.842999999999,80026.99,0.032164,89.85200845665963,0.817258883248731
365,bcls,product,102158,0.25420842,STANLEY PARK BREWING - WAYPOINT HAZY PALE ALE CAN,,,Domestic - BC Beer,,[],True,13.79,False,False,2024-03-03T00:00:00.000-08:00,,,2024-03-03T00:00:00.000-08:00,['On Sale'],2024-03-31T00:00:00.000-07:00,,102158,True,[],,495,2024-03-11 19:10:01,,6,['00062067379994'],False,,0.355,[],STANLEY PARK BREWING - WAYPOINT HAZY PALE ALE CAN,Pale Ale,Canada,False,,3,3,,,False,58.0, WAYPOINT HAZY PALE ALE CAN,0.052000000000000005,Domestic Beer,False,['On Sale'],SR,National Domestic Beer,STANLEY PARK BREWING ,CA,,Domestic - BC Commercial Beer,,False,False,0,11.27,,,,,stanley park brewing - waypoint hazy pale ale can,,2024-03-31T00:00:00.000-07:00,,Beer,[],True,1000,1006,1131,1054.35,6826.049999999999,0.11076,124.50343084145901,0.29441624365482233
366,bcls,product,198832,0.25420842,STANLEY PARK BREWING - WINDSTORM TALL CAN,,,Domestic - BC Beer,,[],,2.89,False,False,,,,,[],,,198832,,[],,9494,2024-03-11 19:10:01,,1,['00062067377488'],False,,0.473,[],STANLEY PARK BREWING - WINDSTORM TALL CAN,Pale Ale,Canada,False,,2,2,,,False,135.0, WINDSTORM TALL CAN,0.054000000000000006,Domestic Beer,False,[],SR,National Domestic Beer,STANLEY PARK BREWING ,CA,,Domestic - BC Commercial Beer,,False,False,0,2.89,,,,,stanley park brewing - windstorm tall can,,,,Beer,[],True,1000,1006,1131,4490.661999999999,27437.66,0.025542000000000002,113.14697361208988,0.6852791878172588
367,bcls,product,672816,0.25420347,STEAM WHISTLE - PILSNER CAN,,,Domestic - Other Province Beer,,[],,14.29,False,False,,,,,[],,,672816,,[],,367,2024-03-11 19:10:01,,6,['00702915002024'],False,,0.355,[],STEAM WHISTLE - PILSNER CAN,Pilsner,Canada,False,,2,2,,,False,50.0, PILSNER CAN,0.05,Domestic Beer,False,[],SR,Outside of BC Beer,STEAM WHISTLE ,CA,,Domestic - Other Province Regional Beer,,False,False,0,14.29,,,,,steam whistle - pilsner can,,,,Beer,[],True,1000,1290,1142,781.7099999999999,5244.429999999999,0.1065,134.17840375586854,0.25380710659898476
368,bcls,product,408702,0.25420347,STEAMWORKS - EMPRESS DOUBLE IPA,,,Domestic - BC Beer,,['New'],,3.79,False,False,,,,,[],,,408702,,['New'],,1696,2024-03-11 19:10:01,,1,['00185902003653'],False,,0.473,[],STEAMWORKS - EMPRESS DOUBLE IPA,India Pale Ale,Canada,True,,2,2,,,False,49.0, EMPRESS DOUBLE IPA,0.09,Domestic Beer,False,[],ST,BC Craft Beer,STEAMWORKS ,CA,,Domestic - BC Regional Beer,,False,False,0,3.79,,,"[{'urlAlias': '/promotion/new-arrivals', 'name': 'New For You', 'promoCode': '2023NEW', 'published': True, 'shortName': 'New'}]","[{'urlAlias': '/promotion/new-arrivals', 'name': 'New For You', 'promoCode': '2023NEW', 'published': True, 'shortName': 'New'}]",steamworks - empress double ipa,,,,Beer,"[{'id': 'empty-placeholder', 'label': '&nbsp;', 'labelLengthWithoutTags': 1}, {'id': 'featured', 'label': 'FEATURED', 'labelLengthWithoutTags': 8}]",True,1000,1006,1135,802.208,6427.84,0.04257,89.02983321587973,0.24873096446700507
369,bcls,product,51210,0.25420842,STEAMWORKS - FLAGSHIP 8 CAN,,,Domestic - BC Beer,,[],,16.99,True,False,,,,,[],,,51210,,[],,1384,2024-03-11 19:10:01,,8,['00185902002618'],False,,0.355,[],STEAMWORKS - FLAGSHIP 8 CAN,India Pale Ale,Canada,True,,2,2,,,False,148.0, FLAGSHIP 8 CAN,0.067,Domestic Beer,False,[],SR,BC Craft Beer,STEAMWORKS ,CA,,Domestic - BC Regional Beer,,False,False,0,16.99,,,,,steamworks - flagship 8 can,,,,Beer,[],True,1000,1006,1135,3930.56,23514.159999999996,0.19028,89.28946815219675,0.751269035532995
370,bcls,product,189053,0.25420842,STEAMWORKS - FLAGSHIP IPA TALL CAN,,,Domestic - BC Beer,,[],True,3.29,True,False,2024-03-03T00:00:00.000-08:00,,,2024-03-03T00:00:00.000-08:00,['On Sale'],2024-03-31T00:00:00.000-07:00,,189053,True,[],,13585,2024-03-11 19:10:01,,1,['00185902001963'],False,,0.473,[],STEAMWORKS - FLAGSHIP IPA TALL CAN,India Pale Ale,Canada,True,,2,2,,,False,160.0, FLAGSHIP IPA TALL CAN,0.067,Domestic Beer,False,['On Sale'],SR,BC Craft Beer,STEAMWORKS ,CA,,Domestic - BC Regional Beer,,False,False,0,2.99,,,,,steamworks - flagship ipa tall can,,2024-03-31T00:00:00.000-07:00,,Beer,[],True,1000,1006,1135,6425.705,44694.65,0.031691,103.81496323877442,0.8121827411167513
371,bcls,product,171617,0.25420842,STEAMWORKS - HAZY PALE ALE CAN,,,Domestic - BC Beer,,[],,15.99,True,False,,,,,[],,,171617,,[],,979,2024-03-11 19:10:01,,8,['00185902002533'],False,,0.355,[],STEAMWORKS - HAZY PALE ALE CAN,Pale Ale,Canada,True,,2,2,,,False,119.0, HAZY PALE ALE CAN,0.05,Domestic Beer,False,[],SR,BC Craft Beer,STEAMWORKS ,CA,,Domestic - BC Regional Beer,,False,False,0,15.99,,,,,steamworks - hazy pale ale can,,,,Beer,[],True,1000,1006,1135,2780.3599999999997,15654.210000000001,0.142,112.60563380281691,0.6040609137055838
372,bcls,product,356273,0.25420842,STEAMWORKS - JOHN OLIVER IPA CAN,,,Domestic - BC Beer,,[],True,12.99,False,False,2024-03-03T00:00:00.000-08:00,,,2024-03-03T00:00:00.000-08:00,"['BCL Select', 'On Sale']",2024-03-31T00:00:00.000-07:00,,356273,True,[],,1735,2024-03-11 19:10:01,,6,['00185902004087'],False,,0.355,[],STEAMWORKS - JOHN OLIVER IPA CAN,India Pale Ale,Canada,True,,2,2,,,False,92.0, JOHN OLIVER IPA CAN,0.065,Domestic Beer,True,"['BCL Select', 'On Sale']",C,BC Craft Beer,STEAMWORKS ,CA,,Domestic - BC Regional Beer,,False,False,0,9.99,,,,,steamworks - john oliver ipa can,,2024-03-31T00:00:00.000-07:00,,Beer,"[{'id': 'empty-placeholder', 'label': '&nbsp;', 'labelLengthWithoutTags': 1}, {'id': 'exclusive', 'label': 'ONLY@BCL', 'labelLengthWithoutTags': 8}]",True,1000,1006,1135,3695.5499999999997,22537.65,0.13845,93.82448537378116,0.467005076142132
373,bcls,product,348590,0.25420842,STEAMWORKS - JOHN OLIVER LAGER,,,Domestic - BC Beer,,[],True,37.99,False,False,2024-03-03T00:00:00.000-08:00,,,2024-03-03T00:00:00.000-08:00,['On Sale'],2024-03-31T00:00:00.000-07:00,,348590,True,[],,13,2024-03-11 19:10:01,,24,['00185902004100'],False,,0.33,[],STEAMWORKS - JOHN OLIVER LAGER,Lager,Canada,True,,2,2,,,False,4.0, JOHN OLIVER LAGER,0.052000000000000005,Domestic Beer,False,['On Sale'],ST,BC Craft Beer,STEAMWORKS ,CA,,Domestic - BC Regional Beer,,False,False,0,32.99,,,,,steamworks - john oliver lager,,2024-03-31T00:00:00.000-07:00,,Beer,[],True,1000,1006,1135,102.96,493.87,0.41184000000000004,92.24456099456098,0.02030456852791878
374,bcls,product,326105,0.25420347,STEAMWORKS - JOHN OLIVER LAGER 6 PACK CAN,,,Domestic - BC Beer,,[],,11.99,False,False,,,,,['BCL Select'],,,326105,,[],,2589,2024-03-11 19:10:01,,6,['00185902003950'],False,,0.355,[],STEAMWORKS - JOHN OLIVER LAGER 6 PACK CAN,Lager,Canada,True,,2,2,,,False,128.0, JOHN OLIVER LAGER 6 PACK CAN,0.052000000000000005,Domestic Beer,True,['BCL Select'],C,BC Craft Beer,STEAMWORKS ,CA,,Domestic - BC Regional Beer,,False,False,0,11.99,,,,,steamworks - john oliver lager 6 pack can,,,,Beer,"[{'id': 'empty-placeholder', 'label': '&nbsp;', 'labelLengthWithoutTags': 1}, {'id': 'exclusive', 'label': 'ONLY@BCL', 'labelLengthWithoutTags': 8}]",True,1000,1006,1135,5514.57,31042.11,0.11076,108.25207656193572,0.649746192893401
375,bcls,product,46075,0.25420347,STEAMWORKS - JOHN OLIVER LAGER CAN,,,Domestic - BC Beer,,[],,24.99,True,False,,,,,['BCL Select'],,,46075,,[],,2728,2024-03-11 19:10:01,,15,['00185902003196'],False,,0.355,[],STEAMWORKS - JOHN OLIVER LAGER CAN,Lager,Canada,True,,2,2,,,False,126.0, JOHN OLIVER LAGER CAN,0.052000000000000005,Domestic Beer,True,['BCL Select'],C,BC Craft Beer,STEAMWORKS ,CA,,Domestic - BC Regional Beer,,False,False,0,24.99,,,,,steamworks - john oliver lager can,,,,Beer,"[{'id': 'empty-placeholder', 'label': '&nbsp;', 'labelLengthWithoutTags': 1}, {'id': 'exclusive', 'label': 'ONLY@BCL', 'labelLengthWithoutTags': 8}]",True,1000,1006,1135,14526.599999999999,68172.72,0.2769,90.24918743228602,0.6395939086294417
376,bcls,product,551937,0.25420347,STEAMWORKS - KOLSCH TALL CAN,,,Domestic - BC Beer,,[],,2.69,True,False,,,,,[],,,551937,,[],,9051,2024-03-11 19:10:01,,1,['00185902001345'],False,,0.473,[],STEAMWORKS - KOLSCH TALL CAN,Altbier,Canada,True,,2,2,,,False,140.0, KOLSCH TALL CAN,0.048,Domestic Beer,False,[],SR,BC Craft Beer,STEAMWORKS ,CA,,Domestic - BC Regional Beer,,False,False,0,2.69,,,,,steamworks - kolsch tall can,,,,Beer,[],True,1000,1006,1135,4281.123,24347.19,0.022704,118.48132487667372,0.7106598984771574
377,bcls,product,175370,0.25420347,STEAMWORKS - LIONS GATE LAGER CAN 355ML,,,Domestic - BC Beer,,[],True,21.99,True,False,2024-03-03T00:00:00.000-08:00,,,2024-03-03T00:00:00.000-08:00,"['BCL Select', 'On Sale']",2024-03-31T00:00:00.000-07:00,,175370,True,[],,1263,2024-03-11 19:10:01,,12,['00185902001925'],False,,0.355,[],STEAMWORKS - LIONS GATE LAGER CAN 355ML,Lager,Canada,True,,2,2,,,False,110.0, LIONS GATE LAGER CAN 355ML,0.048,Domestic Beer,True,"['BCL Select', 'On Sale']",C,BC Craft Beer,STEAMWORKS ,CA,,Domestic - BC Regional Beer,,False,False,0,18.99,,,,,steamworks - lions gate lager can 355ml,,2024-03-31T00:00:00.000-07:00,,Beer,"[{'id': 'empty-placeholder', 'label': '&nbsp;', 'labelLengthWithoutTags': 1}, {'id': 'exclusive', 'label': 'ONLY@BCL', 'labelLengthWithoutTags': 8}]",True,1000,1006,1135,5380.38,27773.37,0.20448,107.54107981220656,0.5583756345177665
378,bcls,product,862375,0.25420842,STEAMWORKS - MASH-UP 8 TALL CAN PACK,,,Domestic - BC Beer,,[],True,21.99,True,False,2024-03-03T00:00:00.000-08:00,,,2024-03-03T00:00:00.000-08:00,['On Sale'],2024-03-31T00:00:00.000-07:00,,862375,True,[],,1693,2024-03-11 19:10:01,,8,['00185902001260'],False,,0.473,[],STEAMWORKS - MASH-UP 8 TALL CAN PACK,Variety Pack,Canada,True,,2,2,,,False,145.0, MASH-UP 8 TALL CAN PACK,0.05,Domestic Beer,False,['On Sale'],G,BC Craft Beer,STEAMWORKS ,CA,,Domestic - BC Regional Beer,,False,False,0,19.99,,,,,steamworks - mash-up 8 tall can pack,,2024-03-31T00:00:00.000-07:00,,Beer,[],True,1000,1006,1135,6406.312,37229.07,0.1892,116.22621564482029,0.7360406091370558
379,bcls,product,62263,0.25420842,STEAMWORKS - MASH-UP CAN MIX PACK,,,Domestic - BC Beer,,[],,23.99,True,False,,,,,[],,,62263,,[],,1088,2024-03-11 19:10:01,,12,['00185902003240'],False,,0.355,[],STEAMWORKS - MASH-UP CAN MIX PACK,Variety Pack,Canada,True,,2,2,,,False,108.0, MASH-UP CAN MIX PACK,0.049,Domestic Beer,False,[],SR,BC Craft Beer,STEAMWORKS ,CA,,Domestic - BC Regional Beer,,False,False,0,23.99,,,,,steamworks - mash-up can mix pack,,,,Beer,[],True,1000,1006,1135,4634.88,26101.12,0.20874,114.92766120532718,0.5482233502538071
380,bcls,product,119523,0.25420842,STEAMWORKS - MASH-UP HOPPY 8 TALL CAN PACK,,,Domestic - BC Beer,,[],,22.99,True,False,,,,,[],,,119523,,[],,1572,2024-03-11 19:10:01,,8,"['00185902004513', '00185902001772']",False,,0.473,[],STEAMWORKS - MASH-UP HOPPY 8 TALL CAN PACK,Variety Pack,Canada,True,,2,2,,,False,115.0, MASH-UP HOPPY 8 TALL CAN PACK,0.06,Domestic Beer,False,[],SR,BC Craft Beer,STEAMWORKS ,CA,,Domestic - BC Regional Beer,,False,False,0,22.99,,,,,steamworks - mash-up hoppy 8 tall can pack,,,,Beer,[],True,1000,1006,1135,5948.447999999999,36140.28,0.22704,101.25968992248062,0.583756345177665
381,bcls,product,111787,0.25420347,STEAMWORKS - PALE ALE 8 CAN,,,Domestic - BC Beer,,[],,15.49,True,False,,,,,[],,,111787,,[],,1438,2024-03-11 19:10:01,,8,['00185902002809'],False,,0.355,[],STEAMWORKS - PALE ALE 8 CAN,Pale Ale,Canada,True,,2,2,,,False,99.0, PALE ALE 8 CAN,0.05,Domestic Beer,False,[],SR,BC Craft Beer,STEAMWORKS ,CA,,Domestic - BC Regional Beer,,False,False,0,15.49,,,,,steamworks - pale ale 8 can,,,,Beer,[],True,1000,1006,1135,4083.9199999999996,22274.62,0.142,109.08450704225353,0.5025380710659898
382,bcls,product,652735,0.25420842,STEAMWORKS - PALE ALE TALL CAN,,,Domestic - BC Beer,,[],,2.79,True,False,,,,,[],,,652735,,[],,13852,2024-03-11 19:10:01,,1,['00185902001321'],False,,0.473,[],STEAMWORKS - PALE ALE TALL CAN,Pale Ale,Canada,True,,2,2,,,False,162.0, PALE ALE TALL CAN,0.052000000000000005,Domestic Beer,False,[],SR,BC Craft Beer,STEAMWORKS ,CA,,Domestic - BC Regional Beer,,False,False,0,2.79,,,,,steamworks - pale ale tall can,,,,Beer,[],True,1000,1006,1135,6551.996,38647.08,0.024596,113.43307854935762,0.8223350253807107
383,bcls,product,102395,0.25420842,STEAMWORKS - PILSNER 8 CAN,,,Domestic - BC Beer,,[],True,15.49,True,False,2024-03-03T00:00:00.000-08:00,,,2024-03-03T00:00:00.000-08:00,['On Sale'],2024-03-31T00:00:00.000-07:00,,102395,True,[],,1269,2024-03-11 19:10:01,,8,['00185902002786'],False,,0.355,[],STEAMWORKS - PILSNER 8 CAN,Pilsner,Canada,True,,2,2,,,False,122.0, PILSNER 8 CAN,0.05,Domestic Beer,False,['On Sale'],SR,BC Craft Beer,STEAMWORKS ,CA,,Domestic - BC Regional Beer,,False,False,0,13.99,,,,,steamworks - pilsner 8 can,,2024-03-31T00:00:00.000-07:00,,Beer,[],True,1000,1006,1135,3603.96,19656.81,0.142,109.08450704225353,0.6192893401015228
384,bcls,product,585182,0.25420347,STEAMWORKS - PILSNER TALL CAN 473ML,,,Domestic - BC Beer,,[],,2.69,True,False,,,,,[],,,585182,,[],,14901,2024-03-11 19:10:01,,1,['00185902001338'],False,,0.473,[],STEAMWORKS - PILSNER TALL CAN 473ML,Pilsner,Canada,True,,2,2,,,False,152.0, PILSNER TALL CAN 473ML,0.05,Domestic Beer,False,[],SR,BC Craft Beer,STEAMWORKS ,CA,,Domestic - BC Regional Beer,,False,False,0,2.69,,,,,steamworks - pilsner tall can 473ml,,,,Beer,[],True,1000,1006,1135,7048.173,40083.69,0.02365,113.74207188160676,0.7715736040609137
385,bcls,product,408705,0.25420842,STEAMWORKS - SALTED CHOCOLATE PORTER TALL CAN,,,Domestic - BC Beer,,[],,3.49,False,False,,,,,[],,,408705,,[],,1874,2024-03-11 19:10:01,,1,['00185902003677'],False,,0.473,[],STEAMWORKS - SALTED CHOCOLATE PORTER TALL CAN,Porter,Canada,True,,2,2,,,False,66.0, SALTED CHOCOLATE PORTER TALL CAN,0.06,Domestic Beer,False,[],SH,BC Craft Beer,STEAMWORKS ,CA,,Domestic - BC Regional Beer,,False,False,0,3.49,,,,,steamworks - salted chocolate porter tall can,,,,Beer,[],True,1000,1006,1135,886.4019999999999,6540.26,0.02838,122.9739252995067,0.3350253807106599
386,bcls,product,612358,0.25420347,STEEL & OAK - ROYAL CITY ALE CAN,,,Domestic - BC Beer,,[],True,13.79,True,False,2024-03-03T00:00:00.000-08:00,,,2024-03-03T00:00:00.000-08:00,['On Sale'],2024-03-31T00:00:00.000-07:00,,612358,True,[],,526,2024-03-11 19:10:01,,4,['00628451330172'],False,,0.473,[],STEEL & OAK - ROYAL CITY ALE CAN,Pale Ale,Canada,True,,2,2,,,False,41.0, ROYAL CITY ALE CAN,0.05,Domestic Beer,False,['On Sale'],SR,BC Craft Beer,STEEL & OAK ,CA,,Domestic - BC Micro Brew Beer,,False,False,0,12.79,,,,,steel & oak - royal city ale can,,2024-03-31T00:00:00.000-07:00,,Beer,[],True,1000,1006,1133,995.1919999999999,7253.54,0.0946,145.77167019027482,0.20812182741116753
387,bcls,product,73007,0.25420842,STEEL & OAK - SMOKED HONEY BOCK .650L,,,Domestic - BC Beer,,['New'],,7.69,False,False,,,,,[],,,73007,,['New'],,404,2024-03-11 19:10:01,,1,['00628451330127'],False,,0.65,[],STEEL & OAK - SMOKED HONEY BOCK .650L,Dark Lager,Canada,True,,2,2,,,False,30.0, SMOKED HONEY BOCK .650L,0.07200000000000001,Domestic Beer,False,[],ST,BC Craft Beer,STEEL & OAK ,CA,,Domestic - BC Micro Brew Beer,,False,False,0,7.69,,,"[{'urlAlias': '/promotion/new-arrivals', 'name': 'New For You', 'promoCode': '2023NEW', 'published': True, 'shortName': 'New'}]","[{'urlAlias': '/promotion/new-arrivals', 'name': 'New For You', 'promoCode': '2023NEW', 'published': True, 'shortName': 'New'}]",steel & oak - smoked honey bock .650l,,,,Beer,"[{'id': 'empty-placeholder', 'label': '&nbsp;', 'labelLengthWithoutTags': 1}, {'id': 'featured', 'label': 'FEATURED', 'labelLengthWithoutTags': 8}]",True,1000,1006,1133,262.6,3106.76,0.04680000000000001,164.3162393162393,0.15228426395939088
388,bcls,product,36296,0.25420842,STEEL AND OAK - RED PILSNER TALL CAN,,,Domestic - BC Beer,,[],True,13.79,True,False,2024-03-03T00:00:00.000-08:00,,,2024-03-03T00:00:00.000-08:00,['On Sale'],2024-03-31T00:00:00.000-07:00,,36296,True,[],,559,2024-03-11 19:10:01,,4,['00628451330363'],False,,0.473,[],STEEL AND OAK - RED PILSNER TALL CAN,Pilsner,Canada,True,,2,2,,,False,53.0, RED PILSNER TALL CAN,0.05,Domestic Beer,False,['On Sale'],SR,BC Craft Beer,STEEL AND OAK ,CA,,Domestic - BC Micro Brew Beer,,False,False,0,12.79,,,,,steel and oak - red pilsner tall can,,2024-03-31T00:00:00.000-07:00,,Beer,[],True,1000,1006,1133,1057.628,7708.61,0.0946,145.77167019027482,0.26903553299492383
389,bcls,product,15303,0.25420347,STELLA ARTOIS,,,Domestic - Other Province Beer,,[],,56.99,False,False,,,,,[],,,15303,,[],,611,2024-03-11 19:10:01,,24,['00062067382246'],False,,0.33,[],STELLA ARTOIS,Lager,Canada,False,,2,2,,,False,51.0,STELLA ARTOIS,0.05,Domestic Beer,False,[],SR,National Domestic Beer,,CA,,Domestic - Other Province Commercial Beer,,False,False,0,56.99,,,,,stella artois,,,,Beer,[],True,1000,1290,1138,4839.12,34820.89,0.396,143.91414141414143,0.25888324873096447
390,bcls,product,15327,0.25420347,STELLA ARTOIS,,,Domestic - Other Province Beer,,[],,15.99,False,False,,,,,[],,,15327,,[],,3118,2024-03-11 19:10:01,,6,['00062067382222'],False,,0.33,[],STELLA ARTOIS,Lager,Canada,False,,2,2,,,False,182.0,STELLA ARTOIS,0.05,Domestic Beer,False,[],G,National Domestic Beer,,CA,,Domestic - Other Province Commercial Beer,,False,False,0,15.99,,,,,stella artois,,,,Beer,[],True,1000,1290,1138,6173.64,49856.82,0.099,161.5151515151515,0.9238578680203046
391,bcls,product,15011,0.25420842,STELLA ARTOIS,,,Domestic - Other Province Beer,,['Featured Products'],True,30.99,False,False,2024-03-03T00:00:00.000-08:00,,,2024-03-03T00:00:00.000-08:00,['On Sale'],2024-03-31T00:00:00.000-07:00,,15011,True,['Featured Products'],,6117,2024-03-11 19:10:01,,12,['00062067382239'],False,,0.33,[],STELLA ARTOIS,Lager,Canada,False,,2,2,,,False,191.0,STELLA ARTOIS,0.05,Domestic Beer,False,['On Sale'],G,National Domestic Beer,,CA,,Domestic - Other Province Commercial Beer,,False,False,0,28.49,,,"[{'urlAlias': '/promotion/monthly-flyer', 'name': 'Featured Products', 'promoCode': '202403FEATURESALE', 'published': True, 'shortName': ''}]","[{'urlAlias': '/promotion/monthly-flyer', 'name': 'Featured Products', 'promoCode': '202403FEATURESALE', 'published': True, 'shortName': ''}]",stella artois,,2024-03-31T00:00:00.000-07:00,,Beer,"[{'id': 'empty-placeholder', 'label': '&nbsp;', 'labelLengthWithoutTags': 1}, {'id': 'featured', 'label': 'FEATURED', 'labelLengthWithoutTags': 8}]",True,1000,1290,1138,24223.32,189565.83,0.198,156.5151515151515,0.9695431472081218
392,bcls,product,15330,0.25420842,STELLA ARTOIS,,,Domestic - Other Province Beer,,[],True,42.49,False,False,2024-03-03T00:00:00.000-08:00,,,2024-03-03T00:00:00.000-08:00,['On Sale'],2024-03-31T00:00:00.000-07:00,,15330,True,[],,947,2024-03-11 19:10:01,,18,['00062067382284'],False,,0.33,[],STELLA ARTOIS,Lager,Canada,False,,3,3,,,False,60.0,STELLA ARTOIS,0.05,Domestic Beer,False,['On Sale'],SR,National Domestic Beer,,CA,,Domestic - Other Province Commercial Beer,,False,False,0,34.87,,,,,stella artois,,2024-03-31T00:00:00.000-07:00,,Beer,[],True,1000,1290,1138,5625.18,40238.03,0.29700000000000004,143.06397306397304,0.30456852791878175
393,bcls,product,15005,0.25420842,STELLA ARTOIS - CAN,,,Domestic - Other Province Beer,,[],True,30.99,False,False,2024-03-03T00:00:00.000-08:00,,,2024-03-03T00:00:00.000-08:00,['On Sale'],2024-03-31T00:00:00.000-07:00,,15005,True,[],,2554,2024-03-11 19:10:01,,12,['00062067382277'],False,,0.355,[],STELLA ARTOIS - CAN,Lager,Canada,False,,2,2,,,False,108.0, CAN,0.05,Domestic Beer,False,['On Sale'],SR,National Domestic Beer,STELLA ARTOIS ,CA,,Domestic - Other Province Commercial Beer,,False,False,0,28.49,,,,,stella artois - can,,2024-03-31T00:00:00.000-07:00,,Beer,[],True,1000,1290,1138,10880.039999999999,79148.45999999999,0.213,145.49295774647888,0.5482233502538071
394,bcls,product,15456,0.25420347,STELLA ARTOIS - TALL CAN,,,Domestic - Other Province Beer,,[],,3.79,False,False,,,,,[],,,15456,,[],,16964,2024-03-11 19:10:01,,1,"['00062067382185', '00062067382178']",False,,0.473,[],STELLA ARTOIS - TALL CAN,Lager,Canada,False,,2,2,,,False,172.0, TALL CAN,0.05,Domestic Beer,False,[],G,National Domestic Beer,STELLA ARTOIS ,CA,,Domestic - Other Province Commercial Beer,,False,False,0,3.79,,,,,stella artois - tall can,,,,Beer,[],True,1000,1290,1138,8023.972,64293.56,0.02365,160.2536997885835,0.8730964467005076
395,bcls,product,110497,0.25420842,STELLA ARTOIS TALL CAN,,,Domestic - Other Province Beer,,[],True,13.49,False,False,2024-03-03T00:00:00.000-08:00,,,2024-03-03T00:00:00.000-08:00,['On Sale'],2024-03-31T00:00:00.000-07:00,,110497,True,[],,530,2024-03-11 19:10:01,,4,"['00062067382161', '00062067382154']",False,,0.473,[],STELLA ARTOIS TALL CAN,Lager,Canada,False,,3,3,,,False,44.0,STELLA ARTOIS TALL CAN,0.05,Domestic Beer,False,['On Sale'],SR,National Domestic Beer,,CA,,Domestic - Other Province Commercial Beer,,False,False,0,10.97,,,,,stella artois tall can,,2024-03-31T00:00:00.000-07:00,,Beer,[],True,1000,1290,1138,1002.76,7149.7,0.0946,142.60042283298097,0.2233502538071066
396,bcls,product,319327,0.25420842,STIEGL - GRAPEFRUIT RADLER TALL CAN,,,Import Beer,,[],,3.69,False,False,,,,,[],,,319327,,[],,9547,2024-03-11 19:10:01,,1,"['09003402653080', '09003403193080', '09003402753087', '09003400753089', '06003383193080']",False,,0.5,[],STIEGL - GRAPEFRUIT RADLER TALL CAN,Radler,Austria,False,,2,2,,,False,183.0, GRAPEFRUIT RADLER TALL CAN,0.025,Import Beer,False,[],G,,STIEGL ,AT,,Europe Beer,,False,False,0,3.69,,,,,stiegl - grapefruit radler tall can,,,,Beer,[],True,1000,1007,1188,4773.5,35228.43,0.0125,295.2,0.9289340101522843
397,bcls,product,747576,0.25420842,STRANGE FELLOWS BREWING - GUARDIAN IPA CAN,,,Domestic - BC Beer,,[],,14.29,True,False,,,,,[],,,747576,,[],,884,2024-03-11 19:10:01,,4,['00628451207054'],False,,0.473,[],STRANGE FELLOWS BREWING - GUARDIAN IPA CAN,India Pale Ale,Canada,True,,2,2,,,False,68.0, GUARDIAN IPA CAN,0.065,Domestic Beer,False,[],SR,BC Craft Beer,STRANGE FELLOWS BREWING ,CA,,Domestic - BC Micro Brew Beer,,False,False,0,14.29,,,,,strange fellows brewing - guardian ipa can,,,,Beer,[],True,1000,1006,1133,1672.528,12632.359999999999,0.12297999999999999,116.19775573263945,0.34517766497461927
398,bcls,product,741629,0.25420347,STRANGE FELLOWS BREWING - JONGLEUR WITBIER TALL CANS,,,Domestic - BC Beer,,[],,13.99,True,False,,,,,[],,,741629,,[],,867,2024-03-11 19:10:01,,4,"['00628451207931', '00628451207023']",False,,0.473,[],STRANGE FELLOWS BREWING - JONGLEUR WITBIER TALL CANS,Wheat,Canada,True,,2,2,,,False,76.0, JONGLEUR WITBIER TALL CANS,0.045,Domestic Beer,False,[],SR,BC Craft Beer,STRANGE FELLOWS BREWING ,CA,,Domestic - BC Micro Brew Beer,,False,False,0,13.99,,,,,strange fellows brewing - jongleur witbier tall cans,,,,Beer,[],True,1000,1006,1133,1640.3639999999998,12129.33,0.08514,164.3175945501527,0.38578680203045684
399,bcls,product,508739,0.25420347,STRANGE FELLOWS BREWING - TALISMAN PALE ALE CAN,,,Domestic - BC Beer,,[],True,13.79,True,False,2024-03-03T00:00:00.000-08:00,,,2024-03-03T00:00:00.000-08:00,['On Sale'],2024-03-31T00:00:00.000-07:00,,508739,True,[],,1787,2024-03-11 19:10:01,,4,"['00628451207955', '00628451207016']",False,,0.473,[],STRANGE FELLOWS BREWING - TALISMAN PALE ALE CAN,Pale Ale,Canada,True,,2,2,,,False,88.0, TALISMAN PALE ALE CAN,0.042,Domestic Beer,False,['On Sale'],SR,BC Craft Beer,STRANGE FELLOWS BREWING ,CA,,Domestic - BC Micro Brew Beer,,False,False,0,12.29,,,,,strange fellows brewing - talisman pale ale can,,2024-03-31T00:00:00.000-07:00,,Beer,[],True,1000,1006,1133,3381.004,24642.73,0.079464,173.53770260747,0.4467005076142132
400,bcls,product,450745,0.25420347,STRANGE FELLOWS BREWING - VARIETY BOX TALL CAN,,,Domestic - BC Beer,,[],,23.49,False,False,,,,,[],,,450745,,[],,972,2024-03-11 19:10:01,,8,['00628451207900'],False,,0.473,[],STRANGE FELLOWS BREWING - VARIETY BOX TALL CAN,,Canada,True,,2,2,,,False,96.0, VARIETY BOX TALL CAN,0.05,Domestic Beer,False,[],SR,BC Craft Beer,STRANGE FELLOWS BREWING ,CA,,Domestic - BC Micro Brew Beer,,False,False,0,23.49,,,,,strange fellows brewing - variety box tall can,,,,Beer,[],True,1000,1006,1133,3678.048,22832.28,0.1892,124.15433403805496,0.4873096446700508
401,bcls,product,131014,0.25420347,STRATHCONA - BIG SEXY FUNK IPA TALL CAN,,,Domestic - BC Beer,,[],,14.49,True,False,,,,,[],,,131014,,[],,797,2024-03-11 19:10:01,,4,['00626990314332'],False,,0.473,[],STRATHCONA - BIG SEXY FUNK IPA TALL CAN,India Pale Ale,Canada,True,,2,2,,,False,58.0, BIG SEXY FUNK IPA TALL CAN,0.055,Domestic Beer,False,[],SR,BC Craft Beer,STRATHCONA ,CA,,Domestic - BC Micro Brew Beer,,False,False,0,14.49,,,,,strathcona - big sexy funk ipa tall can,,,,Beer,[],True,1000,1006,1133,1507.924,11548.53,0.10406,139.2465885066308,0.29441624365482233
402,bcls,product,32332,0.25420347,STRATHCONA - PREMIUM PILSNER CAN,,,Domestic - BC Beer,,[],True,13.49,False,False,2024-03-03T00:00:00.000-08:00,,,2024-03-03T00:00:00.000-08:00,['On Sale'],2024-03-31T00:00:00.000-07:00,,32332,True,[],,364,2024-03-11 19:10:01,,6,['00626990280705'],False,,0.355,[],STRATHCONA - PREMIUM PILSNER CAN,Pilsner,Canada,True,,3,3,,,False,50.0, PREMIUM PILSNER CAN,0.05,Domestic Beer,False,['On Sale'],SH,BC Craft Beer,STRATHCONA ,CA,,Domestic - BC Micro Brew Beer,,False,False,0,9.67,,,,,strathcona - premium pilsner can,,2024-03-31T00:00:00.000-07:00,,Beer,[],True,1000,1006,1133,775.3199999999999,4910.36,0.1065,126.66666666666667,0.25380710659898476
403,bcls,product,379854,0.25420347,STREET LEGAL - DEALC IPA TALL CAN,,,De-Alcoholized Product,,[],,12.79,,,,,,,[],,,379854,,[],,1553,2024-03-11 19:10:01,,4,"['00696852063821', '00696852063777']",False,,0.473,[],STREET LEGAL - DEALC IPA TALL CAN,,Canada,False,,2,2,,,False,153.0, DEALC IPA TALL CAN,0.005,De-Alcoholized Beer,False,[],SR,,STREET LEGAL ,CA,,Beer And Refreshment De-Alcoholized Product,,False,False,0,12.79,,,,,street legal - dealc ipa tall can,,,,General Merchandise,[],True,1000,1009,1128,2938.276,19862.87,0.00946,1352.0084566596195,0.7766497461928934
404,bcls,product,561035,0.25420842,STROH CANADA - COLT 45 MALT LIQUOR CAN,,,Domestic - BC Beer,,[],,9.29,False,False,,,,,[],,,561035,,[],,4718,2024-03-11 19:10:01,,6,['00056910002207'],False,,0.355,[],STROH CANADA - COLT 45 MALT LIQUOR CAN,Other,Canada,False,,2,2,,,False,117.0, COLT 45 MALT LIQUOR CAN,0.08,Domestic Beer,False,[],G,National Domestic Beer,STROH CANADA ,CA,,Domestic - BC Commercial Beer,,False,False,0,9.29,,,,,stroh canada - colt 45 malt liquor can,,,,Beer,[],True,1000,1006,1131,10049.34,43830.219999999994,0.1704,54.518779342723,0.5939086294416244
405,bcls,product,606285,0.25420347,STROH CANADA - OLD MILWAUKEE CAN,,,Domestic - BC Beer,,['Featured Products'],True,25.99,False,False,2024-03-03T00:00:00.000-08:00,,,2024-03-03T00:00:00.000-08:00,['On Sale'],2024-03-31T00:00:00.000-07:00,,606285,True,['Featured Products'],,11108,2024-03-11 19:10:01,,15,"['00056910401604', '00056910401376', '00005691040137']",False,,0.355,[],STROH CANADA - OLD MILWAUKEE CAN,Lager,Canada,False,,2,2,,,False,188.0, OLD MILWAUKEE CAN,0.049,Domestic Beer,False,['On Sale'],G,National Domestic Beer,STROH CANADA ,CA,,Domestic - BC Commercial Beer,,False,False,0,24.99,,,"[{'urlAlias': '/promotion/monthly-flyer', 'name': 'Featured Products', 'promoCode': '202403FEATURESALE', 'published': True, 'shortName': ''}]","[{'urlAlias': '/promotion/monthly-flyer', 'name': 'Featured Products', 'promoCode': '202403FEATURESALE', 'published': True, 'shortName': ''}]",stroh canada - old milwaukee can,,2024-03-31T00:00:00.000-07:00,,Beer,"[{'id': 'empty-placeholder', 'label': '&nbsp;', 'labelLengthWithoutTags': 1}, {'id': 'featured', 'label': 'FEATURED', 'labelLengthWithoutTags': 8}]",True,1000,1006,1131,59150.09999999999,288696.92,0.26092499999999996,99.60716681038613,0.9543147208121827
406,bcls,product,606293,0.25420842,STROH CANADA - OLD MILWAUKEE CAN,,,Domestic - BC Beer,,[],,39.79,False,False,,,,,[],,,606293,,[],,6338,2024-03-11 19:10:01,,24,"['00056910401659', '00056910401406']",False,,0.355,[],STROH CANADA - OLD MILWAUKEE CAN,Lager,Canada,False,,2,2,,,False,138.0, OLD MILWAUKEE CAN,0.049,Domestic Beer,False,[],G,National Domestic Beer,STROH CANADA ,CA,,Domestic - BC Commercial Beer,,False,False,0,39.79,,,,,stroh canada - old milwaukee can,,,,Beer,[],True,1000,1006,1131,53999.759999999995,252189.02,0.41748,95.30995496790264,0.700507614213198
407,bcls,product,54965,0.25420347,STROH CANADA - OLD MILWAUKEE CANS,,,Domestic - BC Beer,,[],,14.49,False,False,,,,,[],,,54965,,[],,5943,2024-03-11 19:10:01,,8,"['00056910401802', '00056910401185']",False,,0.355,[],STROH CANADA - OLD MILWAUKEE CANS,Lager,Canada,False,,2,2,,,False,126.0, OLD MILWAUKEE CANS,0.049,Domestic Beer,False,[],G,National Domestic Beer,STROH CANADA ,CA,,Domestic - BC Commercial Beer,,False,False,0,14.49,,,,,stroh canada - old milwaukee cans,,,,Beer,[],True,1000,1006,1131,16878.12,86114.07,0.13916,104.12474849094568,0.6395939086294417
408,bcls,product,175612,0.25420347,STROH CANADA - PABST BLUE RIBBON CAN,,,Domestic - BC Beer,,[],,26.49,False,False,,,,,[],,,175612,,[],,7369,2024-03-11 19:10:01,,15,['00056910403158'],False,,0.355,[],STROH CANADA - PABST BLUE RIBBON CAN,Lager,Canada,False,,2,2,,,False,187.0, PABST BLUE RIBBON CAN,0.049,Domestic Beer,False,[],G,National Domestic Beer,STROH CANADA ,CA,,Domestic - BC Commercial Beer,,False,False,0,26.49,,,,,stroh canada - pabst blue ribbon can,,,,Beer,[],True,1000,1006,1131,39239.924999999996,195204.81,0.26092499999999996,101.52342627191723,0.949238578680203
409,bcls,product,89888,0.25420842,STROH CANADA - PABST BLUE RIBBON CAN,,,Domestic - BC Beer,,[],,14.79,False,False,,,,,[],,,89888,,[],,3412,2024-03-11 19:10:01,,8,['00056910403189'],False,,0.355,[],STROH CANADA - PABST BLUE RIBBON CAN,Lager,Canada,False,,2,2,,,False,117.0, PABST BLUE RIBBON CAN,0.049,Domestic Beer,False,[],G,National Domestic Beer,STROH CANADA ,CA,,Domestic - BC Commercial Beer,,False,False,0,14.79,,,,,stroh canada - pabst blue ribbon can,,,,Beer,[],True,1000,1006,1131,9690.08,50463.479999999996,0.13916,106.28054038516814,0.5939086294416244
410,bcls,product,606269,0.25420842,STROH CANADA - RAINIER CAN,,,Domestic - BC Beer,,[],,23.49,False,False,,,,,[],,,606269,,[],,2607,2024-03-11 19:10:01,,15,['00056910403257'],False,,0.355,[],STROH CANADA - RAINIER CAN,Lager,Canada,False,,2,2,,,False,117.0, RAINIER CAN,0.05,Domestic Beer,False,[],G,National Domestic Beer,STROH CANADA ,CA,,Domestic - BC Commercial Beer,,False,False,0,23.49,,,,,stroh canada - rainier can,,,,Beer,[],True,1000,1006,1131,13882.274999999998,61238.42999999999,0.26625,88.22535211267605,0.5939086294416244
411,bcls,product,36809,0.25420842,SUPERFLUX - COLOUR AND SHAPE TALL CAN,,,Domestic - BC Beer,,['New'],,17.79,False,False,,,,,[],,,36809,,['New'],,1182,2024-03-11 19:10:01,,4,"['00626990301752', '00627843718161']",False,,0.473,[],SUPERFLUX - COLOUR AND SHAPE TALL CAN,India Pale Ale,Canada,True,,2,2,,,False,79.0, COLOUR AND SHAPE TALL CAN,0.065,Domestic Beer,False,[],ST,BC Craft Beer,SUPERFLUX ,CA,,Domestic - BC Micro Brew Beer,,False,False,0,17.79,,,"[{'urlAlias': '/promotion/new-arrivals', 'name': 'New For You', 'promoCode': '2023NEW', 'published': True, 'shortName': 'New'}]","[{'urlAlias': '/promotion/new-arrivals', 'name': 'New For You', 'promoCode': '2023NEW', 'published': True, 'shortName': 'New'}]",superflux - colour and shape tall can,,,,Beer,"[{'id': 'empty-placeholder', 'label': '&nbsp;', 'labelLengthWithoutTags': 1}, {'id': 'featured', 'label': 'FEATURED', 'labelLengthWithoutTags': 8}]",True,1000,1006,1133,2236.344,21027.78,0.12297999999999999,144.65766791348187,0.4010152284263959
412,bcls,product,537258,0.25420347,TIGER TALL CAN,,,Import Beer,,[],,3.39,False,False,,,,,[],,,537258,,[],,5986,2024-03-11 19:10:01,,1,"['08888017230502', '00086428230502']",False,,0.5,[],TIGER TALL CAN,Other,Singapore,False,,2,2,,,False,69.0,TIGER TALL CAN,0.05,Import Beer,False,[],SR,,,SG,,Asia And South Pacific Beer,,False,False,0,3.39,,,,,tiger tall can,,,,Beer,[],True,1000,1007,1186,2993.0,20292.54,0.025,135.6,0.350253807106599
413,bcls,product,188210,0.25420347,TIN WHISTLE - PEACH CREAM ALE TALL CAN,,,Domestic - BC Beer,,[],,13.79,True,False,,,,,[],,,188210,,[],,447,2024-03-11 19:10:01,,4,"['00696852023627', '00626990197959']",False,,0.473,[],TIN WHISTLE - PEACH CREAM ALE TALL CAN,Pale Ale,Canada,True,,2,2,,,False,43.0, PEACH CREAM ALE TALL CAN,0.05,Domestic Beer,False,[],SR,BC Craft Beer,TIN WHISTLE ,CA,,Domestic - BC Micro Brew Beer,,False,False,0,13.79,,,,,tin whistle - peach cream ale tall can,,,,Beer,[],True,1000,1006,1133,845.7239999999999,6164.129999999999,0.0946,145.77167019027482,0.2182741116751269
414,bcls,product,37468,0.25420347,TOFINO BREWING - BLONDE ALE TALL CAN,,,Domestic - BC Beer,,[],,12.99,True,False,,,,,[],,,37468,,[],,997,2024-03-11 19:10:01,,4,['00626990394112'],False,,0.473,[],TOFINO BREWING - BLONDE ALE TALL CAN,Blonde Ale,Canada,True,,2,2,,,False,92.0, BLONDE ALE TALL CAN,0.055,Domestic Beer,False,[],SR,BC Craft Beer,TOFINO BREWING ,CA,,Domestic - BC Micro Brew Beer,,False,False,0,12.99,,,,,tofino brewing - blonde ale tall can,,,,Beer,[],True,1000,1006,1133,1886.3239999999998,12951.03,0.10406,124.83182779165865,0.467005076142132
415,bcls,product,37460,0.25420347,TOFINO BREWING - ETHEREAL IPA TALL CAN,,,Domestic - BC Beer,,[],,14.79,False,False,,,,,[],,,37460,,[],,1355,2024-03-11 19:10:01,,4,['00626990394136'],False,,0.473,[],TOFINO BREWING - ETHEREAL IPA TALL CAN,India Pale Ale,Canada,True,,2,2,,,False,78.0, ETHEREAL IPA TALL CAN,0.065,Domestic Beer,False,[],SH,BC Craft Beer,TOFINO BREWING ,CA,,Domestic - BC Micro Brew Beer,,False,False,0,14.79,,,,,tofino brewing - ethereal ipa tall can,,,,Beer,[],True,1000,1006,1133,2563.66,20040.449999999997,0.12297999999999999,120.2634574727598,0.39593908629441626
416,bcls,product,37463,0.25420842,TOFINO BREWING - TUFF SESSION ALE TALL CAN,,,Domestic - BC Beer,,[],,12.99,True,False,,,,,[],,,37463,,[],,883,2024-03-11 19:10:01,,4,['00626990394129'],False,,0.473,[],TOFINO BREWING - TUFF SESSION ALE TALL CAN,Pale Ale,Canada,True,,2,2,,,False,73.0, TUFF SESSION ALE TALL CAN,0.05,Domestic Beer,False,[],SR,BC Craft Beer,TOFINO BREWING ,CA,,Domestic - BC Micro Brew Beer,,False,False,0,12.99,,,,,tofino brewing - tuff session ale tall can,,,,Beer,[],True,1000,1006,1133,1670.636,11470.17,0.0946,137.3150105708245,0.37055837563451777
417,bcls,product,25329,0.25420842,TOOL SHED - STAR CHEEK IPA TALL CAN,,,Domestic - Other Province Beer,,[],True,14.29,False,False,2024-03-03T00:00:00.000-08:00,,,2024-03-03T00:00:00.000-08:00,['On Sale'],2024-03-31T00:00:00.000-07:00,,25329,True,[],,20,2024-03-11 19:10:01,,4,"['00638458140247', '00810953000701']",False,,0.473,[],TOOL SHED - STAR CHEEK IPA TALL CAN,India Pale Ale,Canada,False,,2,2,,,False,3.0, STAR CHEEK IPA TALL CAN,0.062,Domestic Beer,False,['On Sale'],SH,Outside of BC Beer,TOOL SHED ,CA,,Domestic - Other Province Micro Brew Beer,,False,False,0,11.77,,,,,tool shed - star cheek ipa tall can,,2024-03-31T00:00:00.000-07:00,,Beer,[],False,1000,1290,1140,37.839999999999996,285.79999999999995,0.11730399999999999,121.82022778421879,0.015228426395939087
418,bcls,product,330285,0.25420347,TREE BREWING - SEASON PASS FALL 2023 TALL CAN,,,Domestic - BC Beer,,[],True,22.29,False,False,2024-03-03T00:00:00.000-08:00,,,2024-03-03T00:00:00.000-08:00,['On Sale'],2024-03-31T00:00:00.000-07:00,,330285,True,[],,304,2024-03-11 19:10:01,,8,['00624524215926'],False,,0.473,[],TREE BREWING - SEASON PASS FALL 2023 TALL CAN,Pale Ale,Canada,True,,3,3,,,False,36.0, SEASON PASS FALL 2023 TALL CAN,0.05,Domestic Beer,False,['On Sale'],SH,BC Craft Beer,TREE BREWING ,CA,,Domestic - BC Regional Beer,,False,False,0,18.47,,,,,tree brewing - season pass fall 2023 tall can,,2024-03-31T00:00:00.000-07:00,,Beer,[],True,1000,1006,1135,1150.336,6776.16,0.1892,117.81183932346723,0.18274111675126903
419,bcls,product,293787,0.25420842,TSINGTAO,,,Import Beer,,[],,14.49,False,False,,,,,[],,,293787,,[],,2746,2024-03-11 19:10:01,,6,"['06901035601030', '06901035601047', '06901035601016']",False,,0.33,[],TSINGTAO,Lager,China,False,,2,2,,,False,115.0,TSINGTAO,0.045,Import Beer,False,[],SR,,,CN,,Asia And South Pacific Beer,,False,False,0,14.49,,,,,tsingtao,,,,Beer,[],True,1000,1007,1186,5437.08,39789.54,0.0891,162.62626262626264,0.583756345177665
420,bcls,product,357409,0.25420842,TUBORG GOLD - TALL CAN,,,Domestic - Other Province Beer,,[],,2.39,False,False,,,,,[],,,357409,,[],,24360,2024-03-11 19:10:01,,1,['00675325092209'],False,,0.473,[],TUBORG GOLD - TALL CAN,Lager,Canada,False,,2,2,,,False,171.0, TALL CAN,0.055,Domestic Beer,False,[],SR,National Domestic Beer,TUBORG GOLD ,CA,,Domestic - Other Province Commercial Beer,,False,False,0,2.39,,,,,tuborg gold - tall can,,,,Beer,[],True,1000,1290,1138,11522.279999999999,58220.4,0.026015,91.87007495675573,0.868020304568528
421,bcls,product,17216,0.25420842,TWIN SAILS BREWING - DAT JUICE TALL CAN,,,Domestic - BC Beer,,[],,13.29,True,False,,,,,[],,,17216,,[],,1074,2024-03-11 19:10:01,,4,"['00626990276289', '00626990271161']",False,,0.473,[],TWIN SAILS BREWING - DAT JUICE TALL CAN,Pale Ale,Canada,True,,2,2,,,False,79.0, DAT JUICE TALL CAN,0.052000000000000005,Domestic Beer,False,[],SR,BC Craft Beer,TWIN SAILS BREWING ,CA,,Domestic - BC Micro Brew Beer,,False,False,0,13.29,,,,,twin sails brewing - dat juice tall can,,,,Beer,[],True,1000,1006,1133,2032.0079999999998,14273.46,0.098384,135.08294031549843,0.4010152284263959
422,bcls,product,670653,0.25420842,TWIN SAILS BREWING - JUICE PLUS TALL CAN,,,Domestic - BC Beer,,[],True,15.79,True,False,2024-03-03T00:00:00.000-08:00,,,2024-03-03T00:00:00.000-08:00,['On Sale'],2024-03-31T00:00:00.000-07:00,,670653,True,[],,759,2024-03-11 19:10:01,,4,['00626990276388'],False,,0.473,[],TWIN SAILS BREWING - JUICE PLUS TALL CAN,India Pale Ale,Canada,True,,3,3,,,False,55.0, JUICE PLUS TALL CAN,0.075,Domestic Beer,False,['On Sale'],SH,BC Craft Beer,TWIN SAILS BREWING ,CA,,Domestic - BC Micro Brew Beer,,False,False,0,12.97,,,,,twin sails brewing - juice plus tall can,,2024-03-31T00:00:00.000-07:00,,Beer,[],True,1000,1006,1133,1436.028,11984.609999999999,0.1419,111.27554615926708,0.27918781725888325
423,bcls,product,188811,0.25420842,TYSKIE TALL CAN,,,Import Beer,,['Spring into Fresh Flavours'],,2.79,False,False,,,,,[],,,188811,,['Spring into Fresh Flavours'],,6301,2024-03-11 19:10:01,,1,"['00835609001093', '05901359104669']",False,,0.5,[],TYSKIE TALL CAN,Lager,Poland,False,,2,2,,,False,118.0,TYSKIE TALL CAN,0.05,Import Beer,False,[],SR,,,PL,,Europe Beer,,False,False,0,2.79,,,"[{'urlAlias': '/promotion/spring', 'name': 'Spring into Fresh Flavours', 'promoCode': '2024SPRINGSEASONAL', 'published': True, 'shortName': ''}]","[{'urlAlias': '/promotion/spring', 'name': 'Spring into Fresh Flavours', 'promoCode': '2024SPRINGSEASONAL', 'published': True, 'shortName': ''}]",tyskie tall can,,,,Beer,"[{'id': 'empty-placeholder', 'label': '&nbsp;', 'labelLengthWithoutTags': 1}, {'id': 'featured', 'label': 'FEATURED', 'labelLengthWithoutTags': 8}]",True,1000,1007,1188,3150.5,17579.79,0.025,111.6,0.5989847715736041
424,bcls,product,52423,0.25420347,URPINER - EXCLUSIVE GOLDEN CRAFT BEER TALL CAN,,,Import Beer,,[],,2.39,False,False,,,,,[],,,52423,,[],,10447,2024-03-11 19:10:01,,1,['08586000971752'],False,,0.5,[],URPINER - EXCLUSIVE GOLDEN CRAFT BEER TALL CAN,Lager,Slovak Republic,False,,2,2,,,False,103.0, EXCLUSIVE GOLDEN CRAFT BEER TALL CAN,0.07,Import Beer,False,[],SR,,URPINER ,SK,,Europe Beer,,False,False,0,2.39,,,,,urpiner - exclusive golden craft beer tall can,,,,Beer,[],True,1000,1007,1188,5223.5,24968.33,0.035,68.28571428571428,0.5228426395939086
425,bcls,product,349910,0.25420842,VAN STEENBERGE - GULDEN DRAAK,,,Import Beer,,[],,5.19,False,False,,,,,[],,,349910,,[],,3064,2024-03-11 19:10:01,,1,['05411663002716'],False,,0.33,[],VAN STEENBERGE - GULDEN DRAAK,Belgian Ale,Belgium,False,,2,2,,,False,101.0, GULDEN DRAAK,0.105,Import Beer,False,[],SR,,VAN STEENBERGE ,BE,,Europe Beer,,False,False,0,5.19,,,,,van steenberge - gulden draak,,,,Beer,[],True,1000,1007,1188,1011.12,15902.160000000002,0.03465,149.7835497835498,0.5126903553299492
426,bcls,product,332409,0.25420842,VANCOUVER ISLAND - BROKEN ISLANDS HAZY IPA 8 PACK,,,Domestic - BC Beer,,[],,16.99,False,False,,,,,[],,,332409,,[],,284,2024-03-11 19:10:01,,8,['00620097005407'],False,,0.355,[],VANCOUVER ISLAND - BROKEN ISLANDS HAZY IPA 8 PACK,India Pale Ale,Canada,True,,2,2,,,False,51.0, BROKEN ISLANDS HAZY IPA 8 PACK,0.06,Domestic Beer,False,[],SH,BC Craft Beer,VANCOUVER ISLAND ,CA,,Domestic - BC Regional Beer,,False,False,0,16.99,,,,,vancouver island - broken islands hazy ipa 8 pack,,,,Beer,[],False,1000,1006,1135,806.56,4825.16,0.1704,99.70657276995304,0.25888324873096447
427,bcls,product,233610,0.25420842,VANCOUVER ISLAND - BROKEN ISLANDS HAZY IPA CAN,,,Domestic - BC Beer,,[],,13.99,True,False,,,,,[],,,233610,,[],,138,2024-03-11 19:10:01,,6,"['00620097002680', '00620097004332']",False,,0.355,['Kosher'],VANCOUVER ISLAND - BROKEN ISLANDS HAZY IPA CAN,India Pale Ale,Canada,True,,3,3,,,False,30.0, BROKEN ISLANDS HAZY IPA CAN,0.06,Domestic Beer,False,[],SR,BC Craft Beer,VANCOUVER ISLAND ,CA,,Domestic - BC Regional Beer,,True,False,0,13.99,,,,,vancouver island - broken islands hazy ipa can,,,,Beer,[],True,1000,1006,1135,293.94,1930.6200000000001,0.1278,109.4679186228482,0.15228426395939088
428,bcls,product,221452,0.25420347,VANCOUVER ISLAND - HERMANNATOR ICE BOCK TALL CAN,,,Domestic - BC Beer,,[],,14.99,False,False,,,,,[],,,221452,,[],,66,2024-03-11 19:10:01,,4,"['00620097002956', '00620097005223']",False,,0.473,[],VANCOUVER ISLAND - HERMANNATOR ICE BOCK TALL CAN,Bock,Canada,True,,2,2,,,False,11.0, HERMANNATOR ICE BOCK TALL CAN,0.095,Domestic Beer,False,[],ST,BC Craft Beer,VANCOUVER ISLAND ,CA,,Domestic - BC Regional Beer,,False,False,0,14.99,,,,,vancouver island - hermannator ice bock tall can,,,,Beer,[],True,1000,1006,1135,124.872,989.34,0.17973999999999998,83.39824190497386,0.05583756345177665
429,bcls,product,309082,0.25420842,VANCOUVER ISLAND - MYSTIC HAZE PALE ALE 8 PACK,,,Domestic - BC Beer,,[],,15.99,False,False,,,,,[],,,309082,,[],,248,2024-03-11 19:10:01,,8,['00620097005414'],False,,0.355,[],VANCOUVER ISLAND - MYSTIC HAZE PALE ALE 8 PACK,Pale Ale,Canada,True,,2,2,,,False,54.0, MYSTIC HAZE PALE ALE 8 PACK,0.045,Domestic Beer,False,[],SH,BC Craft Beer,VANCOUVER ISLAND ,CA,,Domestic - BC Regional Beer,,False,False,0,15.99,,,,,vancouver island - mystic haze pale ale 8 pack,,,,Beer,[],False,1000,1006,1135,704.3199999999999,3965.52,0.1278,125.11737089201878,0.27411167512690354
430,bcls,product,412919,0.25420347,VANCOUVER ISLAND - MYSTIC HAZE PALE ALE CAN,,,Domestic - BC Beer,,[],True,13.79,False,False,2024-03-03T00:00:00.000-08:00,,,2024-03-03T00:00:00.000-08:00,['On Sale'],2024-03-31T00:00:00.000-07:00,,412919,True,[],,130,2024-03-11 19:10:01,,6,"['00620097004653', '00620097004943', '00620097004936']",False,,0.355,[],VANCOUVER ISLAND - MYSTIC HAZE PALE ALE CAN,Pale Ale,Canada,True,,3,3,,,False,26.0, MYSTIC HAZE PALE ALE CAN,0.045,Domestic Beer,False,['On Sale'],SR,BC Craft Beer,VANCOUVER ISLAND ,CA,,Domestic - BC Regional Beer,,False,False,0,11.37,,,,,vancouver island - mystic haze pale ale can,,2024-03-31T00:00:00.000-07:00,,Beer,[],True,1000,1006,1135,276.9,1792.6999999999998,0.09584999999999999,143.87063119457486,0.1319796954314721
431,bcls,product,268444,0.25420347,VANCOUVER ISLAND - OUTPOST MIX PACK CAN,,,Domestic - BC Beer,,[],,23.99,False,False,,,,,[],,,268444,,[],,944,2024-03-11 19:10:01,,12,['00620097005292'],False,,0.355,[],VANCOUVER ISLAND - OUTPOST MIX PACK CAN,Variety Pack,Canada,True,,2,2,,,False,119.0, OUTPOST MIX PACK CAN,0.052000000000000005,Domestic Beer,False,[],SR,BC Craft Beer,VANCOUVER ISLAND ,CA,,Domestic - BC Regional Beer,,False,False,0,23.99,,,,,vancouver island - outpost mix pack can,,,,Beer,[],True,1000,1006,1135,4021.4399999999996,22646.559999999998,0.22152,108.29721921271216,0.6040609137055838
432,bcls,product,310763,0.25420347,WARSTEINER PREMIUM FRESH,,,De-Alcoholized Product,,[],,12.99,,,,,,,[],,,310763,,[],,1275,2024-03-11 19:10:01,,6,"['04000856105986', '00082054107706', '00082054107768', '00082054107713']",False,,0.33,[],WARSTEINER PREMIUM FRESH,,Germany,False,,2,2,,,False,147.0,WARSTEINER PREMIUM FRESH,0.001,De-Alcoholized Beer,False,[],SR,,,DE,,Beer And Refreshment De-Alcoholized Product,,False,False,0,12.99,,,,,warsteiner premium fresh,,,,General Merchandise,[],True,1000,1009,1128,2524.5,16562.25,0.00198,6560.606060606061,0.7461928934010152
433,bcls,product,339829,0.25420347,WARSTEINER PREMIUM PILSNER TALL CAN,,,Import Beer,,[],True,2.99,False,False,2024-03-03T00:00:00.000-08:00,,,2024-03-03T00:00:00.000-08:00,['On Sale'],2024-03-31T00:00:00.000-07:00,,339829,True,[],,5765,2024-03-11 19:10:01,,1,['00082054132210'],False,,0.5,[],WARSTEINER PREMIUM PILSNER TALL CAN,Other,Germany,False,,2,2,,,False,84.0,WARSTEINER PREMIUM PILSNER TALL CAN,0.048,Import Beer,False,['On Sale'],SH,,,DE,,Europe Beer,,False,False,0,2.59,,,,,warsteiner premium pilsner tall can,,2024-03-31T00:00:00.000-07:00,,Beer,[],True,1000,1007,1188,2882.5,17237.350000000002,0.024,124.58333333333334,0.4263959390862944
434,bcls,product,556720,0.25420347,WARSTEINER PREMIUM VERUM TALL CAN,,,Import Beer,,[],,12.79,False,False,,,,,[],,,556720,,[],,1032,2024-03-11 19:10:01,,4,"['04000856354551', '00082054132227']",False,,0.5,[],WARSTEINER PREMIUM VERUM TALL CAN,Pilsner,Germany,False,,2,2,,,False,86.0,WARSTEINER PREMIUM VERUM TALL CAN,0.048,Import Beer,False,[],SR,,,DE,,Europe Beer,,False,False,0,12.79,,,,,warsteiner premium verum tall can,,,,Beer,[],True,1000,1007,1188,2064.0,13199.279999999999,0.096,133.22916666666666,0.4365482233502538
435,bcls,product,161863,0.25420347,WESTMALLE - TRIPEL,,,Import Beer,,[],,5.69,False,False,,,,,[],,,161863,,[],,782,2024-03-11 19:10:01,,1,"['05412343201337', '00085725154047', '05412343001531']",False,,0.33,[],WESTMALLE - TRIPEL,Belgian Ale,Belgium,False,,2,2,,,False,48.0, TRIPEL,0.095,Import Beer,False,[],SR,,WESTMALLE ,BE,,Europe Beer,,False,False,0,5.69,,,,,westmalle - tripel,,,,Beer,[],True,1000,1007,1188,258.06,4449.58,0.03135,181.49920255183412,0.2436548223350254
436,bcls,product,761809,0.25420347,WHISTLER - CHESTNUT ALE,,,Domestic - BC Beer,,[],True,13.99,True,False,2024-03-03T00:00:00.000-08:00,,,2024-03-03T00:00:00.000-08:00,['On Sale'],2024-03-31T00:00:00.000-07:00,,761809,True,[],,2291,2024-03-11 19:10:01,,6,['00626990231271'],False,,0.355,[],WHISTLER - CHESTNUT ALE,Pale Ale,Canada,True,,3,3,,,False,161.0, CHESTNUT ALE,0.05,Domestic Beer,False,['On Sale'],SH,BC Craft Beer,WHISTLER ,CA,,Domestic - BC Regional Beer,,False,False,0,11.37,,,,,whistler - chestnut ale,,2024-03-31T00:00:00.000-07:00,,Beer,[],True,1000,1006,1135,4879.83,32051.09,0.1065,131.36150234741785,0.817258883248731
437,bcls,product,42427,0.25420842,WHISTLER - FORAGER GLUTEN FREE LAGER CAN,,,Domestic - BC Beer,,[],True,15.99,True,False,2024-03-03T00:00:00.000-08:00,,,2024-03-03T00:00:00.000-08:00,['On Sale'],2024-03-31T00:00:00.000-07:00,,42427,True,[],,2083,2024-03-11 19:10:01,,6,['00626990411499'],False,,0.355,[],WHISTLER - FORAGER GLUTEN FREE LAGER CAN,Lager,Canada,True,,2,2,,,False,175.0, FORAGER GLUTEN FREE LAGER CAN,0.05,Domestic Beer,False,['On Sale'],SR,BC Craft Beer,WHISTLER ,CA,,Domestic - BC Regional Beer,,False,False,0,14.99,,,,,whistler - forager gluten free lager can,,2024-03-31T00:00:00.000-07:00,,Beer,[],True,1000,1006,1135,4436.79,33307.17,0.1065,150.14084507042253,0.8883248730964467
438,bcls,product,198932,0.25420842,WHISTLER - FUNCTION JUNCTION PALE ALE TALL CAN,,,Domestic - BC Beer,,['Only@BCL'],True,2.59,True,False,2024-03-03T00:00:00.000-08:00,,,2024-03-03T00:00:00.000-08:00,"['BCL Select', 'On Sale']",2024-03-31T00:00:00.000-07:00,,198932,True,['Only@BCL'],,9648,2024-03-11 19:10:01,,1,['00626990323785'],False,,0.473,[],WHISTLER - FUNCTION JUNCTION PALE ALE TALL CAN,Pale Ale,Canada,True,,2,2,,,False,137.0, FUNCTION JUNCTION PALE ALE TALL CAN,0.048,Domestic Beer,True,"['BCL Select', 'On Sale']",C,BC Craft Beer,WHISTLER ,CA,,Domestic - BC Regional Beer,,False,False,0,2.29,,,"[{'urlAlias': '/promotion/only-at-bcl', 'name': 'Only@BCL', 'promoCode': '2020BCLSELECT', 'published': True, 'shortName': ''}]","[{'urlAlias': '/promotion/only-at-bcl', 'name': 'Only@BCL', 'promoCode': '2020BCLSELECT', 'published': True, 'shortName': ''}]",whistler - function junction pale ale tall can,,2024-03-31T00:00:00.000-07:00,,Beer,"[{'id': 'featured', 'label': 'FEATURED', 'labelLengthWithoutTags': 8}, {'id': 'exclusive', 'label': 'ONLY@BCL', 'labelLengthWithoutTags': 8}]",True,1000,1006,1135,4563.504,24988.32,0.022704,114.07681465821001,0.6954314720812182
439,bcls,product,47402,0.25420347,WHISTLER - MOUNTAINEER PILSNER CAN,,,Domestic - BC Beer,,[],,14.49,True,False,,,,,[],,,47402,,[],,1517,2024-03-11 19:10:01,,8,['00626990469186'],False,,0.355,[],WHISTLER - MOUNTAINEER PILSNER CAN,Pilsner,Canada,True,,2,2,,,False,108.0, MOUNTAINEER PILSNER CAN,0.05,Domestic Beer,False,[],SR,BC Craft Beer,WHISTLER ,CA,,Domestic - BC Regional Beer,,False,False,0,14.49,,,,,whistler - mountaineer pilsner can,,,,Beer,[],True,1000,1006,1135,4308.28,21981.33,0.142,102.04225352112677,0.5482233502538071
440,bcls,product,15217,0.25420842,WHISTLER - RAMBLER PACK CANS 2,,,Domestic - BC Beer,,[],,22.99,True,False,,,,,[],,,15217,,[],,1394,2024-03-11 19:10:01,,12,"['00626990411550', '00696852060936']",False,,0.355,[],WHISTLER - RAMBLER PACK CANS 2,Variety Pack,Canada,True,,2,2,,,False,118.0, RAMBLER PACK CANS 2,0.054000000000000006,Domestic Beer,False,[],SR,BC Craft Beer,WHISTLER ,CA,,Domestic - BC Regional Beer,,False,False,0,22.99,,,,,whistler - rambler pack cans 2,,,,Beer,[],True,1000,1006,1135,5938.44,32048.059999999998,0.23004000000000002,99.93914101895321,0.5989847715736041
441,bcls,product,253677,0.25420347,WHISTLER - VARIABLE CONDITIONS HAZY IPA,,,Domestic - BC Beer,,[],,13.79,False,False,,,,,[],,,253677,,[],,1377,2024-03-11 19:10:01,,6,['00696852080859'],False,,0.355,[],WHISTLER - VARIABLE CONDITIONS HAZY IPA,India Pale Ale,Canada,True,,2,2,,,False,87.0, VARIABLE CONDITIONS HAZY IPA,0.065,Domestic Beer,False,[],SH,BC Craft Beer,WHISTLER ,CA,,Domestic - BC Regional Beer,,False,False,0,13.79,,,,,whistler - variable conditions hazy ipa,,,,Beer,[],True,1000,1006,1135,2933.0099999999998,18988.829999999998,0.13845,99.60274467316721,0.4416243654822335
442,bcls,product,473835,0.25420842,WHISTLER - WINTER DUNKEL,,,Domestic - BC Beer,,[],,6.49,True,False,,,,,[],,,473835,,[],,156,2024-03-11 19:10:01,,1,['00626990088073'],False,,0.65,[],WHISTLER - WINTER DUNKEL,Wheat,Canada,True,,2,2,,,False,11.0, WINTER DUNKEL,0.05,Domestic Beer,False,[],ST,BC Craft Beer,WHISTLER ,CA,,Domestic - BC Regional Beer,,False,False,0,6.49,,,,,whistler - winter dunkel,,,,Beer,[],True,1000,1006,1135,101.4,1012.44,0.0325,199.69230769230768,0.05583756345177665
443,bcls,product,396174,0.25420347,WILDEYE BREWING - 7TH SECRET FRENCH WHEAT CAN,,,Domestic - BC Beer,,[],,13.79,False,False,,,,,[],,,396174,,[],,15,2024-03-11 19:10:01,,6,['00696852070546'],False,,0.355,[],WILDEYE BREWING - 7TH SECRET FRENCH WHEAT CAN,Wheat,Canada,True,,2,2,,,False,3.0, 7TH SECRET FRENCH WHEAT CAN,0.05,Domestic Beer,False,[],SH,BC Craft Beer,WILDEYE BREWING ,CA,,Domestic - BC Micro Brew Beer,,False,False,0,13.79,,,,,wildeye brewing - 7th secret french wheat can,,,,Beer,[],True,1000,1006,1133,31.95,206.85,0.1065,129.48356807511738,0.015228426395939087
444,bcls,product,217990,0.25420842,WILDEYE BREWING - CZECH PILSNER TALL CAN,,,Domestic - BC Beer,,[],,13.79,True,False,,,,,[],,,217990,,[],,919,2024-03-11 19:10:01,,4,"['00626990388708', '00062699388708']",False,,0.473,[],WILDEYE BREWING - CZECH PILSNER TALL CAN,Pilsner,Canada,True,,2,2,,,False,70.0, CZECH PILSNER TALL CAN,0.048,Domestic Beer,False,[],SR,BC Craft Beer,WILDEYE BREWING ,CA,,Domestic - BC Micro Brew Beer,,False,False,0,13.79,,,,,wildeye brewing - czech pilsner tall can,,,,Beer,[],True,1000,1006,1133,1738.7479999999998,12673.009999999998,0.090816,151.8454897815363,0.3553299492385787
445,bcls,product,93182,0.25420842,WILDEYE BREWING -SMOKED PORTER TALL CAN,,,Domestic - BC Beer,,[],True,17.29,False,False,2024-03-03T00:00:00.000-08:00,,,2024-03-03T00:00:00.000-08:00,['On Sale'],2024-03-31T00:00:00.000-07:00,,93182,True,[],,727,2024-03-11 19:10:01,,4,['00696852007528'],False,,0.473,[],WILDEYE BREWING -SMOKED PORTER TALL CAN,Porter,Canada,True,,3,3,,,False,63.0,SMOKED PORTER TALL CAN,0.07200000000000001,Domestic Beer,False,['On Sale'],SH,BC Craft Beer,WILDEYE BREWING ,CA,,Domestic - BC Micro Brew Beer,,False,False,0,14.47,,,,,wildeye brewing -smoked porter tall can,,2024-03-31T00:00:00.000-07:00,,Beer,[],True,1000,1006,1133,1375.484,12569.83,0.136224,126.9233027953958,0.3197969543147208
446,bcls,product,66753,0.25420842,YELLOW DOG - CHASE MY TAIL PALE ALE TALL CAN,,,Domestic - BC Beer,,[],True,14.29,True,False,2024-03-03T00:00:00.000-08:00,,,2024-03-03T00:00:00.000-08:00,['On Sale'],2024-03-31T00:00:00.000-07:00,,66753,True,[],,2551,2024-03-11 19:10:01,,4,['00626990203469'],False,,0.473,[],YELLOW DOG - CHASE MY TAIL PALE ALE TALL CAN,Pale Ale,Canada,True,,2,2,,,False,126.0, CHASE MY TAIL PALE ALE TALL CAN,0.052000000000000005,Domestic Beer,False,['On Sale'],G,BC Craft Beer,YELLOW DOG ,CA,,Domestic - BC Regional Beer,,False,False,0,13.29,,,,,yellow dog - chase my tail pale ale tall can,,2024-03-31T00:00:00.000-07:00,,Beer,[],True,1000,1006,1135,4826.492,36453.79,0.098384,145.2471946657993,0.6395939086294417
447,bcls,product,5629,0.25420842,YELLOW DOG - PLAY DEAD IPA TALL CAN,,,Domestic - BC Beer,,[],,14.79,True,False,,,,,[],,,5629,,[],,2499,2024-03-11 19:10:01,,4,['00626990203483'],False,,0.473,[],YELLOW DOG - PLAY DEAD IPA TALL CAN,India Pale Ale,Canada,True,,2,2,,,False,134.0, PLAY DEAD IPA TALL CAN,0.065,Domestic Beer,False,[],G,BC Craft Beer,YELLOW DOG ,CA,,Domestic - BC Regional Beer,,False,False,0,14.79,,,,,yellow dog - play dead ipa tall can,,,,Beer,[],True,1000,1006,1135,4728.108,36960.21,0.12297999999999999,120.2634574727598,0.6802030456852792
448,bcls,product,494002,0.25420842,YELLOW DOG BREWING - CHASE MY TAIL PALE ALE CAN,,,Domestic - BC Beer,,[],,27.99,True,False,,,,,['BCL Select'],,,494002,,[],,1315,2024-03-11 19:10:01,,12,['00696852017558'],False,,0.355,[],YELLOW DOG BREWING - CHASE MY TAIL PALE ALE CAN,Pale Ale,Canada,True,,2,2,,,False,109.0, CHASE MY TAIL PALE ALE CAN,0.052000000000000005,Domestic Beer,True,['BCL Select'],C,BC Craft Beer,YELLOW DOG BREWING ,CA,,Domestic - BC Regional Beer,,False,False,0,27.99,,,,,yellow dog brewing - chase my tail pale ale can,,,,Beer,"[{'id': 'empty-placeholder', 'label': '&nbsp;', 'labelLengthWithoutTags': 1}, {'id': 'exclusive', 'label': 'ONLY@BCL', 'labelLengthWithoutTags': 8}]",True,1000,1006,1135,5601.9,36806.85,0.22152,126.3542795232936,0.5532994923857868
449,bcls,product,26498,0.25420842,YELLOW DOG BREWING - HIGH 5 HAZY IPA CAN,,,Domestic - BC Beer,,[],,14.79,True,False,,,,,[],,,26498,,[],,1853,2024-03-11 19:10:01,,4,['00626990237457'],False,,0.473,[],YELLOW DOG BREWING - HIGH 5 HAZY IPA CAN,India Pale Ale,Canada,True,,2,2,,,False,123.0, HIGH 5 HAZY IPA CAN,0.068,Domestic Beer,False,[],G,BC Craft Beer,YELLOW DOG BREWING ,CA,,Domestic - BC Regional Beer,,False,False,0,14.79,,,,,yellow dog brewing - high 5 hazy ipa can,,,,Beer,[],True,1000,1006,1135,3505.8759999999997,27405.87,0.128656,114.95771670190275,0.6243654822335025
450,bcls,product,185333,0.25420347,YELLOW DOG BREWING - SQUIRREL CHASER HAZY PALE ALE CAN,,,Domestic - BC Beer,,[],,14.79,True,False,,,,,[],,,185333,,[],,2267,2024-03-11 19:10:01,,4,['00626990306825'],False,,0.473,[],YELLOW DOG BREWING - SQUIRREL CHASER HAZY PALE ALE CAN,Pale Ale,Canada,True,,2,2,,,False,119.0, SQUIRREL CHASER HAZY PALE ALE CAN,0.052000000000000005,Domestic Beer,False,[],SR,BC Craft Beer,YELLOW DOG BREWING ,CA,,Domestic - BC Regional Beer,,False,False,0,14.79,,,,,yellow dog brewing - squirrel chaser hazy pale ale can,,,,Beer,[],True,1000,1006,1135,4289.164,33528.93,0.098384,150.32932184094975,0.6040609137055838
451,bcls,product,397362,0.25420347,YUKON BREWING - LEAD DOG OLDE ENGLISH ALE TALL CAN,,,Domestic - Other Province Beer,,[],,14.49,False,False,,,,,[],,,397362,,[],,100,2024-03-11 19:10:01,,4,['00627619711525'],False,,0.473,[],YUKON BREWING - LEAD DOG OLDE ENGLISH ALE TALL CAN,Strong Ale,Canada,False,,2,2,,,False,19.0, LEAD DOG OLDE ENGLISH ALE TALL CAN,0.07,Domestic Beer,False,[],ST,Outside of BC Beer,YUKON BREWING ,CA,,Domestic - Other Province Micro Brew Beer,,False,False,0,14.49,,,,,yukon brewing - lead dog olde english ale tall can,,,,Beer,[],True,1000,1290,1140,189.2,1449.0,0.13244,109.40803382663847,0.09644670050761421
