,_index,_type,_id,_score,sort,redVarietal,isVQA,subCategory,consumerRating,featured,_isLimitedTimeOffer,regularPrice,isCraft,isDraft,promotionStartDate,whiteVarietal,tastingDescription,_promotionStartDate,_all_featured,promotionEndDate,isBCSpirit,sku,isLimitedTimeOffer,_featured,image,availableUnits,last_updated,subRegion,unitSize,upc,_blacklist,isDealcoholizedWine,volume,certificates,name,style,countryName,isBCCraft,region,statusCode,status,color,grapeType,isOrganic,storeCount,nameSuffix,alcoholPercentage,productCategory,isExclusive,all_featured,restrictionCode,productSubCategory,namePrefix,countryCode,isOntarioVQA,class,productType,isKosher,_whitelist,inventoryCode,currentPrice,sweetness,isNew,all_promotions,promotions,nameSanitized,isBCVQA,_promotionEndDate,votes,category,ribbons,isImageCacheFile,is_special_release,availability_override,category_id,subCategory_id,class_id,totalVolume,totalPrice,totalAlcoholContent,alcoholCost,storePercent
0,bcls,product,399865,0.35400322,1573  NATIONAL CELLAR -,,,Asian Spirits,,[],,257.99,,,,,,,[],,,399865,,[],,288,2024-03-11 19:10:01,,1,"['06901798104595', '06901798138910']",False,,0.5,[],1573  NATIONAL CELLAR -,,China,False,,2,2,,,False,20.0,,0.52,,False,[],SR,,1573  NATIONAL CELLAR ,CN,,China Spirits,Other Spirits,False,False,0,257.99,,,,,1573  national cellar -,,,,Spirits,[],True,,,1004,1016,1064,144.0,74301.12,0.26,992.2692307692307,0.10101010101010101
1,bcls,product,753905,0.3639408,1792 SMALL BATCH KENTUCKY STRAIGHT BOURBON,,,Whisky,,[],,58.99,,,,,,,[],,,753905,,[],,1,2024-03-11 19:10:01,,1,"['00080660001203', '00088100000021']",False,,0.75,[],1792 SMALL BATCH KENTUCKY STRAIGHT BOURBON,,USA,False,,2,2,,,False,1.0,1792 SMALL BATCH KENTUCKY STRAIGHT BOURBON,0.469,,False,[],SH,,,US,,Bourbon Whiskey,Whisky / Whiskey,False,False,0,58.99,,,,,1792 small batch kentucky straight bourbon,,,,Spirits,[],True,,,1004,1024,1284,0.75,58.99,0.35175,167.7043354655295,0.005050505050505051
2,bcls,product,243782,0.35400322,1800 - COCONUT,,,Tequila,,[],,42.99,,,,,,,[],,,243782,,[],,2025,2024-03-11 19:10:01,,1,['00811538010375'],False,,0.75,[],1800 - COCONUT,,Mexico,False,,2,2,,,False,170.0, COCONUT,0.35,,False,[],SR,,1800 ,MX,,Flavoured Tequila,Tequila,False,False,0,42.99,,,,,1800 - coconut,,,,Spirits,[],True,,,1004,1022,1271,1518.75,87054.75,0.26249999999999996,163.7714285714286,0.8585858585858586
3,bcls,product,415602,0.35400322,1800 - CRISTALINO,,,Tequila,,[],,70.99,,,,,,,[],,,415602,,[],,495,2024-03-11 19:10:01,,1,['00811538016469'],False,,0.75,[],1800 - CRISTALINO,,Mexico,False,,2,2,,,False,68.0, CRISTALINO,0.4,,False,[],SR,,1800 ,MX,,Blanco/Silver Tequila,Tequila,False,False,0,70.99,,,,,1800 - cristalino,,,,Spirits,[],True,,,1004,1022,1270,371.25,35140.049999999996,0.30000000000000004,236.63333333333327,0.3434343434343434
4,bcls,product,856344,0.3639408,1800 - REPOSADO RESERVA,,,Tequila,,[],,43.99,,,,,,,[],,,856344,,[],,1984,2024-03-11 19:10:01,,1,"['00721059227506', '00811538010238']",False,,0.75,[],1800 - REPOSADO RESERVA,,Mexico,False,,2,2,,,False,170.0, REPOSADO RESERVA,0.4,,False,[],SR,,1800 ,MX,,Gold Tequila,Tequila,False,False,0,43.99,,,,,1800 - reposado reserva,,,,Spirits,[],True,,,1004,1022,1272,1488.0,87276.16,0.30000000000000004,146.63333333333333,0.8585858585858586
5,bcls,product,869479,0.35400322,1800 - SILVER RESERVA,,,Tequila,,[],,42.99,,,,,,,[],,,869479,,[],,1451,2024-03-11 19:10:01,,1,['00811538010139'],False,,0.75,[],1800 - SILVER RESERVA,,Mexico,False,,2,2,,,False,121.0, SILVER RESERVA,0.4,,False,[],SR,,1800 ,MX,,Blanco/Silver Tequila,Tequila,False,False,0,42.99,,,,,1800 - silver reserva,,,,Spirits,[],True,,,1004,1022,1270,1088.25,62378.490000000005,0.30000000000000004,143.29999999999998,0.6111111111111112
6,bcls,product,77996,0.3639408,400 CONEJOS MEZCAL,,,Tequila,,[],,51.99,,,,,,,[],,,77996,,[],,736,2024-03-11 19:10:01,,1,['00811538013628'],False,,0.75,[],400 CONEJOS MEZCAL,,Mexico,False,,2,2,,,False,74.0,400 CONEJOS MEZCAL,0.4,,False,[],SR,,,MX,,Mezcal,Tequila,False,False,0,51.99,,,,,400 conejos mezcal,,,,Spirits,[],True,,,1004,1022,1273,552.0,38264.64,0.30000000000000004,173.29999999999998,0.37373737373737376
7,bcls,product,457604,0.3639408,818 TEQUILA - BLANCO,,,Tequila,,[],,75.99,,,,,,,[],,,457604,,[],,902,2024-03-11 19:10:01,,1,"['00860006713409', '00195893687015']",False,,0.75,[],818 TEQUILA - BLANCO,,Mexico,False,,2,2,,,False,95.0, BLANCO,0.4,,False,[],SR,,818 TEQUILA ,MX,,Blanco/Silver Tequila,Tequila,False,False,0,75.99,,,,,818 tequila - blanco,,,,Spirits,[],True,,,1004,1022,1270,676.5,68542.98,0.30000000000000004,253.29999999999995,0.4797979797979798
8,bcls,product,457595,0.3639408,818 TEQUILA - REPOSADO,,,Tequila,,[],,85.99,,,,,,,[],,,457595,,[],,875,2024-03-11 19:10:01,,1,"['00860006713423', '00195893031092']",False,,0.75,[],818 TEQUILA - REPOSADO,,Mexico,False,,2,2,,,False,96.0, REPOSADO,0.4,,False,[],SR,,818 TEQUILA ,MX,,Gold Tequila,Tequila,False,False,0,85.99,,,,,818 tequila - reposado,,,,Spirits,[],True,,,1004,1022,1272,656.25,75241.25,0.30000000000000004,286.63333333333327,0.48484848484848486
9,bcls,product,163036,0.3639408,99 BANANAS - BANANA SCHNAPPS LIQUEUR,,,Liqueurs,,[],,1.99,,,,,,,[],,,163036,,[],,25290,2024-03-11 19:10:01,,1,['00080660620992'],False,,0.05,[],99 BANANAS - BANANA SCHNAPPS LIQUEUR,,Canada,False,,2,2,,,False,162.0, BANANA SCHNAPPS LIQUEUR,0.495,,False,[],SR,,99 BANANAS ,CA,,Fruit Liqueurs,Liqueurs,False,False,0,1.99,,,,,99 bananas - banana schnapps liqueur,,,,Spirits,[],True,,,1004,1019,1211,1264.5,50327.1,0.02475,80.4040404040404,0.8181818181818182
10,bcls,product,106802,0.3639408,99 XXPRESSO - COFFEE LIQUEUR,,,Liqueurs,,[],,1.99,,,,,,,[],,,106802,,[],,17767,2024-03-11 19:10:01,,1,['00089000992010'],False,,0.05,[],99 XXPRESSO - COFFEE LIQUEUR,,USA,False,,2,2,,,False,138.0, COFFEE LIQUEUR,0.495,,False,[],SR,,99 XXPRESSO ,US,,Coffee And Cocoa Liqueurs,Liqueurs,False,False,0,1.99,,,,,99 xxpresso - coffee liqueur,,,,Spirits,[],True,,,1004,1019,1209,888.35,35356.33,0.02475,80.4040404040404,0.696969696969697
11,bcls,product,20146,0.35400322,AALBORG TAFFEL AQUAVIT,,,Other Spirits,,[],,41.99,,,,,,,[],,,20146,,[],,561,2024-03-11 19:10:01,,1,['00817469010293'],False,,0.75,[],AALBORG TAFFEL AQUAVIT,,Denmark,False,,2,2,,,False,86.0,AALBORG TAFFEL AQUAVIT,0.45,,False,[],SR,,,DK,,Flavoured Spirits,Other Spirits,False,False,0,41.99,,,,,aalborg taffel aquavit,,,,Spirits,[],True,,,1004,1020,1238,420.75,23556.39,0.3375,124.41481481481482,0.43434343434343436
12,bcls,product,773002,0.35400322,ABERFELDY - 12 YEAR OLD,,,Whisky,,[],,69.99,,,,,,,[],,,773002,,[],,1480,2024-03-11 19:10:01,Highland,1,['05000277003457'],False,,0.75,[],ABERFELDY - 12 YEAR OLD,,United Kingdom,False,Scotland,2,2,,,False,176.0, 12 YEAR OLD,0.4,,False,[],SR,,ABERFELDY ,GB,,Single Malt Scotch Whisky,Whisky / Whiskey,False,False,0,69.99,,,,,aberfeldy - 12 year old,,,,Spirits,[],True,,,1004,1024,1289,1110.0,103585.2,0.30000000000000004,233.29999999999995,0.8888888888888888
13,bcls,product,661884,0.35400322,ABERFELDY - 21 YEAR OLD,,,Whisky,,[],,320.0,,,,,,,[],,,661884,,[],,90,2024-03-11 19:10:01,Highland,1,['05000277003587'],False,,0.75,[],ABERFELDY - 21 YEAR OLD,,United Kingdom,False,Scotland,2,2,,,False,20.0, 21 YEAR OLD,0.4,,False,[],SH,,ABERFELDY ,GB,,Single Malt Scotch Whisky,Whisky / Whiskey,False,False,0,320.0,,,,,aberfeldy - 21 year old,,,,Spirits,[],True,,,1004,1024,1289,67.5,28800.0,0.30000000000000004,1066.6666666666665,0.10101010101010101
14,bcls,product,922658,0.35400322,ABERLOUR - 12 YEAR OLD DOUBLE CASK MATURED,,,Whisky,,[],,85.99,,,,,,,[],,,922658,,[],,1678,2024-03-11 19:10:01,Speyside,1,"['05000299298145', '03047100017849', '00080432102138', '00080432102145', '05000299298459']",False,,0.75,[],ABERLOUR - 12 YEAR OLD DOUBLE CASK MATURED,,United Kingdom,False,Scotland,2,2,,,False,195.0, 12 YEAR OLD DOUBLE CASK MATURED,0.4,,False,[],G,,ABERLOUR ,GB,,Single Malt Scotch Whisky,Whisky / Whiskey,False,False,0,85.99,,,,,aberlour - 12 year old double cask matured,,,,Spirits,[],True,,,1004,1024,1289,1258.5,144291.22,0.30000000000000004,286.63333333333327,0.9848484848484849
15,bcls,product,521680,0.35400322,ABERLOUR - A'BUNADH ALBA,,,Whisky,,[],,159.99,,,,,,,[],,,521680,,[],,44,2024-03-11 19:10:01,Speyside,1,['00080432114612'],False,,0.75,[],ABERLOUR - A'BUNADH ALBA,,United Kingdom,False,Scotland,3,3,,,False,9.0, A'BUNADH ALBA,0.601,,False,[],SM,,ABERLOUR ,GB,,Single Malt Scotch Whisky,Whisky / Whiskey,False,False,0,159.99,,,,,aberlour - abunadh alba,,,,Spirits,[],True,,,1004,1024,1289,33.0,7039.56,0.45075,354.9417637271215,0.045454545454545456
16,bcls,product,573352,0.35400322,ABERLOUR - A'BUNADH CASK STRENGTH,,,Whisky,,[],,161.99,,,,,,,[],,,573352,,[],,1010,2024-03-11 19:10:01,Speyside,1,['00080432516171'],False,,0.75,[],ABERLOUR - A'BUNADH CASK STRENGTH,,United Kingdom,False,Scotland,2,2,,,False,113.0, A'BUNADH CASK STRENGTH,0.609,,False,[],SR,,ABERLOUR ,GB,,Single Malt Scotch Whisky,Whisky / Whiskey,False,False,0,161.99,,,,,aberlour - abunadh cask strength,,,,Spirits,[],True,,,1004,1024,1289,757.5,163609.90000000002,0.45675,354.6579091406678,0.5707070707070707
17,bcls,product,611152,0.35400322,ABSINTHE - GREEN TREE,,,Liqueurs,,[],,51.99,,,,,,,[],,,611152,,[],,684,2024-03-11 19:10:01,,1,['08594001441723'],False,,0.5,[],ABSINTHE - GREEN TREE,,Czech Republic,False,,2,2,,,False,101.0, GREEN TREE,0.7,,False,[],SR,,ABSINTHE ,CZ,,Anise And Herbal/Spice Liqueurs,Liqueurs,False,False,0,51.99,,,,,absinthe - green tree,,,,Spirits,[],True,,,1004,1019,1208,342.0,35561.16,0.35,148.54285714285714,0.51010101010101
18,bcls,product,236323,0.35400322,ABSOLUT,,,Vodka,,['Featured Products'],True,41.49,,,2024-03-03T00:00:00.000-08:00,,,2024-03-03T00:00:00.000-08:00,['On Sale'],2024-03-31T00:00:00.000-07:00,,236323,True,['Featured Products'],,6753,2024-03-11 19:10:01,,1,"['00087000001114', '00835229000506']",False,,1.14,[],ABSOLUT,,Sweden,False,,2,2,,,False,198.0,ABSOLUT,0.4,,False,['On Sale'],G,,,SE,,Straight Vodka,Vodka,False,False,0,39.49,,,"[{'urlAlias': '/promotion/monthly-flyer', 'name': 'Featured Products', 'promoCode': '202403FEATURESALE', 'published': True, 'shortName': ''}]","[{'urlAlias': '/promotion/monthly-flyer', 'name': 'Featured Products', 'promoCode': '202403FEATURESALE', 'published': True, 'shortName': ''}]",absolut,,2024-03-31T00:00:00.000-07:00,,Spirits,"[{'id': 'empty-placeholder', 'label': '&nbsp;', 'labelLengthWithoutTags': 1}, {'id': 'featured', 'label': 'FEATURED', 'labelLengthWithoutTags': 8}]",True,,,1004,1023,1281,7698.419999999999,280181.97000000003,0.45599999999999996,90.98684210526316,1.0
19,bcls,product,305888,0.35400322,ABSOLUT,,,Vodka,,[],True,60.99,,,2024-03-03T00:00:00.000-08:00,,,2024-03-03T00:00:00.000-08:00,['On Sale'],2024-03-31T00:00:00.000-07:00,,305888,True,[],,2195,2024-03-11 19:10:01,,1,['00835229000605'],False,,1.75,[],ABSOLUT,,Sweden,False,,2,2,,,False,181.0,ABSOLUT,0.4,,False,['On Sale'],G,,,SE,,Straight Vodka,Vodka,False,False,0,58.49,,,,,absolut,,2024-03-31T00:00:00.000-07:00,,Spirits,[],True,,,1004,1023,1281,3841.25,133873.05000000002,0.7000000000000001,87.12857142857142,0.9141414141414141
20,bcls,product,110056,0.3639408,ABSOLUT,,,Vodka,,['Spring into Fresh Flavours'],,27.99,,,,,,,[],,,110056,,['Spring into Fresh Flavours'],,9742,2024-03-11 19:10:01,,1,"['00087000001725', '02831182000308', '00835229000308']",False,,0.75,[],ABSOLUT,,Sweden,False,,2,2,,,False,197.0,ABSOLUT,0.4,,False,[],G,,,SE,,Straight Vodka,Vodka,False,False,0,27.99,,,"[{'urlAlias': '/promotion/spring', 'name': 'Spring into Fresh Flavours', 'promoCode': '2024SPRINGSEASONAL', 'published': True, 'shortName': ''}]","[{'urlAlias': '/promotion/spring', 'name': 'Spring into Fresh Flavours', 'promoCode': '2024SPRINGSEASONAL', 'published': True, 'shortName': ''}]",absolut,,,,Spirits,"[{'id': 'empty-placeholder', 'label': '&nbsp;', 'labelLengthWithoutTags': 1}, {'id': 'featured', 'label': 'FEATURED', 'labelLengthWithoutTags': 8}]",True,,,1004,1023,1281,7306.5,272678.57999999996,0.30000000000000004,93.29999999999998,0.9949494949494949
21,bcls,product,265199,0.3639408,ABSOLUT,,,Vodka,,[],,14.99,,,,,,,[],,,265199,,[],,5025,2024-03-11 19:10:01,,1,"['00087000001732', '00835229000209']",False,,0.375,[],ABSOLUT,,Sweden,False,,2,2,,,False,194.0,ABSOLUT,0.4,,False,[],G,,,SE,,Straight Vodka,Vodka,False,False,0,14.99,,,,,absolut,,,,Spirits,[],True,,,1004,1023,1281,1884.375,75324.75,0.15000000000000002,99.93333333333332,0.9797979797979798
22,bcls,product,200923,0.35400322,ABSOLUT - APEACH,,,Vodka,,[],,27.99,,,,,,,[],,,200923,,[],,2125,2024-03-11 19:10:01,,1,"['07312040350186', '00835229001138']",False,,0.75,[],ABSOLUT - APEACH,,Sweden,False,,2,2,,,False,172.0, APEACH,0.38,,False,[],SR,,ABSOLUT ,SE,,Flavoured Vodka,Vodka,False,False,0,27.99,,,,,absolut - apeach,,,,Spirits,[],True,,,1004,1023,1280,1593.75,59478.75,0.28500000000000003,98.21052631578945,0.8686868686868687
23,bcls,product,257238,0.3639408,ABSOLUT - CITRON,,,Vodka,,[],,27.99,,,,,,,[],,,257238,,[],,2142,2024-03-11 19:10:01,,1,"['00835229001305', '00087000001817']",False,,0.75,[],ABSOLUT - CITRON,,Sweden,False,,2,2,,,False,174.0, CITRON,0.4,,False,[],SR,,ABSOLUT ,SE,,Flavoured Vodka,Vodka,False,False,0,27.99,,,,,absolut - citron,,,,Spirits,[],True,,,1004,1023,1280,1606.5,59954.579999999994,0.30000000000000004,93.29999999999998,0.8787878787878788
24,bcls,product,47478,0.3639408,ABSOLUT - JUICE PEAR EDITION,,,Vodka,,[],,28.49,,,,,,,[],,,47478,,[],,5,2024-03-11 19:10:01,,1,['07312040552764'],False,,0.75,[],ABSOLUT - JUICE PEAR EDITION,,Sweden,False,,3,3,,,False,1.0, JUICE PEAR EDITION,0.35,,False,[],SH,,ABSOLUT ,SE,,Flavoured Vodka,Vodka,False,False,0,28.49,,,,,absolut - juice pear edition,,,,Spirits,[],True,,,1004,1023,1280,3.75,142.45,0.26249999999999996,108.53333333333335,0.005050505050505051
25,bcls,product,8315,0.35400322,ABSOLUT - JUICE STRAWBERRY EDITION,,,Vodka,,[],,28.49,,,,,,,[],,,8315,,[],,56,2024-03-11 19:10:01,,1,['07312040552474'],False,,0.75,[],ABSOLUT - JUICE STRAWBERRY EDITION,,Sweden,False,,3,3,,,False,7.0, JUICE STRAWBERRY EDITION,0.35,,False,[],SH,,ABSOLUT ,SE,,Flavoured Vodka,Vodka,False,False,0,28.49,,,,,absolut - juice strawberry edition,,,,Spirits,[],True,,,1004,1023,1280,42.0,1595.4399999999998,0.26249999999999996,108.53333333333335,0.03535353535353535
26,bcls,product,17415,0.35400322,ABSOLUT - LIME,,,Vodka,,[],True,27.99,,,2024-03-03T00:00:00.000-08:00,,,2024-03-03T00:00:00.000-08:00,['On Sale'],2024-03-31T00:00:00.000-07:00,,17415,True,[],,1260,2024-03-11 19:10:01,,1,['07312040551675'],False,,0.75,[],ABSOLUT - LIME,,Sweden,False,,2,2,,,False,120.0, LIME,0.4,,False,['On Sale'],SR,,ABSOLUT ,SE,,Flavoured Vodka,Vodka,False,False,0,26.99,,,,,absolut - lime,,2024-03-31T00:00:00.000-07:00,,Spirits,[],True,,,1004,1023,1280,945.0,35267.4,0.30000000000000004,93.29999999999998,0.6060606060606061
27,bcls,product,481289,0.35400322,ABSOLUT - LIMITED EDITION MOSAIC BOTTLE,,,Vodka,,[],,27.99,,,,,,,[],,,481289,,[],,1397,2024-03-11 19:10:01,,1,"['07312040553082', '07312040552825']",False,,0.75,[],ABSOLUT - LIMITED EDITION MOSAIC BOTTLE,,Sweden,False,,2,2,,,False,121.0, LIMITED EDITION MOSAIC BOTTLE,0.4,,False,[],SH,,ABSOLUT ,SE,,Straight Vodka,Vodka,False,False,0,27.99,,,,,absolut - limited edition mosaic bottle,,,,Spirits,[],True,,,1004,1023,1281,1047.75,39102.03,0.30000000000000004,93.29999999999998,0.6111111111111112
28,bcls,product,550749,0.35400322,ABSOLUT - MANDRIN,,,Vodka,,[],,27.99,,,,,,,[],,,550749,,[],,2242,2024-03-11 19:10:01,,1,"['00835229002302', '00087000005587']",False,,0.75,[],ABSOLUT - MANDRIN,,Sweden,False,,2,2,,,False,173.0, MANDRIN,0.4,,False,[],SR,,ABSOLUT ,SE,,Flavoured Vodka,Vodka,False,False,0,27.99,,,,,absolut - mandrin,,,,Spirits,[],True,,,1004,1023,1280,1681.5,62753.579999999994,0.30000000000000004,93.29999999999998,0.8737373737373737
29,bcls,product,153858,0.35400322,ABSOLUT - RASPBERRI,,,Vodka,,[],,27.99,,,,,,,[],,,153858,,[],,2183,2024-03-11 19:10:01,,1,"['07312040350063', '00835229008304']",False,,0.75,[],ABSOLUT - RASPBERRI,,Sweden,False,,2,2,,,False,176.0, RASPBERRI,0.38,,False,[],SR,,ABSOLUT ,SE,,Flavoured Vodka,Vodka,False,False,0,27.99,,,,,absolut - raspberri,,,,Spirits,[],True,,,1004,1023,1280,1637.25,61102.17,0.28500000000000003,98.21052631578945,0.8888888888888888
30,bcls,product,660522,0.35400322,ABSOLUT - RASPBERRI,,,Vodka,,[],,14.99,,,,,,,['BCL Select'],,,660522,,[],,1820,2024-03-11 19:10:01,,1,"['00835229008809', '07312040350049']",False,,0.375,[],ABSOLUT - RASPBERRI,,Sweden,False,,2,2,,,False,97.0, RASPBERRI,0.38,,True,['BCL Select'],C,,ABSOLUT ,SE,,Flavoured Vodka,Vodka,False,False,0,14.99,,,,,absolut - raspberri,,,,Spirits,"[{'id': 'empty-placeholder', 'label': '&nbsp;', 'labelLengthWithoutTags': 1}, {'id': 'exclusive', 'label': 'ONLY@BCL', 'labelLengthWithoutTags': 8}]",True,,,1004,1023,1280,682.5,27281.8,0.14250000000000002,105.19298245614034,0.4898989898989899
31,bcls,product,7823,0.35400322,ABSOLUT - VANILIA,,,Vodka,,[],True,27.99,,,2024-03-03T00:00:00.000-08:00,,,2024-03-03T00:00:00.000-08:00,['On Sale'],2024-03-31T00:00:00.000-07:00,,7823,True,[],,2170,2024-03-11 19:10:01,,1,"['07312040350117', '00835229006300']",False,,0.75,[],ABSOLUT - VANILIA,,Sweden,False,,2,2,,,False,156.0, VANILIA,0.38,,False,['On Sale'],SR,,ABSOLUT ,SE,,Flavoured Vodka,Vodka,False,False,0,26.99,,,,,absolut - vanilia,,2024-03-31T00:00:00.000-07:00,,Spirits,[],True,,,1004,1023,1280,1627.5,60738.299999999996,0.28500000000000003,98.21052631578945,0.7878787878787878
32,bcls,product,47520,0.35400322,ABSOLUT - WATERMELON VODKA,,,Vodka,,[],,27.99,,,,,,,[],,,47520,,[],,1684,2024-03-11 19:10:01,,1,"['00835229010994', '07312040552733']",False,,0.75,[],ABSOLUT - WATERMELON VODKA,,Sweden,False,,2,2,,,False,123.0, WATERMELON VODKA,0.38,,False,[],SR,,ABSOLUT ,SE,,Flavoured Vodka,Vodka,False,False,0,27.99,,,,,absolut - watermelon vodka,,,,Spirits,[],True,,,1004,1023,1280,1263.0,47135.159999999996,0.28500000000000003,98.21052631578945,0.6212121212121212
33,bcls,product,233864,0.35400322,ABSOLUT RAINBOW LIMITED EDITION,,,Vodka,,[],,27.99,,,,,,,[],,,233864,,[],,735,2024-03-11 19:10:01,,1,"['07312040552641', '07312040551941']",False,,0.75,[],ABSOLUT RAINBOW LIMITED EDITION,,Sweden,False,,3,3,,,False,54.0,ABSOLUT RAINBOW LIMITED EDITION,0.4,,False,[],SH,,,SE,,Straight Vodka,Vodka,False,False,0,27.99,,,,,absolut rainbow limited edition,,,,Spirits,[],True,,,1004,1023,1281,551.25,20572.649999999998,0.30000000000000004,93.29999999999998,0.2727272727272727
34,bcls,product,276846,0.3639408,ADICTIVO TEQUILA - EXTRA ANEJO 14 YEAR OLD KINGS EDITION,,,Tequila,,[],,1299.99,,,,,,,['BCL Select'],,,276846,,[],,53,2024-03-11 19:10:01,,1,['07503029246396'],False,,0.75,[],ADICTIVO TEQUILA - EXTRA ANEJO 14 YEAR OLD KINGS EDITION,,Mexico,False,,3,3,,,False,8.0, EXTRA ANEJO 14 YEAR OLD KINGS EDITION,0.4,,True,['BCL Select'],C,,ADICTIVO TEQUILA ,MX,,Gold Tequila,Tequila,False,False,0,1299.99,,,,,adictivo tequila - extra anejo 14 year old kings edition,,,,Spirits,"[{'id': 'empty-placeholder', 'label': '&nbsp;', 'labelLengthWithoutTags': 1}, {'id': 'exclusive', 'label': 'ONLY@BCL', 'labelLengthWithoutTags': 8}]",True,,,1004,1022,1272,39.75,68899.47,0.30000000000000004,4333.299999999999,0.04040404040404041
35,bcls,product,100118,0.3639408,ADICTIVO TEQUILA ANEJO,,,Tequila,,[],,128.99,,,,,,,[],,,100118,,[],,872,2024-03-11 19:10:01,,1,['07500462214302'],False,,0.75,[],ADICTIVO TEQUILA ANEJO,,Mexico,False,,2,2,,,False,105.0,ADICTIVO TEQUILA ANEJO,0.4,,False,[],ST,,,MX,,Gold Tequila,Tequila,False,False,0,128.99,,,,,adictivo tequila anejo,,,,Spirits,[],True,,,1004,1022,1272,654.0,112479.28000000001,0.30000000000000004,429.96666666666664,0.5303030303030303
36,bcls,product,23435,0.35400322,ADICTIVO TEQUILA EXTRA ANEJO,,,Tequila,,[],,150.99,,,,,,,[],,,23435,,[],,7,2024-03-11 19:10:01,,1,['07500462214333'],False,,0.75,[],ADICTIVO TEQUILA EXTRA ANEJO,,Mexico,False,,2,2,,,False,3.0,ADICTIVO TEQUILA EXTRA ANEJO,0.4,,False,[],SR,,,MX,,Gold Tequila,Tequila,False,False,0,150.99,,,,,adictivo tequila extra anejo,,,,Spirits,[],True,,,1004,1022,1272,5.25,1056.93,0.30000000000000004,503.29999999999995,0.015151515151515152
37,bcls,product,23430,0.35400322,ADICTIVO TEQUILA PLATA,,,Tequila,,[],,81.99,,,,,,,[],,,23430,,[],,472,2024-03-11 19:10:01,,1,['07500462214319'],False,,0.75,[],ADICTIVO TEQUILA PLATA,,Mexico,False,,2,2,,,False,67.0,ADICTIVO TEQUILA PLATA,0.4,,False,[],SR,,,MX,,Blanco/Silver Tequila,Tequila,False,False,0,81.99,,,,,adictivo tequila plata,,,,Spirits,[],True,,,1004,1022,1270,354.0,38699.28,0.30000000000000004,273.29999999999995,0.3383838383838384
38,bcls,product,8532,0.35400322,ADVOCAAT - BOLS,,,Liqueurs,,[],,27.99,,,,,,,[],,,8532,,[],,1775,2024-03-11 19:10:01,,1,"['00080915131709', '08710415911793']",False,,0.75,[],ADVOCAAT - BOLS,,Netherlands,False,,2,2,,,False,149.0, BOLS,0.15,,False,[],SR,,ADVOCAAT ,NL,,Other Liqueurs,Liqueurs,False,False,0,27.99,,,,,advocaat - bols,,,,Spirits,[],True,,,1004,1019,1213,1331.25,49682.25,0.11249999999999999,248.8,0.7525252525252525
39,bcls,product,466060,0.3639408,AGAVERO - TEQUILA LIQUEUR,,,Liqueurs,,[],,37.99,,,,,,,[],,,466060,,[],,370,2024-03-11 19:10:01,,1,['00811538012072'],False,,0.75,[],AGAVERO - TEQUILA LIQUEUR,,Mexico,False,,2,2,,,False,64.0, TEQUILA LIQUEUR,0.32,,False,[],SR,,AGAVERO ,MX,,Other Liqueurs,Liqueurs,False,False,0,37.99,,,,,agavero - tequila liqueur,,,,Spirits,[],True,,,1004,1019,1213,277.5,14056.300000000001,0.24,158.29166666666669,0.32323232323232326
40,bcls,product,238012,0.3639408,AIKO - NAPOLEON XO DRAGON WITH BABY,,,Grape and Fruit Brandy,,[],,380.0,,,,,,,['BCL Select'],,,238012,,[],,35,2024-03-11 19:10:01,,1,['00642896976047'],False,,0.75,[],AIKO - NAPOLEON XO DRAGON WITH BABY,,France,False,,2,2,,,False,17.0, NAPOLEON XO DRAGON WITH BABY,0.4,,True,['BCL Select'],C,,AIKO ,FR,,Brandy,Brandy,False,False,0,380.0,,,,,aiko - napoleon xo dragon with baby,,,,Spirits,"[{'id': 'empty-placeholder', 'label': '&nbsp;', 'labelLengthWithoutTags': 1}, {'id': 'exclusive', 'label': 'ONLY@BCL', 'labelLengthWithoutTags': 8}]",True,,,1004,1018,1171,26.25,13300.0,0.30000000000000004,1266.6666666666665,0.08585858585858586
41,bcls,product,4791,0.3639408,AKASHI JAPANESE BLENDED WHISKY,,,Whisky,,[],,70.99,,,,,,,[],,,4791,,[],,344,2024-03-11 19:10:01,,1,['04969265703308'],False,,0.5,[],AKASHI JAPANESE BLENDED WHISKY,,Japan,False,,2,2,,,False,49.0,AKASHI JAPANESE BLENDED WHISKY,0.4,,False,[],SR,,,JP,,Other Country Whisky,Whisky / Whiskey,False,False,0,70.99,,,,,akashi japanese blended whisky,,,,Spirits,[],True,,,1004,1024,1288,172.0,24420.559999999998,0.2,354.94999999999993,0.2474747474747475
42,bcls,product,455675,0.3639408,AKVAVIT - BORNHOLMER,,,Other Spirits,,[],,30.99,,,,,,,[],,,455675,,[],,875,2024-03-11 19:10:01,,1,"['05703397100715', '05703397100814']",False,,0.7,[],AKVAVIT - BORNHOLMER,,Denmark,False,,2,2,,,False,97.0, BORNHOLMER,0.4,,False,[],SR,,AKVAVIT ,DK,,Schnapps and Akvavit,Other Spirits,False,False,0,30.99,,,,,akvavit - bornholmer,,,,Spirits,[],True,,,1004,1020,1243,612.5,27116.25,0.27999999999999997,110.67857142857143,0.4898989898989899
43,bcls,product,507723,0.3639408,ALBERTA - PURE,,,Vodka,,[],,6.79,,,,,,,[],,,507723,,[],,6492,2024-03-11 19:10:01,,1,"['00777680015166', '00777680005167', '00080686820178']",False,,0.2,[],ALBERTA - PURE,,Canada,False,,2,2,,,False,180.0, PURE,0.4,,False,[],SR,,ALBERTA ,CA,,Straight Vodka,Vodka,False,False,0,6.79,,,,,alberta - pure,,,,Spirits,[],True,,,1004,1023,1281,1298.4,44080.68,0.08000000000000002,84.87499999999999,0.9090909090909091
44,bcls,product,984,0.3639408,ALBERTA PREMIUM - CANADIAN RYE,,,Whisky,,[],,23.49,,,,,,,[],,,984,,[],,2107,2024-03-11 19:10:01,,1,"['00777680001930', '00080686820024']",False,,0.75,[],ALBERTA PREMIUM - CANADIAN RYE,,Canada,False,,2,2,,,False,162.0, CANADIAN RYE,0.4,,False,[],SR,,ALBERTA PREMIUM ,CA,,Canadian Whisky,Whisky / Whiskey,False,False,0,23.49,,,,,alberta premium - canadian rye,,,,Spirits,[],True,,,1004,1024,1285,1580.25,49493.43,0.30000000000000004,78.29999999999998,0.8181818181818182
45,bcls,product,1305,0.3639408,ALBERTA PREMIUM - CANADIAN RYE,,,Whisky,,[],,34.49,,,,,,,[],,,1305,,[],,1844,2024-03-11 19:10:01,,1,"['00777680001916', '00080686820116']",False,,1.14,[],ALBERTA PREMIUM - CANADIAN RYE,,Canada,False,,2,2,,,False,190.0, CANADIAN RYE,0.4,,False,[],G,,ALBERTA PREMIUM ,CA,,Canadian Whisky,Whisky / Whiskey,False,False,0,34.49,,,,,alberta premium - canadian rye,,,,Spirits,[],True,,,1004,1024,1285,2102.16,63599.560000000005,0.45599999999999996,75.63596491228071,0.9595959595959596
46,bcls,product,3871,0.3639408,ALBERTA PREMIUM - CANADIAN RYE,,,Whisky,,[],,12.49,,,,,,,[],,,3871,,[],,5022,2024-03-11 19:10:01,,1,"['00777680001954', '00080686820086']",False,,0.375,[],ALBERTA PREMIUM - CANADIAN RYE,,Canada,False,,2,2,,,False,198.0, CANADIAN RYE,0.4,,False,[],G,,ALBERTA PREMIUM ,CA,,Canadian Whisky,Whisky / Whiskey,False,False,0,12.49,,,,,alberta premium - canadian rye,,,,Spirits,[],True,,,1004,1024,1285,1883.25,62724.78,0.15000000000000002,83.26666666666665,1.0
47,bcls,product,54213,0.3639408,ALBERTA PREMIUM - CANADIAN RYE,,,Whisky,,[],,52.99,,,,,,,[],,,54213,,[],,1723,2024-03-11 19:10:01,,1,"['00777680001909', '00080686820055']",False,,1.75,[],ALBERTA PREMIUM - CANADIAN RYE,,Canada,False,,2,2,,,False,193.0, CANADIAN RYE,0.4,,False,[],G,,ALBERTA PREMIUM ,CA,,Canadian Whisky,Whisky / Whiskey,False,False,0,52.99,,,,,alberta premium - canadian rye,,,,Spirits,[],True,,,1004,1024,1285,3015.25,91301.77,0.7000000000000001,75.69999999999999,0.9747474747474747
48,bcls,product,545475,0.3639408,ALBERTA PREMIUM - CANADIAN RYE PET,,,Whisky,,['Only@BCL'],,23.49,,,,,,,['BCL Select'],,,545475,,['Only@BCL'],,3198,2024-03-11 19:10:01,,1,"['00080686820321', '00777680011946']",False,,0.75,[],ALBERTA PREMIUM - CANADIAN RYE PET,,Canada,False,,2,2,,,False,192.0, CANADIAN RYE PET,0.4,,True,['BCL Select'],C,,ALBERTA PREMIUM ,CA,,Canadian Whisky,Whisky / Whiskey,False,False,0,23.49,,,"[{'urlAlias': '/promotion/only-at-bcl', 'name': 'Only@BCL', 'promoCode': '2020BCLSELECT', 'published': True, 'shortName': ''}]","[{'urlAlias': '/promotion/only-at-bcl', 'name': 'Only@BCL', 'promoCode': '2020BCLSELECT', 'published': True, 'shortName': ''}]",alberta premium - canadian rye pet,,,,Spirits,"[{'id': 'featured', 'label': 'FEATURED', 'labelLengthWithoutTags': 8}, {'id': 'exclusive', 'label': 'ONLY@BCL', 'labelLengthWithoutTags': 8}]",True,,,1004,1024,1285,2398.5,75121.01999999999,0.30000000000000004,78.29999999999998,0.9696969696969697
49,bcls,product,264110,0.35400322,ALBERTA PREMIUM - CASK STRENGTH RYE 2023,,,Whisky,,[],,76.99,,,,,,,[],,,264110,,[],,232,2024-03-11 19:10:01,,1,['00080686008231'],False,,0.75,[],ALBERTA PREMIUM - CASK STRENGTH RYE 2023,,Canada,False,,3,3,,,False,47.0, CASK STRENGTH RYE 2023,0.642,,False,[],SH,,ALBERTA PREMIUM ,CA,,Canadian Whisky,Whisky / Whiskey,False,False,0,76.99,,,,,alberta premium - cask strength rye 2023,,,,Spirits,[],True,,,1004,1024,1285,174.0,17861.68,0.48150000000000004,159.89615784008305,0.23737373737373738
50,bcls,product,83097,0.35400322,ALBERTA PREMIUM CANADIAN RYE,,,Whisky,,[],,6.49,,,,,,,[],,,83097,,[],,7391,2024-03-11 19:10:01,,1,"['00777680011960', '00080686820093']",False,,0.2,[],ALBERTA PREMIUM CANADIAN RYE,,Canada,False,,2,2,,,False,186.0,ALBERTA PREMIUM CANADIAN RYE,0.4,,False,[],SR,,,CA,,Canadian Whisky,Whisky / Whiskey,False,False,0,6.49,,,,,alberta premium canadian rye,,,,Spirits,[],True,,,1004,1024,1285,1478.2,47967.590000000004,0.08000000000000002,81.12499999999999,0.9393939393939394
51,bcls,product,53082,0.35400322,ALBERTA PURE,,,Vodka,,['Featured Products'],True,52.99,,,2024-03-03T00:00:00.000-08:00,,,2024-03-03T00:00:00.000-08:00,['On Sale'],2024-03-31T00:00:00.000-07:00,,53082,True,['Featured Products'],,3715,2024-03-11 19:10:01,,1,"['00080686820123', '00777680005105']",False,,1.75,[],ALBERTA PURE,,Canada,False,,2,2,,,False,197.0,ALBERTA PURE,0.4,,False,['On Sale'],G,,,CA,,Straight Vodka,Vodka,False,False,0,51.99,,,"[{'urlAlias': '/promotion/monthly-flyer', 'name': 'Featured Products', 'promoCode': '202403FEATURESALE', 'published': True, 'shortName': ''}]","[{'urlAlias': '/promotion/monthly-flyer', 'name': 'Featured Products', 'promoCode': '202403FEATURESALE', 'published': True, 'shortName': ''}]",alberta pure,,2024-03-31T00:00:00.000-07:00,,Spirits,"[{'id': 'empty-placeholder', 'label': '&nbsp;', 'labelLengthWithoutTags': 1}, {'id': 'featured', 'label': 'FEATURED', 'labelLengthWithoutTags': 8}]",True,,,1004,1023,1281,6501.25,196857.85,0.7000000000000001,75.69999999999999,0.9949494949494949
52,bcls,product,1073,0.3639408,ALBERTA PURE,,,Vodka,,[],True,23.49,,,2024-03-03T00:00:00.000-08:00,,,2024-03-03T00:00:00.000-08:00,['On Sale'],2024-03-31T00:00:00.000-07:00,,1073,True,[],,2759,2024-03-11 19:10:01,,1,"['00777680005136', '00080686820130']",False,,0.75,[],ALBERTA PURE,,Canada,False,,2,2,,,False,164.0,ALBERTA PURE,0.4,,False,['On Sale'],G,,,CA,,Straight Vodka,Vodka,False,False,0,22.49,,,,,alberta pure,,2024-03-31T00:00:00.000-07:00,,Spirits,[],True,,,1004,1023,1281,2069.25,64808.909999999996,0.30000000000000004,78.29999999999998,0.8282828282828283
53,bcls,product,1503,0.3639408,ALBERTA PURE,,,Vodka,,[],,12.49,,,,,,,[],,,1503,,[],,5084,2024-03-11 19:10:01,,1,"['00777680005150', '00080686820154']",False,,0.375,[],ALBERTA PURE,,Canada,False,,2,2,,,False,177.0,ALBERTA PURE,0.4,,False,[],G,,,CA,,Straight Vodka,Vodka,False,False,0,12.49,,,,,alberta pure,,,,Spirits,[],True,,,1004,1023,1281,1906.5,63499.16,0.15000000000000002,83.26666666666665,0.8939393939393939
54,bcls,product,3012,0.3639408,ALBERTA PURE,,,Vodka,,[],,34.49,,,,,,,[],,,3012,,[],,3191,2024-03-11 19:10:01,,1,"['00777680015111', '00777680005112', '00080686820161']",False,,1.14,[],ALBERTA PURE,,Canada,False,,2,2,,,False,195.0,ALBERTA PURE,0.4,,False,[],G,,,CA,,Straight Vodka,Vodka,False,False,0,34.49,,,,,alberta pure,,,,Spirits,[],True,,,1004,1023,1281,3637.74,110057.59000000001,0.45599999999999996,75.63596491228071,0.9848484848484849
55,bcls,product,201643,0.35400322,ALBERTA PURE - PEACH VODKA,,,Vodka,,[],,23.99,,,,,,,[],,,201643,,[],,15,2024-03-11 19:10:01,,1,['00080686116042'],False,,0.75,[],ALBERTA PURE - PEACH VODKA,,Canada,False,,3,3,,,False,5.0, PEACH VODKA,0.35,,False,[],ST,,ALBERTA PURE ,CA,,Flavoured Vodka,Vodka,False,False,1,23.99,,,,,alberta pure - peach vodka,,,,Spirits,[],True,,,1004,1023,1280,11.25,359.84999999999997,0.26249999999999996,91.3904761904762,0.025252525252525252
56,bcls,product,635219,0.35400322,ALBERTA PURE - PET,,,Vodka,,['Only@BCL'],True,23.49,,,2024-03-03T00:00:00.000-08:00,,,2024-03-03T00:00:00.000-08:00,"['BCL Select', 'On Sale']",2024-03-31T00:00:00.000-07:00,,635219,True,['Only@BCL'],,8401,2024-03-11 19:10:01,,1,"['00080686820314', '00777680015142']",False,,0.75,[],ALBERTA PURE - PET,,Canada,False,,2,2,,,False,198.0, PET,0.4,,True,"['BCL Select', 'On Sale']",C,,ALBERTA PURE ,CA,,Straight Vodka,Vodka,False,False,0,22.49,,,"[{'urlAlias': '/promotion/only-at-bcl', 'name': 'Only@BCL', 'promoCode': '2020BCLSELECT', 'published': True, 'shortName': ''}]","[{'urlAlias': '/promotion/only-at-bcl', 'name': 'Only@BCL', 'promoCode': '2020BCLSELECT', 'published': True, 'shortName': ''}]",alberta pure - pet,,2024-03-31T00:00:00.000-07:00,,Spirits,"[{'id': 'featured', 'label': 'FEATURED', 'labelLengthWithoutTags': 8}, {'id': 'exclusive', 'label': 'ONLY@BCL', 'labelLengthWithoutTags': 8}]",True,,,1004,1023,1281,6300.75,197339.49,0.30000000000000004,78.29999999999998,1.0
57,bcls,product,461434,0.3639408,ALBERTA SPRINGS - 10 YEAR OLD,,,Whisky,,[],,52.49,,,,,,,[],,,461434,,[],,950,2024-03-11 19:10:01,,1,"['00777680001008', '00080686819011']",False,,1.75,[],ALBERTA SPRINGS - 10 YEAR OLD,,Canada,False,,2,2,,,False,138.0, 10 YEAR OLD,0.4,,False,[],SR,,ALBERTA SPRINGS ,CA,,Canadian Whisky,Whisky / Whiskey,False,False,0,52.49,,,,,alberta springs - 10 year old,,,,Spirits,[],True,,,1004,1024,1285,1662.5,49865.5,0.7000000000000001,74.98571428571428,0.696969696969697
58,bcls,product,398821,0.3639408,ALFRED GIRAUD - VOYAGE,,,Whisky,,[],,294.99,,,,,,,[],,,398821,,[],,10,2024-03-11 19:10:01,,1,['03770012925024'],False,,0.7,[],ALFRED GIRAUD - VOYAGE,,France,False,,2,2,,,False,4.0, VOYAGE,0.48,,False,[],SM,,ALFRED GIRAUD ,FR,,Other Country Whisky,Whisky / Whiskey,False,False,0,294.99,,,,,alfred giraud - voyage,,,,Spirits,[],True,,,1004,1024,1288,7.0,2949.9,0.33599999999999997,877.9464285714287,0.020202020202020204
59,bcls,product,31864,0.35400322,AMARETTO - DISARONNO ORIGINALE,,,Liqueurs,,[],,20.99,,,,,,,[],,,31864,,[],,3124,2024-03-11 19:10:01,,1,"['08001110015450', '00050037014518']",False,,0.375,[],AMARETTO - DISARONNO ORIGINALE,,Italy,False,,2,2,,,False,182.0, DISARONNO ORIGINALE,0.28,,False,[],SR,,AMARETTO ,IT,,Nut Liqueurs,Liqueurs,False,False,0,20.99,,,,,amaretto - disaronno originale,,,,Spirits,[],True,,,1004,1019,1212,1171.5,65572.76,0.10500000000000001,199.90476190476187,0.9191919191919192
60,bcls,product,2253,0.3639408,AMARETTO - DISARONNO ORIGINALE,,,Liqueurs,,[],True,29.99,,,2024-03-03T00:00:00.000-08:00,,,2024-03-03T00:00:00.000-08:00,['On Sale'],2024-03-31T00:00:00.000-07:00,,2253,True,[],,2789,2024-03-11 19:10:01,,1,"['00050037014501', '00050037018554']",False,,0.75,[],AMARETTO - DISARONNO ORIGINALE,,Italy,False,,2,2,,,False,196.0, DISARONNO ORIGINALE,0.28,,False,['On Sale'],G,,AMARETTO ,IT,,Nut Liqueurs,Liqueurs,False,False,0,26.49,,,,,amaretto - disaronno originale,,2024-03-31T00:00:00.000-07:00,,Spirits,[],True,,,1004,1019,1212,2091.75,83642.11,0.21000000000000002,142.8095238095238,0.98989898989899
61,bcls,product,339358,0.3639408,AMARETTO DI SASCHIRA - LUXARDO,,,Liqueurs,,[],,29.99,,,,,,,[],,,339358,,[],,2650,2024-03-11 19:10:01,,1,"['08000353000292', '08000353003057', '08000353120150']",False,,0.75,['Kosher'],AMARETTO DI SASCHIRA - LUXARDO,,Italy,False,,2,2,,,False,181.0, LUXARDO,0.24,,False,[],SR,,AMARETTO DI SASCHIRA ,IT,,Nut Liqueurs,Liqueurs,True,False,0,29.99,,,,,amaretto di saschira - luxardo,,,,Spirits,[],True,,,1004,1019,1212,1987.5,79473.5,0.18,166.61111111111111,0.9141414141414141
62,bcls,product,601484,0.35400322,AMARO - MONTENEGRO,,,Liqueurs,,[],,41.99,,,,,,,[],,,601484,,[],,1503,2024-03-11 19:10:01,,1,['08000330012317'],False,,0.75,[],AMARO - MONTENEGRO,,Italy,False,,2,2,,,False,163.0, MONTENEGRO,0.23,,False,[],SR,,AMARO ,IT,,Anise And Herbal/Spice Liqueurs,Liqueurs,False,False,0,41.99,,,,,amaro - montenegro,,,,Spirits,[],True,,,1004,1019,1208,1127.25,63110.97,0.17250000000000001,243.42028985507247,0.8232323232323232
63,bcls,product,474949,0.3639408,AMARULA - PLANT BASED CREAM LIQUEUR,,,Liqueurs,,[],,29.99,,,,,,,[],,,474949,,[],,982,2024-03-11 19:10:01,,1,"['06001108107756', '06001108106476']",False,,0.75,[],AMARULA - PLANT BASED CREAM LIQUEUR,,South Africa,False,,2,2,,,False,80.0, PLANT BASED CREAM LIQUEUR,0.155,,False,[],SR,,AMARULA ,ZA,,Cream/Dairy Liqueurs,Liqueurs,False,False,0,29.99,,,,,amarula - plant based cream liqueur,,,,Spirits,[],True,,,1004,1019,1210,736.5,29450.179999999997,0.11624999999999999,257.97849462365593,0.40404040404040403
64,bcls,product,342246,0.3639408,AMARULA CREAM LIQUEUR,,,Liqueurs,,[],,28.99,,,,,,,[],,,342246,,[],,2683,2024-03-11 19:10:01,,1,"['06001495062980', '06001495062508']",False,,0.75,[],AMARULA CREAM LIQUEUR,,South Africa,False,,2,2,,,False,197.0,AMARULA CREAM LIQUEUR,0.17,,False,[],SR,,,ZA,,Cream/Dairy Liqueurs,Liqueurs,False,False,0,28.99,,,,,amarula cream liqueur,,,,Spirits,[],True,,,1004,1019,1210,2012.25,77780.17,0.1275,227.37254901960782,0.9949494949494949
65,bcls,product,155697,0.3639408,AMRUT - FUSION SINGLE MALT INDIA,,,Whisky,,[],True,112.99,,,2024-03-03T00:00:00.000-08:00,,,2024-03-03T00:00:00.000-08:00,['On Sale'],2024-03-31T00:00:00.000-07:00,,155697,True,[],,380,2024-03-11 19:10:01,,1,['08901193004122'],False,,0.7,[],AMRUT - FUSION SINGLE MALT INDIA,,India,False,,2,2,,,False,58.0, FUSION SINGLE MALT INDIA,0.5,,False,['On Sale'],SR,,AMRUT ,IN,,Other Country Whisky,Whisky / Whiskey,False,False,0,108.69,,,,,amrut - fusion single malt india,,2024-03-31T00:00:00.000-07:00,,Spirits,[],True,,,1004,1024,1288,266.0,42936.2,0.35,322.8285714285714,0.29292929292929293
66,bcls,product,401974,0.35400322,AMRUT - NEIDHAL SINGLE MALTS OF INDIA,,,Whisky,,[],,135.99,,,,,,,['BCL Select'],,,401974,,[],,42,2024-03-11 19:10:01,,1,['08901193504929'],False,,0.7,[],AMRUT - NEIDHAL SINGLE MALTS OF INDIA,,India,False,,3,3,,,False,10.0, NEIDHAL SINGLE MALTS OF INDIA,0.46,,True,['BCL Select'],C,,AMRUT ,IN,,Other Country Whisky,Whisky / Whiskey,False,False,1,135.99,,,,,amrut - neidhal single malts of india,,,,Spirits,"[{'id': 'empty-placeholder', 'label': '&nbsp;', 'labelLengthWithoutTags': 1}, {'id': 'exclusive', 'label': 'ONLY@BCL', 'labelLengthWithoutTags': 8}]",True,,,1004,1024,1288,29.4,5711.58,0.322,422.32919254658384,0.050505050505050504
67,bcls,product,358341,0.3639408,ANCNOC - 12 YEAR OLD,,,Whisky,,[],True,91.99,,,2024-03-03T00:00:00.000-08:00,,,2024-03-03T00:00:00.000-08:00,['On Sale'],2024-03-31T00:00:00.000-07:00,,358341,True,[],,687,2024-03-11 19:10:01,Speyside,1,['05010509427067'],False,,0.7,[],ANCNOC - 12 YEAR OLD,,United Kingdom,False,Scotland,2,2,,,False,91.0, 12 YEAR OLD,0.4,,False,['On Sale'],SR,,ANCNOC ,GB,,Single Malt Scotch Whisky,Whisky / Whiskey,False,False,0,81.99,,,,,ancnoc - 12 year old,,2024-03-31T00:00:00.000-07:00,,Spirits,[],True,,,1004,1024,1289,480.9,63197.13,0.27999999999999997,328.5357142857143,0.4595959595959596
68,bcls,product,28685,0.3639408,ANCNOC - 24 YEAR OLD,,,Whisky,,[],,299.99,,,,,,,['BCL Select'],,,28685,,[],,11,2024-03-11 19:10:01,Speyside,1,['05010509880046'],False,,0.7,[],ANCNOC - 24 YEAR OLD,,United Kingdom,False,Scotland,3,3,,,False,4.0, 24 YEAR OLD,0.46,,True,['BCL Select'],C,,ANCNOC ,GB,,Single Malt Scotch Whisky,Whisky / Whiskey,False,False,0,299.99,,,,,ancnoc - 24 year old,,,,Spirits,"[{'id': 'empty-placeholder', 'label': '&nbsp;', 'labelLengthWithoutTags': 1}, {'id': 'exclusive', 'label': 'ONLY@BCL', 'labelLengthWithoutTags': 8}]",True,,,1004,1024,1289,7.699999999999999,3299.8900000000003,0.322,931.6459627329192,0.020202020202020204
69,bcls,product,205144,0.3639408,ANGEL'S ENVY - KENTUCKY STRAIGHT BOURBON,,,Whisky,,[],,79.99,,,,,,,[],,,205144,,[],,1386,2024-03-11 19:10:01,,1,['00850047003003'],False,,0.75,[],ANGEL'S ENVY - KENTUCKY STRAIGHT BOURBON,,USA,False,,2,2,,,False,122.0, KENTUCKY STRAIGHT BOURBON,0.433,,False,[],SR,,ANGEL'S ENVY ,US,,Bourbon Whiskey,Whisky / Whiskey,False,False,0,79.99,,,,,angels envy - kentucky straight bourbon,,,,Spirits,[],True,,,1004,1024,1284,1039.5,110866.14,0.32475,246.3125481139338,0.6161616161616161
70,bcls,product,449585,0.3639408,ANGEL'S ENVY - RYE,,,Whisky,,[],,99.99,,,,,,,[],,,449585,,[],,348,2024-03-11 19:10:01,,1,['00850047003065'],False,,0.75,[],ANGEL'S ENVY - RYE,,USA,False,,2,2,,,False,45.0, RYE,0.5,,False,[],SH,,ANGEL'S ENVY ,US,,American Whiskey,Whisky / Whiskey,False,False,0,99.99,,,,,angels envy - rye,,,,Spirits,[],True,,,1004,1024,1282,261.0,34796.52,0.375,266.64,0.22727272727272727
71,bcls,product,2108,0.35400322,ANHUI GUJING DISTILLERY - GUJINGGONG,,,Asian Spirits,,[],,40.29,,,,,,,[],,,2108,,[],,428,2024-03-11 19:10:01,,1,['00769354861902'],False,,0.75,[],ANHUI GUJING DISTILLERY - GUJINGGONG,,China,False,,2,2,,,False,28.0, GUJINGGONG,0.55,,False,[],SH,,ANHUI GUJING DISTILLERY ,CN,,China Spirits,Other Spirits,False,False,0,40.29,,,,,anhui gujing distillery - gujinggong,,,,Spirits,[],True,,,1004,1016,1064,321.0,17244.12,0.41250000000000003,97.67272727272726,0.1414141414141414
72,bcls,product,279078,0.3639408,ANJIU - RESERVE,,,Asian Spirits,,[],,109.49,,,,,,,[],,,279078,,[],,114,2024-03-11 19:10:01,,1,"['06975418870252', '06951007212078', '06975418870269']",False,,0.5,[],ANJIU - RESERVE,,China,False,,2,2,,,False,17.0, RESERVE,0.53,,False,[],SH,,ANJIU ,CN,,China Spirits,Other Spirits,False,False,0,109.49,,,,,anjiu - reserve,,,,Spirits,[],True,,,1004,1016,1064,57.0,12481.859999999999,0.265,413.16981132075466,0.08585858585858586
73,bcls,product,144071,0.35400322,APEROL - BARBIERI APERITIVO,,,Liqueurs,,[],,29.99,,,,,,,[],,,144071,,[],,4934,2024-03-11 19:10:01,,1,['00086785900001'],False,,0.75,[],APEROL - BARBIERI APERITIVO,,Italy,False,,2,2,,,False,195.0, BARBIERI APERITIVO,0.11,,False,[],G,,APEROL ,IT,,Anise And Herbal/Spice Liqueurs,Liqueurs,False,False,0,29.99,,,,,aperol - barbieri aperitivo,,,,Spirits,[],True,,,1004,1019,1208,3700.5,147970.66,0.0825,363.5151515151515,0.9848484848484849
74,bcls,product,480740,0.35400322,APEROL - BARBIERI APERITIVO,,,Liqueurs,,[],,15.99,,,,,,,['BCL Select'],,,480740,,[],,2151,2024-03-11 19:10:01,,1,['00887341340060'],False,,0.375,[],APEROL - BARBIERI APERITIVO,,Italy,False,,2,2,,,False,110.0, BARBIERI APERITIVO,0.11,,True,['BCL Select'],C,,APEROL ,IT,,Anise And Herbal/Spice Liqueurs,Liqueurs,False,False,0,15.99,,,,,aperol - barbieri aperitivo,,,,Spirits,"[{'id': 'empty-placeholder', 'label': '&nbsp;', 'labelLengthWithoutTags': 1}, {'id': 'exclusive', 'label': 'ONLY@BCL', 'labelLengthWithoutTags': 8}]",True,,,1004,1019,1208,806.625,34394.49,0.04125,387.6363636363636,0.5555555555555556
75,bcls,product,67433,0.35400322,APPLETON ESTATE - 12YO RARE CASKS,,,Rum,,[],True,50.99,,,2024-03-03T00:00:00.000-08:00,,,2024-03-03T00:00:00.000-08:00,['On Sale'],2024-03-31T00:00:00.000-07:00,,67433,True,[],,1326,2024-03-11 19:10:01,,1,['00069321004562'],False,,0.75,[],APPLETON ESTATE - 12YO RARE CASKS,,Canada,False,,2,2,,,False,79.0, 12YO RARE CASKS,0.43,,False,['On Sale'],SR,,APPLETON ESTATE ,CA,,Amber Rum,Rum,False,False,0,46.99,,,,,appleton estate - 12yo rare casks,,2024-03-31T00:00:00.000-07:00,,Spirits,[],True,,,1004,1021,1252,994.5,67612.74,0.3225,158.10852713178295,0.398989898989899
76,bcls,product,67424,0.35400322,APPLETON ESTATE - 8 YO RESERVE,,,Rum,,[],,39.99,,,,,,,[],,,67424,,[],,1716,2024-03-11 19:10:01,,1,['00069321004555'],False,,0.75,[],APPLETON ESTATE - 8 YO RESERVE,,Jamaica,False,,2,2,,,False,97.0, 8 YO RESERVE,0.43,,False,[],SR,,APPLETON ESTATE ,JM,,Amber Rum,Rum,False,False,0,39.99,,,,,appleton estate - 8 yo reserve,,,,Spirits,[],True,,,1004,1021,1252,1287.0,68622.84,0.3225,124.0,0.4898989898989899
77,bcls,product,344997,0.3639408,APPLETON ESTATE - HEARTS COLLECTION 1993,,,Rum,,[],,409.99,,,,,,,['BCL Select'],,,344997,,[],,25,2024-03-11 19:10:01,,1,['08000207147425'],False,,0.75,[],APPLETON ESTATE - HEARTS COLLECTION 1993,,Jamaica,False,,3,3,,,False,3.0, HEARTS COLLECTION 1993,0.63,,True,['BCL Select'],C,,APPLETON ESTATE ,JM,,Amber Rum,Rum,False,False,0,409.99,,,,,appleton estate - hearts collection 1993,,,,Spirits,"[{'id': 'empty-placeholder', 'label': '&nbsp;', 'labelLengthWithoutTags': 1}, {'id': 'exclusive', 'label': 'ONLY@BCL', 'labelLengthWithoutTags': 8}]",True,,,1004,1021,1252,18.75,10249.75,0.47250000000000003,867.7037037037037,0.015151515151515152
78,bcls,product,242283,0.3639408,APPLETON ESTATE - HEARTS COLLECTION 2002,,,Rum,,[],,310.0,,,,,,,[],,,242283,,[],,41,2024-03-11 19:10:01,,1,['08000207147432'],False,,0.75,[],APPLETON ESTATE - HEARTS COLLECTION 2002,,Jamaica,False,,3,3,,,False,5.0, HEARTS COLLECTION 2002,0.63,,False,[],SM,,APPLETON ESTATE ,JM,,Amber Rum,Rum,False,False,0,310.0,,,,,appleton estate - hearts collection 2002,,,,Spirits,[],True,,,1004,1021,1252,30.75,12710.0,0.47250000000000003,656.084656084656,0.025252525252525252
79,bcls,product,331975,0.35400322,APPLETON ESTATE - SIGNATURE BLEND,,,Rum,,[],,41.99,,,,,,,[],,,331975,,[],,2722,2024-03-11 19:10:01,,1,['00621705111145'],False,,1.14,[],APPLETON ESTATE - SIGNATURE BLEND,,Jamaica,False,,2,2,,,False,197.0, SIGNATURE BLEND,0.4,,False,[],G,,APPLETON ESTATE ,JM,,Amber Rum,Rum,False,False,0,41.99,,,,,appleton estate - signature blend,,,,Spirits,[],True,,,1004,1021,1252,3103.08,114296.78,0.45599999999999996,92.08333333333334,0.9949494949494949
80,bcls,product,466854,0.35400322,APPLETON ESTATE - SIGNATURE BLEND,,,Rum,,[],,16.49,,,,,,,[],,,466854,,[],,2816,2024-03-11 19:10:01,,1,"['00069321004852', '00621705110377']",False,,0.375,[],APPLETON ESTATE - SIGNATURE BLEND,,Jamaica,False,,2,2,,,False,165.0, SIGNATURE BLEND,0.4,,False,[],G,,APPLETON ESTATE ,JM,,Amber Rum,Rum,False,False,0,16.49,,,,,appleton estate - signature blend,,,,Spirits,[],True,,,1004,1021,1252,1056.0,46435.84,0.15000000000000002,109.93333333333331,0.8333333333333334
81,bcls,product,177808,0.3639408,APPLETON ESTATE - SIGNATURE BLEND,,,Rum,,[],,26.99,,,,,,,[],,,177808,,[],,2778,2024-03-11 19:10:01,,1,['00621705110759'],False,,0.75,[],APPLETON ESTATE - SIGNATURE BLEND,,Jamaica,False,,2,2,,,False,198.0, SIGNATURE BLEND,0.4,,False,[],G,,APPLETON ESTATE ,JM,,Amber Rum,Rum,False,False,0,26.99,,,,,appleton estate - signature blend,,,,Spirits,[],True,,,1004,1021,1252,2083.5,74978.22,0.30000000000000004,89.96666666666665,1.0
82,bcls,product,390260,0.3639408,APPLETON ESTATE - SIGNATURE BLEND,,,Rum,,[],,61.99,,,,,,,[],,,390260,,[],,1359,2024-03-11 19:10:01,,1,['00621705111756'],False,,1.75,[],APPLETON ESTATE - SIGNATURE BLEND,,Jamaica,False,,2,2,,,False,173.0, SIGNATURE BLEND,0.4,,False,[],G,,APPLETON ESTATE ,JM,,Amber Rum,Rum,False,False,0,61.99,,,,,appleton estate - signature blend,,,,Spirits,[],True,,,1004,1021,1252,2378.25,84244.41,0.7000000000000001,88.55714285714285,0.8737373737373737
83,bcls,product,15628,0.3639408,APRICOT BRANDY - BOLS,,,Liqueurs,,[],,20.99,,,,,,,[],,,15628,,[],,2326,2024-03-11 19:10:01,,1,"['00080915134694', '00080915078233']",False,,0.75,[],APRICOT BRANDY - BOLS,,Netherlands,False,,2,2,,,False,180.0, BOLS,0.24,,False,[],SR,,APRICOT BRANDY ,NL,,Fruit Liqueurs,Liqueurs,False,False,0,20.99,,,,,apricot brandy - bols,,,,Spirits,[],True,,,1004,1019,1211,1744.5,48822.74,0.18,116.6111111111111,0.9090909090909091
84,bcls,product,39014,0.3639408,ARBIKIE - HIGHLAND RYE,,,Whisky,,[],,400.99,,,,,,,[],,,39014,,[],,127,2024-03-11 19:10:01,Highland,1,['05060398440470'],False,,0.75,[],ARBIKIE - HIGHLAND RYE,,United Kingdom,False,Scotland,3,3,,,False,6.0, HIGHLAND RYE,0.46,,False,[],SM,,ARBIKIE ,GB,,Single Malt Scotch Whisky,Whisky / Whiskey,False,False,1,400.99,,,,,arbikie - highland rye,,,,Spirits,[],True,,,1004,1024,1289,95.25,50925.73,0.34500000000000003,1162.2898550724638,0.030303030303030304
85,bcls,product,560474,0.3639408,ARDBEG - 10 YEAR OLD,,,Whisky,,[],,114.99,,,,,,,[],,,560474,,[],,865,2024-03-11 19:10:01,Islay,1,"['00081753822200', '05010494952032', '05010494946024', '05010494910971', '05010494938029', '00083300072106']",False,,0.75,[],ARDBEG - 10 YEAR OLD,,United Kingdom,False,Scotland,2,2,,,False,123.0, 10 YEAR OLD,0.46,,False,[],SR,,ARDBEG ,GB,,Single Malt Scotch Whisky,Whisky / Whiskey,False,False,0,114.99,,,,,ardbeg - 10 year old,,,,Spirits,[],True,,,1004,1024,1289,648.75,99466.34999999999,0.34500000000000003,333.30434782608694,0.6212121212121212
86,bcls,product,105820,0.35400322,ARDBEG - 19 YEAR OLD,,,Whisky,,[],,449.99,,,,,,,['BCL Select'],,,105820,,[],,16,2024-03-11 19:10:01,Islay,1,"['05010494975574', '05010494980943', '05010494971996', '05010494952544', '05010494964257']",False,,0.7,[],ARDBEG - 19 YEAR OLD,,United Kingdom,False,Scotland,2,2,,,False,6.0, 19 YEAR OLD,0.462,,True,['BCL Select'],C,,ARDBEG ,GB,,Single Malt Scotch Whisky,Whisky / Whiskey,False,False,0,449.99,,,,,ardbeg - 19 year old,,,,Spirits,"[{'id': 'empty-placeholder', 'label': '&nbsp;', 'labelLengthWithoutTags': 1}, {'id': 'exclusive', 'label': 'ONLY@BCL', 'labelLengthWithoutTags': 8}]",True,,,1004,1024,1289,11.2,7199.84,0.3234,1391.4347557204699,0.030303030303030304
87,bcls,product,202028,0.35400322,ARDBEG - UIGEADAIL,,,Whisky,,[],,159.99,,,,,,,[],,,202028,,[],,559,2024-03-11 19:10:01,Islay,1,['05010494220278'],False,,0.7,[],ARDBEG - UIGEADAIL,,United Kingdom,False,Scotland,2,2,,,False,82.0, UIGEADAIL,0.542,,False,[],SR,,ARDBEG ,GB,,Single Malt Scotch Whisky,Whisky / Whiskey,False,False,0,159.99,,,,,ardbeg - uigeadail,,,,Spirits,[],True,,,1004,1024,1289,391.29999999999995,89434.41,0.3794,421.6921454928835,0.41414141414141414
88,bcls,product,57706,0.35400322,ARDBEG - WEE BEASTIE 5 YEAR OLD,,,Whisky,,[],True,77.99,,,2024-03-03T00:00:00.000-08:00,,,2024-03-03T00:00:00.000-08:00,['On Sale'],2024-03-31T00:00:00.000-07:00,,57706,True,[],,462,2024-03-11 19:10:01,Islay,1,['05010494961584'],False,,0.75,[],ARDBEG - WEE BEASTIE 5 YEAR OLD,,United Kingdom,False,Scotland,2,2,,,False,54.0, WEE BEASTIE 5 YEAR OLD,0.474,,False,['On Sale'],SH,,ARDBEG ,GB,,Single Malt Scotch Whisky,Whisky / Whiskey,False,False,0,72.99,,,,,ardbeg - wee beastie 5 year old,,2024-03-31T00:00:00.000-07:00,,Spirits,[],True,,,1004,1024,1289,346.5,36031.38,0.3555,219.38115330520392,0.2727272727272727
89,bcls,product,367055,0.3639408,ARMAGNAC DE MONTAL - 1974 ARMAGNAC,,,Grape and Fruit Brandy,,[],,235.99,,,,,,,[],,,367055,,[],,14,2024-03-11 19:10:01,,1,['03288620000755'],False,,0.7,[],ARMAGNAC DE MONTAL - 1974 ARMAGNAC,,France,False,,2,2,,,False,3.0, 1974 ARMAGNAC,0.4,,False,[],ST,,ARMAGNAC DE MONTAL ,FR,,Armagnac,Other Spirits,False,False,0,235.99,,,,,armagnac de montal - 1974 armagnac,,,,Spirits,[],False,,,1004,1018,1170,9.799999999999999,3303.86,0.27999999999999997,842.8214285714287,0.015151515151515152
90,bcls,product,367048,0.35400322,ARMAGNAC DE MONTAL - 1994 ARMAGNAC,,,Grape and Fruit Brandy,,[],,135.99,,,,,,,[],,,367048,,[],,50,2024-03-11 19:10:01,,1,['03288620003916'],False,,0.7,[],ARMAGNAC DE MONTAL - 1994 ARMAGNAC,,France,False,,2,2,,,False,10.0, 1994 ARMAGNAC,0.4,,False,[],ST,,ARMAGNAC DE MONTAL ,FR,,Armagnac,Other Spirits,False,False,0,135.99,,,,,armagnac de montal - 1994 armagnac,,,,Spirits,[],False,,,1004,1018,1170,35.0,6799.5,0.27999999999999997,485.6785714285715,0.050505050505050504
91,bcls,product,367233,0.35400322,ARMAGNAC DE MONTAL - 1999 ARMAGNAC,,,Grape and Fruit Brandy,,[],,125.99,,,,,,,[],,,367233,,[],,47,2024-03-11 19:10:01,,1,['03288620005125'],False,,0.7,[],ARMAGNAC DE MONTAL - 1999 ARMAGNAC,,France,False,,2,2,,,False,10.0, 1999 ARMAGNAC,0.4,,False,[],ST,,ARMAGNAC DE MONTAL ,FR,,Armagnac,Other Spirits,False,False,0,125.99,,,,,armagnac de montal - 1999 armagnac,,,,Spirits,[],False,,,1004,1018,1170,32.9,5921.53,0.27999999999999997,449.9642857142857,0.050505050505050504
92,bcls,product,367230,0.35400322,ARMAGNAC DE MONTAL - 2004 ARMAGNAC,,,Grape and Fruit Brandy,,[],,114.99,,,,,,,[],,,367230,,[],,110,2024-03-11 19:10:01,,1,['03288620007365'],False,,0.7,[],ARMAGNAC DE MONTAL - 2004 ARMAGNAC,,France,False,,2,2,,,False,20.0, 2004 ARMAGNAC,0.4,,False,[],SH,,ARMAGNAC DE MONTAL ,FR,,Armagnac,Other Spirits,False,False,0,114.99,,,,,armagnac de montal - 2004 armagnac,,,,Spirits,[],False,,,1004,1018,1170,77.0,12648.9,0.27999999999999997,410.67857142857144,0.10101010101010101
93,bcls,product,35229,0.3639408,ARMAGNAC DE MONTAL - XO,,,Grape and Fruit Brandy,,[],,105.99,,,,,,,[],,,35229,,[],,259,2024-03-11 19:10:01,,1,['03288620000274'],False,,0.7,[],ARMAGNAC DE MONTAL - XO,,France,False,,2,2,,,False,31.0, XO,0.4,,False,[],SH,,ARMAGNAC DE MONTAL ,FR,,Armagnac,Other Spirits,False,False,0,105.99,,,,,armagnac de montal - xo,,,,Spirits,[],True,,,1004,1018,1170,181.29999999999998,27451.41,0.27999999999999997,378.53571428571433,0.15656565656565657
94,bcls,product,190954,0.35400322,ARMORIK - BRETON SINGLE MALT 10 YEAR OLD,,,Whisky,,[],,115.99,,,,,,,[],,,190954,,[],,15,2024-03-11 19:10:01,,1,"['03233990004704', '03233990004148']",False,,0.7,[],ARMORIK - BRETON SINGLE MALT 10 YEAR OLD,,France,False,,3,3,,,False,7.0, BRETON SINGLE MALT 10 YEAR OLD,0.46,,False,[],SM,,ARMORIK ,FR,,Other Country Whisky,Whisky / Whiskey,False,False,1,115.99,,,,,armorik - breton single malt 10 year old,,,,Spirits,[],True,,,1004,1024,1288,10.5,1739.85,0.322,360.2173913043478,0.03535353535353535
95,bcls,product,530868,0.35400322,ARMORIK - YEUN ELEZ JOBIC SINGLE MALT,,,Whisky,,[],,109.99,,,,,,,[],,,530868,,[],,6,2024-03-11 19:10:01,,1,['03233990004346'],False,,0.7,[],ARMORIK - YEUN ELEZ JOBIC SINGLE MALT,,France,False,,3,3,,,False,3.0, YEUN ELEZ JOBIC SINGLE MALT,0.46,,False,[],SM,,ARMORIK ,FR,,Other Country Whisky,Whisky / Whiskey,False,False,1,109.99,,,,,armorik - yeun elez jobic single malt,,,,Spirits,[],True,,,1004,1024,1288,4.199999999999999,659.9399999999999,0.322,341.583850931677,0.015151515151515152
96,bcls,product,667014,0.35400322,AUCHENTOSHAN - 12 YEAR OLD,,,Whisky,,[],True,71.99,,,2024-03-03T00:00:00.000-08:00,,,2024-03-03T00:00:00.000-08:00,['On Sale'],2024-03-31T00:00:00.000-07:00,,667014,True,[],,982,2024-03-11 19:10:01,Lowland,1,['05010496001844'],False,,0.75,[],AUCHENTOSHAN - 12 YEAR OLD,,United Kingdom,False,Scotland,2,2,,,False,113.0, 12 YEAR OLD,0.4,,False,['On Sale'],SR,,AUCHENTOSHAN ,GB,,Single Malt Scotch Whisky,Whisky / Whiskey,False,False,0,67.99,,,,,auchentoshan - 12 year old,,2024-03-31T00:00:00.000-07:00,,Spirits,[],True,,,1004,1024,1289,736.5,70694.18,0.30000000000000004,239.9666666666666,0.5707070707070707
97,bcls,product,663468,0.3639408,AUCHENTOSHAN - AMERICAN OAK,,,Whisky,,[],,63.99,,,,,,,[],,,663468,,[],,906,2024-03-11 19:10:01,Lowland,1,"['05010496003657', '00859141004091']",False,,0.75,[],AUCHENTOSHAN - AMERICAN OAK,,United Kingdom,False,Scotland,2,2,,,False,104.0, AMERICAN OAK,0.4,,False,[],SR,,AUCHENTOSHAN ,GB,,Single Malt Scotch Whisky,Whisky / Whiskey,False,False,0,63.99,,,,,auchentoshan - american oak,,,,Spirits,[],True,,,1004,1024,1289,679.5,57974.94,0.30000000000000004,213.29999999999998,0.5252525252525253
98,bcls,product,138495,0.3639408,AUCHENTOSHAN - THREE WOOD,,,Whisky,,[],,89.99,,,,,,,[],,,138495,,[],,1130,2024-03-11 19:10:01,Lowland,1,['05011333150725'],False,,0.75,[],AUCHENTOSHAN - THREE WOOD,,United Kingdom,False,Scotland,2,2,,,False,120.0, THREE WOOD,0.43,,False,[],SR,,AUCHENTOSHAN ,GB,,Single Malt Scotch Whisky,Whisky / Whiskey,False,False,0,89.99,,,,,auchentoshan - three wood,,,,Spirits,[],True,,,1004,1024,1289,847.5,101688.7,0.3225,279.0387596899225,0.6060606060606061
99,bcls,product,27543,0.3639408,AUCHROISK - 25 YEAR OLD,,,Whisky,,[],,575.99,,,,,,,['BCL Select'],,,27543,,[],,8,2024-03-11 19:10:01,Speyside,1,['05000281046075'],False,,0.75,[],AUCHROISK - 25 YEAR OLD,,United Kingdom,False,Scotland,3,3,,,False,1.0, 25 YEAR OLD,0.512,,True,['BCL Select'],C,,AUCHROISK ,GB,,Single Malt Scotch Whisky,Whisky / Whiskey,False,False,1,575.99,,,,,auchroisk - 25 year old,,,,Spirits,"[{'id': 'empty-placeholder', 'label': '&nbsp;', 'labelLengthWithoutTags': 1}, {'id': 'exclusive', 'label': 'ONLY@BCL', 'labelLengthWithoutTags': 8}]",True,,,1004,1024,1289,6.0,4607.92,0.384,1499.9739583333333,0.005050505050505051
100,bcls,product,306269,0.3639408,AUTENTICO NATIVO - 20 YEAR OLD SPECIAL RESERVE,,,Rum,,[],,108.99,,,,,,,['BCL Select'],,,306269,,[],,11,2024-03-11 19:10:01,,1,"['07451105850909', '07451105850916']",False,,0.75,[],AUTENTICO NATIVO - 20 YEAR OLD SPECIAL RESERVE,,Panama,False,,3,3,,,False,3.0, 20 YEAR OLD SPECIAL RESERVE,0.4,,True,['BCL Select'],C,,AUTENTICO NATIVO ,PA,,Dark Rum,Rum,False,False,0,108.99,,,,,autentico nativo - 20 year old special reserve,,,,Spirits,"[{'id': 'empty-placeholder', 'label': '&nbsp;', 'labelLengthWithoutTags': 1}, {'id': 'exclusive', 'label': 'ONLY@BCL', 'labelLengthWithoutTags': 8}]",True,,,1004,1021,1253,8.25,1198.8899999999999,0.30000000000000004,363.29999999999995,0.015151515151515152
101,bcls,product,536672,0.35400322,AVERNA - AMARO SICILIANO,,,Liqueurs,,[],,41.49,,,,,,,[],,,536672,,[],,562,2024-03-11 19:10:01,,1,['08000400203942'],False,,0.75,[],AVERNA - AMARO SICILIANO,,Italy,False,,2,2,,,False,71.0, AMARO SICILIANO,0.29,,False,[],SR,,AVERNA ,IT,,Anise And Herbal/Spice Liqueurs,Liqueurs,False,False,0,41.49,,,,,averna - amaro siciliano,,,,Spirits,[],True,,,1004,1019,1208,421.5,23317.38,0.21749999999999997,190.7586206896552,0.35858585858585856
102,bcls,product,756510,0.35400322,AVIATION - AMERICAN GIN BATCH DISTILLED,,,Gin,,[],True,44.99,,,2024-03-03T00:00:00.000-08:00,,,2024-03-03T00:00:00.000-08:00,['On Sale'],2024-03-31T00:00:00.000-07:00,,756510,True,[],,1693,2024-03-11 19:10:01,,1,['00853507000024'],False,,0.75,[],AVIATION - AMERICAN GIN BATCH DISTILLED,,USA,False,,2,2,,,False,171.0, AMERICAN GIN BATCH DISTILLED,0.42,,False,['On Sale'],SR,,AVIATION ,US,,Dry Gin,Gin,False,False,0,42.99,,,,,aviation - american gin batch distilled,,2024-03-31T00:00:00.000-07:00,,Spirits,[],True,,,1004,1017,1168,1269.75,76168.07,0.315,142.82539682539684,0.8636363636363636
103,bcls,product,72009,0.3639408,BACARDI,,,Rum,,[],,2.99,,,,,,,[],,,72009,,[],,5540,2024-03-11 19:10:01,,1,"['00080480016210', '00080480016203']",False,,0.05,[],BACARDI,,USA,False,,2,2,,,False,58.0,BACARDI,0.4,,False,[],SR,,,US,,White Rum,Rum,False,False,0,2.99,,,,,bacardi,,,,Spirits,[],False,,,1004,1021,1256,277.0,16564.600000000002,0.020000000000000004,149.49999999999997,0.29292929292929293
104,bcls,product,189542,0.3639408,BACARDI - 10 YEAR OLD,,,Rum,,[],,41.99,,,,,,,[],,,189542,,[],,604,2024-03-11 19:10:01,,1,['00080480983406'],False,,0.75,[],BACARDI - 10 YEAR OLD,,USA,False,,3,3,,,False,88.0, 10 YEAR OLD,0.4,,False,[],SR,,BACARDI ,US,,Amber Rum,Rum,False,False,0,41.99,,,,,bacardi - 10 year old,,,,Spirits,[],True,,,1004,1021,1252,453.0,25361.960000000003,0.30000000000000004,139.96666666666664,0.4444444444444444
105,bcls,product,163457,0.3639408,BACARDI - 4 YEAR OLD,,,Rum,,[],,26.99,,,,,,,[],,,163457,,[],,1752,2024-03-11 19:10:01,,1,['00080480983383'],False,,0.75,[],BACARDI - 4 YEAR OLD,,USA,False,,2,2,,,False,154.0, 4 YEAR OLD,0.4,,False,[],SR,,BACARDI ,US,,Amber Rum,Rum,False,False,0,26.99,,,,,bacardi - 4 year old,,,,Spirits,[],True,,,1004,1021,1252,1314.0,47286.479999999996,0.30000000000000004,89.96666666666665,0.7777777777777778
106,bcls,product,492520,0.35400322,BACARDI - 8 YEAR OLD,,,Rum,,[],True,35.99,,,2024-03-03T00:00:00.000-08:00,,,2024-03-03T00:00:00.000-08:00,['On Sale'],2024-03-31T00:00:00.000-07:00,,492520,True,[],,1636,2024-03-11 19:10:01,,1,['00080480505400'],False,,0.75,[],BACARDI - 8 YEAR OLD,,Puerto Rico,False,,2,2,,,False,149.0, 8 YEAR OLD,0.4,,False,['On Sale'],SR,,BACARDI ,PR,,Amber Rum,Rum,False,False,0,33.99,,,,,bacardi - 8 year old,,2024-03-31T00:00:00.000-07:00,,Spirits,[],True,,,1004,1021,1252,1227.0,58879.64000000001,0.30000000000000004,119.96666666666665,0.7525252525252525
107,bcls,product,112433,0.35400322,BACARDI - BLACK,,,Rum,,[],,23.99,,,,,,,[],,,112433,,[],,2267,2024-03-11 19:10:01,,1,"['00620213055408', '00080480007614']",False,,0.75,[],BACARDI - BLACK,,USA,False,,2,2,,,False,179.0, BLACK,0.4,,False,[],SR,,BACARDI ,US,,Dark Rum,Rum,False,False,0,23.99,,,,,bacardi - black,,,,Spirits,[],True,,,1004,1021,1253,1700.25,54385.329999999994,0.30000000000000004,79.96666666666665,0.9040404040404041
108,bcls,product,1206,0.35400322,BACARDI - GOLD,,,Rum,,[],,23.99,,,,,,,[],,,1206,,[],,2852,2024-03-11 19:10:01,,1,"['00620213025401', '00080480007584']",False,,0.75,[],BACARDI - GOLD,,USA,False,,2,2,,,False,198.0, GOLD,0.4,,False,[],G,,BACARDI ,US,,Amber Rum,Rum,False,False,0,23.99,,,,,bacardi - gold,,,,Spirits,[],True,,,1004,1021,1252,2139.0,68419.48,0.30000000000000004,79.96666666666665,1.0
109,bcls,product,85811,0.35400322,BACARDI - GOLD,,,Rum,,[],,53.99,,,,,,,[],,,85811,,[],,2024,2024-03-11 19:10:01,,1,"['00620213025203', '00080480007607']",False,,1.75,[],BACARDI - GOLD,,USA,False,,2,2,,,False,181.0, GOLD,0.4,,False,[],G,,BACARDI ,US,,Amber Rum,Rum,False,False,0,53.99,,,,,bacardi - gold,,,,Spirits,[],True,,,1004,1021,1252,3542.0,109275.76000000001,0.7000000000000001,77.12857142857142,0.9141414141414141
110,bcls,product,2220,0.3639408,BACARDI - GOLD,,,Rum,,[],,34.99,,,,,,,[],,,2220,,[],,1622,2024-03-11 19:10:01,,1,"['00620213025104', '00080480007591']",False,,1.14,[],BACARDI - GOLD,,USA,False,,2,2,,,False,196.0, GOLD,0.4,,False,[],G,,BACARDI ,US,,Amber Rum,Rum,False,False,0,34.99,,,,,bacardi - gold,,,,Spirits,[],True,,,1004,1021,1252,1849.08,56753.780000000006,0.45599999999999996,76.73245614035089,0.98989898989899
111,bcls,product,2808,0.3639408,BACARDI - GOLD,,,Rum,,[],,12.49,,,,,,,[],,,2808,,[],,4657,2024-03-11 19:10:01,,1,['00620213025609'],False,,0.375,[],BACARDI - GOLD,,Canada,False,,2,2,,,False,197.0, GOLD,0.4,,False,[],SR,,BACARDI ,CA,,Amber Rum,Rum,False,False,0,12.49,,,,,bacardi - gold,,,,Spirits,[],True,,,1004,1021,1252,1746.375,58165.93,0.15000000000000002,83.26666666666665,0.9949494949494949
112,bcls,product,107745,0.3639408,BACARDI - LIME,,,Rum,,[],,24.49,,,,,,,[],,,107745,,[],,1379,2024-03-11 19:10:01,,1,['00080480984274'],False,,0.75,[],BACARDI - LIME,,USA,False,,3,3,,,False,117.0, LIME,0.35,,False,[],SR,,BACARDI ,US,,Flavoured Rum,Rum,False,False,0,24.49,,,,,bacardi - lime,,,,Spirits,[],True,,,1004,1021,1254,1034.25,33771.71,0.26249999999999996,93.2952380952381,0.5909090909090909
113,bcls,product,398552,0.3639408,BACARDI - LIMON,,,Rum,,[],,24.49,,,,,,,[],,,398552,,[],,1569,2024-03-11 19:10:01,,1,"['00080480980252', '00620213355409']",False,,0.75,[],BACARDI - LIMON,,USA,False,,2,2,,,False,134.0, LIMON,0.35,,False,[],SR,,BACARDI ,US,,Flavoured Rum,Rum,False,False,0,24.49,,,,,bacardi - limon,,,,Spirits,[],True,,,1004,1021,1254,1176.75,38424.81,0.26249999999999996,93.2952380952381,0.6767676767676768
114,bcls,product,415120,0.3639408,BACARDI - OCHO GIFT TUBE,,,Rum,,[],,35.99,,,,,,,['BCL Select'],,,415120,,[],,379,2024-03-11 19:10:01,,1,['00080480988203'],False,,0.75,[],BACARDI - OCHO GIFT TUBE,,USA,False,,3,3,,,False,54.0, OCHO GIFT TUBE,0.4,,True,['BCL Select'],C,,BACARDI ,US,,Dark Rum,Rum,False,False,0,35.99,,,,,bacardi - ocho gift tube,,,,Spirits,"[{'id': 'empty-placeholder', 'label': '&nbsp;', 'labelLengthWithoutTags': 1}, {'id': 'exclusive', 'label': 'ONLY@BCL', 'labelLengthWithoutTags': 8}]",False,,,1004,1021,1253,284.25,13640.210000000001,0.30000000000000004,119.96666666666665,0.2727272727272727
115,bcls,product,105778,0.3639408,BACARDI - SPICED RUM,,,Rum,,[],,39.99,,,,,,,[],,,105778,,[],,1278,2024-03-11 19:10:01,,1,['00080480984915'],False,,1.14,[],BACARDI - SPICED RUM,,USA,False,,2,2,,,False,113.0, SPICED RUM,0.35,,False,[],SR,,BACARDI ,US,,Spiced Rum,Rum,False,False,0,39.99,,,,,bacardi - spiced rum,,,,Spirits,[],True,,,1004,1021,1255,1456.9199999999998,51107.22,0.39899999999999997,100.22556390977445,0.5707070707070707
116,bcls,product,105781,0.3639408,BACARDI - SPICED RUM,,,Rum,,[],True,28.99,,,2024-03-03T00:00:00.000-08:00,,,2024-03-03T00:00:00.000-08:00,['On Sale'],2024-03-31T00:00:00.000-07:00,,105781,True,[],,3084,2024-03-11 19:10:01,,1,['00080480984939'],False,,0.75,[],BACARDI - SPICED RUM,,USA,False,,2,2,,,False,172.0, SPICED RUM,0.35,,False,['On Sale'],SR,,BACARDI ,US,,Spiced Rum,Rum,False,False,0,25.99,,,,,bacardi - spiced rum,,2024-03-31T00:00:00.000-07:00,,Spirits,[],True,,,1004,1021,1255,2313.0,89405.15999999999,0.26249999999999996,110.43809523809526,0.8686868686868687
117,bcls,product,141,0.35400322,BACARDI - SUPERIOR WHITE,,,Rum,,[],,34.99,,,,,,,[],,,141,,[],,2584,2024-03-11 19:10:01,,1,"['00620213015105', '00080480007553']",False,,1.14,[],BACARDI - SUPERIOR WHITE,,USA,False,,2,2,,,False,196.0, SUPERIOR WHITE,0.4,,False,[],G,,BACARDI ,US,,White Rum,Rum,False,False,0,34.99,,,,,bacardi - superior white,,,,Spirits,[],True,,,1004,1021,1256,2945.7599999999998,90414.16,0.45599999999999996,76.73245614035089,0.98989898989899
118,bcls,product,596,0.35400322,BACARDI - SUPERIOR WHITE,,,Rum,,[],,12.49,,,,,,,[],,,596,,[],,4854,2024-03-11 19:10:01,,1,['00620213015600'],False,,0.375,[],BACARDI - SUPERIOR WHITE,,Canada,False,,2,2,,,False,197.0, SUPERIOR WHITE,0.4,,False,[],G,,BACARDI ,CA,,White Rum,Rum,False,False,0,12.49,,,,,bacardi - superior white,,,,Spirits,[],True,,,1004,1021,1256,1820.25,60626.46,0.15000000000000002,83.26666666666665,0.9949494949494949
119,bcls,product,45898,0.35400322,BACARDI - SUPERIOR WHITE,,,Rum,,[],,53.99,,,,,,,[],,,45898,,[],,4005,2024-03-11 19:10:01,,1,"['00080480007560', '00620213015204']",False,,1.75,[],BACARDI - SUPERIOR WHITE,,USA,False,,2,2,,,False,196.0, SUPERIOR WHITE,0.4,,False,[],G,,BACARDI ,US,,White Rum,Rum,False,False,0,53.99,,,,,bacardi - superior white,,,,Spirits,[],True,,,1004,1021,1256,7008.75,216229.95,0.7000000000000001,77.12857142857142,0.98989898989899
120,bcls,product,179283,0.35400322,BACARDI - SUPERIOR WHITE,,,Rum,,[],,105.99,,,,,,,[],,,179283,,[],,354,2024-03-11 19:10:01,,1,['05010677018616'],False,,3.0,[],BACARDI - SUPERIOR WHITE,,Trinidad And Tobago,False,,2,2,,,False,155.0, SUPERIOR WHITE,0.4,,False,[],SR,,BACARDI ,TT,,White Rum,Rum,False,False,0,105.99,,,,,bacardi - superior white,,,,Spirits,[],True,,,1004,1021,1256,1062.0,37520.46,1.2000000000000002,88.32499999999999,0.7828282828282829
121,bcls,product,271338,0.35400322,BACARDI - SUPERIOR WHITE,,,Rum,,[],,8.49,,,,,,,[],,,271338,,[],,6150,2024-03-11 19:10:01,,1,['00620213015709'],False,,0.2,[],BACARDI - SUPERIOR WHITE,,Canada,False,,2,2,,,False,174.0, SUPERIOR WHITE,0.4,,False,[],SR,,BACARDI ,CA,,White Rum,Rum,False,False,0,8.49,,,,,bacardi - superior white,,,,Spirits,[],True,,,1004,1021,1256,1230.0,52213.5,0.08000000000000002,106.12499999999999,0.8787878787878788
122,bcls,product,117,0.3639408,BACARDI - SUPERIOR WHITE,,,Rum,,[],,23.99,,,,,,,[],,,117,,[],,4003,2024-03-11 19:10:01,,1,"['00778533001923', '00620213015402', '00080480007577']",False,,0.75,[],BACARDI - SUPERIOR WHITE,,USA,False,,2,2,,,False,194.0, SUPERIOR WHITE,0.4,,False,[],G,,BACARDI ,US,,White Rum,Rum,False,False,0,23.99,,,,,bacardi - superior white,,,,Spirits,[],True,,,1004,1021,1256,3002.25,96031.96999999999,0.30000000000000004,79.96666666666665,0.9797979797979798
123,bcls,product,486621,0.3639408,BACARDI - SUPERIOR WHITE PET,,,Rum,,[],,34.99,,,,,,,[],,,486621,,[],,3379,2024-03-11 19:10:01,,1,['00620213015297'],False,,1.14,[],BACARDI - SUPERIOR WHITE PET,,Canada,False,,2,2,,,False,198.0, SUPERIOR WHITE PET,0.4,,False,[],G,,BACARDI ,CA,,White Rum,Rum,False,False,0,34.99,,,,,bacardi - superior white pet,,,,Spirits,[],True,,,1004,1021,1256,3852.0599999999995,118231.21,0.45599999999999996,76.73245614035089,1.0
124,bcls,product,772525,0.3639408,BACARDI - SUPERIOR WHITE PET,,,Rum,,[],,23.99,,,,,,,[],,,772525,,[],,3362,2024-03-11 19:10:01,,1,['00620213015457'],False,,0.75,[],BACARDI - SUPERIOR WHITE PET,,Canada,False,,2,2,,,False,196.0, SUPERIOR WHITE PET,0.4,,False,[],G,,BACARDI ,CA,,White Rum,Rum,False,False,0,23.99,,,,,bacardi - superior white pet,,,,Spirits,[],True,,,1004,1021,1256,2521.5,80654.37999999999,0.30000000000000004,79.96666666666665,0.98989898989899
125,bcls,product,511802,0.35400322,BACARDI - TROPICAL,,,Rum,,[],,24.49,,,,,,,[],,,511802,,[],,1290,2024-03-11 19:10:01,,1,['00080480986414'],False,,0.75,[],BACARDI - TROPICAL,,USA,False,,2,2,,,False,125.0, TROPICAL,0.35,,False,[],SR,,BACARDI ,US,,White Rum,Rum,False,False,0,24.49,,,,,bacardi - tropical,,,,Spirits,[],True,,,1004,1021,1256,967.5,31592.1,0.26249999999999996,93.2952380952381,0.6313131313131313
126,bcls,product,46400,0.35400322,BAILEYS - DELICIOUSLY LIGHT,,,Liqueurs,,[],True,31.49,,,2024-03-03T00:00:00.000-08:00,,,2024-03-03T00:00:00.000-08:00,['On Sale'],2024-03-31T00:00:00.000-07:00,,46400,True,[],,2725,2024-03-11 19:10:01,,1,['05011013935642'],False,,0.75,[],BAILEYS - DELICIOUSLY LIGHT,,Ireland,False,,2,2,,,False,190.0, DELICIOUSLY LIGHT,0.161,,False,['On Sale'],SR,,BAILEYS ,IE,,Cream/Dairy Liqueurs,Liqueurs,False,False,0,29.49,,,,,baileys - deliciously light,,2024-03-31T00:00:00.000-07:00,,Spirits,[],True,,,1004,1019,1210,2043.75,85810.25,0.12075,260.78674948240166,0.9595959595959596
127,bcls,product,85749,0.35400322,BAILEYS - ESPRESSO CREME,,,Liqueurs,,[],,32.99,,,,,,,[],,,85749,,[],,3191,2024-03-11 19:10:01,,1,['05011013934409'],False,,0.75,[],BAILEYS - ESPRESSO CREME,,Ireland,False,,2,2,,,False,197.0, ESPRESSO CREME,0.17,,False,[],SR,,BAILEYS ,IE,,Cream/Dairy Liqueurs,Liqueurs,False,False,0,32.99,,,,,baileys - espresso creme,,,,Spirits,[],True,,,1004,1019,1210,2393.25,105271.09000000001,0.1275,258.7450980392157,0.9949494949494949
128,bcls,product,5959,0.35400322,BAILEYS - ORIGINAL IRISH CREAM,,,Liqueurs,,[],,31.99,,,,,,,[],,,5959,,[],,10015,2024-03-11 19:10:01,,1,"['05011013100132', '05011013506934']",False,,0.75,[],BAILEYS - ORIGINAL IRISH CREAM,,Ireland,False,,2,2,,,False,198.0, ORIGINAL IRISH CREAM,0.17,,False,[],G,,BAILEYS ,IE,,Cream/Dairy Liqueurs,Liqueurs,False,False,0,31.99,,,,,baileys - original irish cream,,,,Spirits,[],True,,,1004,1019,1210,7511.25,320379.85,0.1275,250.9019607843137,1.0
129,bcls,product,74393,0.35400322,BAILEYS - ORIGINAL IRISH CREAM,,,Liqueurs,,['Spring into Fresh Flavours'],,18.99,,,,,,,[],,,74393,,['Spring into Fresh Flavours'],,5436,2024-03-11 19:10:01,,1,['05011013100194'],False,,0.375,[],BAILEYS - ORIGINAL IRISH CREAM,,Ireland,False,,2,2,,,False,198.0, ORIGINAL IRISH CREAM,0.17,,False,[],G,,BAILEYS ,IE,,Cream/Dairy Liqueurs,Liqueurs,False,False,0,18.99,,,"[{'urlAlias': '/promotion/spring', 'name': 'Spring into Fresh Flavours', 'promoCode': '2024SPRINGSEASONAL', 'published': True, 'shortName': ''}]","[{'urlAlias': '/promotion/spring', 'name': 'Spring into Fresh Flavours', 'promoCode': '2024SPRINGSEASONAL', 'published': True, 'shortName': ''}]",baileys - original irish cream,,,,Spirits,"[{'id': 'empty-placeholder', 'label': '&nbsp;', 'labelLengthWithoutTags': 1}, {'id': 'featured', 'label': 'FEATURED', 'labelLengthWithoutTags': 8}]",True,,,1004,1019,1210,2038.5,103229.63999999998,0.06375,297.88235294117646,1.0
130,bcls,product,266619,0.35400322,BAILEYS - ORIGINAL IRISH CREAM,,,Liqueurs,,['Featured Products'],True,42.99,,,2024-03-03T00:00:00.000-08:00,,,2024-03-03T00:00:00.000-08:00,['On Sale'],2024-03-31T00:00:00.000-07:00,,266619,True,['Featured Products'],,5796,2024-03-11 19:10:01,,1,['05011013100095'],False,,1.14,[],BAILEYS - ORIGINAL IRISH CREAM,,Ireland,False,,2,2,,,False,197.0, ORIGINAL IRISH CREAM,0.17,,False,['On Sale'],G,,BAILEYS ,IE,,Cream/Dairy Liqueurs,Liqueurs,False,False,0,40.99,,,"[{'urlAlias': '/promotion/monthly-flyer', 'name': 'Featured Products', 'promoCode': '202403FEATURESALE', 'published': True, 'shortName': ''}]","[{'urlAlias': '/promotion/monthly-flyer', 'name': 'Featured Products', 'promoCode': '202403FEATURESALE', 'published': True, 'shortName': ''}]",baileys - original irish cream,,2024-03-31T00:00:00.000-07:00,,Spirits,"[{'id': 'empty-placeholder', 'label': '&nbsp;', 'labelLengthWithoutTags': 1}, {'id': 'featured', 'label': 'FEATURED', 'labelLengthWithoutTags': 8}]",True,,,1004,1019,1210,6607.44,249170.04,0.1938,221.8266253869969,0.9949494949494949
131,bcls,product,554204,0.35400322,BAILEYS - ORIGINAL IRISH CREAM,,,Liqueurs,,[],,4.29,,,,,,,[],,,554204,,[],,21428,2024-03-11 19:10:01,,1,"['00000053997173', '05011013100309', '00086767700933']",False,,0.05,[],BAILEYS - ORIGINAL IRISH CREAM,,Ireland,False,,2,2,,,False,185.0, ORIGINAL IRISH CREAM,0.17,,False,[],SR,,BAILEYS ,IE,,Cream/Dairy Liqueurs,Liqueurs,False,False,0,4.29,,,,,baileys - original irish cream,,,,Spirits,[],True,,,1004,1019,1210,1071.4,91926.12,0.0085,504.70588235294116,0.9343434343434344
132,bcls,product,193490,0.3639408,BAILEYS - ORIGINAL IRISH CREAM,,,Liqueurs,,[],True,60.99,,,2024-03-03T00:00:00.000-08:00,,,2024-03-03T00:00:00.000-08:00,['On Sale'],2024-03-31T00:00:00.000-07:00,,193490,True,[],,4075,2024-03-11 19:10:01,,1,['05011013100088'],False,,1.75,[],BAILEYS - ORIGINAL IRISH CREAM,,Ireland,False,,2,2,,,False,196.0, ORIGINAL IRISH CREAM,0.17,,False,['On Sale'],G,,BAILEYS ,IE,,Cream/Dairy Liqueurs,Liqueurs,False,False,0,59.99,,,,,baileys - original irish cream,,2024-03-31T00:00:00.000-07:00,,Spirits,[],True,,,1004,1019,1210,7131.25,248534.25,0.29750000000000004,205.0084033613445,0.98989898989899
133,bcls,product,393678,0.3639408,BAILEYS - ORIGINAL IRISH CREAM,,,Liqueurs,,[],,10.99,,,,,,,[],,,393678,,[],,5213,2024-03-11 19:10:01,,1,['05011013100217'],False,,0.2,[],BAILEYS - ORIGINAL IRISH CREAM,,Ireland,False,,2,2,,,False,197.0, ORIGINAL IRISH CREAM,0.17,,False,[],SR,,BAILEYS ,IE,,Cream/Dairy Liqueurs,Liqueurs,False,False,0,10.99,,,,,baileys - original irish cream,,,,Spirits,[],True,,,1004,1019,1210,1042.6000000000001,57290.87,0.034,323.235294117647,0.9949494949494949
134,bcls,product,422785,0.35400322,BAILEYS - ORIGINAL IRISH CREAM WITH PREMIUM MUG,,,Liqueurs,,[],,34.99,,,,,,,[],,,422785,,[],,22,2024-03-11 19:10:01,,1,['05011013938049'],False,,0.75,[],BAILEYS - ORIGINAL IRISH CREAM WITH PREMIUM MUG,,Ireland,False,,3,3,,,False,8.0, ORIGINAL IRISH CREAM WITH PREMIUM MUG,0.17,,False,[],SM,,BAILEYS ,IE,,Cream/Dairy Liqueurs,Liqueurs,False,False,0,34.99,,,,,baileys - original irish cream with premium mug,,,,Spirits,[],True,,,1004,1019,1210,16.5,769.7800000000001,0.1275,274.4313725490196,0.04040404040404041
135,bcls,product,624296,0.3639408,BAILEYS - SALTED CARAMEL,,,Liqueurs,,[],,32.99,,,,,,,[],,,624296,,[],,2946,2024-03-11 19:10:01,,1,['05011013930197'],False,,0.75,[],BAILEYS - SALTED CARAMEL,,Ireland,False,,2,2,,,False,195.0, SALTED CARAMEL,0.17,,False,[],SR,,BAILEYS ,IE,,Cream/Dairy Liqueurs,Liqueurs,False,False,0,32.99,,,,,baileys - salted caramel,,,,Spirits,[],True,,,1004,1019,1210,2209.5,97188.54000000001,0.1275,258.7450980392157,0.9848484848484849
136,bcls,product,317622,0.35400322,BAILEYS - TIRAMISU,,,Liqueurs,,[],,32.99,,,,,,,[],,,317622,,[],,1154,2024-03-11 19:10:01,,1,['05011013940615'],False,,0.75,[],BAILEYS - TIRAMISU,,Ireland,False,,3,3,,,False,66.0, TIRAMISU,0.17,,False,[],SH,,BAILEYS ,IE,,Cream/Dairy Liqueurs,Liqueurs,False,False,0,32.99,,,,,baileys - tiramisu,,,,Spirits,[],True,,,1004,1019,1210,865.5,38070.46,0.1275,258.7450980392157,0.3333333333333333
137,bcls,product,430146,0.3639408,BAILEYS - VANILLA MINT SHAKE,,,Liqueurs,,[],,31.99,,,,,,,[],,,430146,,[],,119,2024-03-11 19:10:01,,1,['05011013938469'],False,,0.75,[],BAILEYS - VANILLA MINT SHAKE,,Ireland,False,,3,3,,,False,12.0, VANILLA MINT SHAKE,0.17,,False,[],SH,,BAILEYS ,IE,,Cream/Dairy Liqueurs,Liqueurs,False,False,1,31.99,,,,,baileys - vanilla mint shake,,,,Spirits,[],True,,,1004,1019,1210,89.25,3806.81,0.1275,250.9019607843137,0.06060606060606061
138,bcls,product,756999,0.35400322,BAILEYS ALMANDE - ALMOND BEVERAGE,,,Other Spirits,,[],,32.99,,,,,,,[],,,756999,,[],,2147,2024-03-11 19:10:01,,1,"['00082000776468', '00082000776284']",False,,0.75,[],BAILEYS ALMANDE - ALMOND BEVERAGE,,USA,False,,2,2,,,False,183.0, ALMOND BEVERAGE,0.13,,False,[],SR,,BAILEYS ALMANDE ,US,,Ready to Serve Cocktails,Other Spirits,False,False,0,32.99,,,,,baileys almande - almond beverage,,,,Spirits,[],True,,,1004,1020,1242,1610.25,70829.53,0.0975,338.35897435897436,0.9242424242424242
139,bcls,product,305748,0.3639408,BAJA ROSA,,,Liqueurs,,[],True,26.99,,,2024-03-03T00:00:00.000-08:00,,,2024-03-03T00:00:00.000-08:00,['On Sale'],2024-03-31T00:00:00.000-07:00,,305748,True,[],,2264,2024-03-11 19:10:01,,1,['00088004400248'],False,,0.75,[],BAJA ROSA,,Canada,False,,2,2,,,False,182.0,BAJA ROSA,0.15,,False,['On Sale'],SR,,,CA,,Cream/Dairy Liqueurs,Liqueurs,False,False,0,23.99,,,,,baja rosa,,2024-03-31T00:00:00.000-07:00,,Spirits,[],True,,,1004,1019,1210,1698.0,61105.35999999999,0.11249999999999999,239.91111111111113,0.9191919191919192
140,bcls,product,314781,0.3639408,BAKER'S - BOURBON,,,Whisky,,[],,88.99,,,,,,,[],,,314781,,[],,352,2024-03-11 19:10:01,,1,['00080686015406'],False,,0.75,[],BAKER'S - BOURBON,,USA,False,,2,2,,,False,47.0, BOURBON,0.535,,False,[],SH,,BAKER'S ,US,,Bourbon Whiskey,Whisky / Whiskey,False,False,0,88.99,,,,,bakers - bourbon,,,,Spirits,[],True,,,1004,1024,1284,264.0,31324.48,0.40125,221.78193146417445,0.23737373737373738
141,bcls,product,3186,0.35400322,BALLANTINE'S - FINEST,,,Whisky,,[],,42.49,,,,,,,[],,,3186,,[],,1796,2024-03-11 19:10:01,,1,['05010106111833'],False,,1.14,[],BALLANTINE'S - FINEST,,United Kingdom,False,,2,2,,,False,194.0, FINEST,0.4,,False,[],G,,BALLANTINE'S ,GB,,Blended Scotch Whisky,Whisky / Whiskey,False,False,0,42.49,,,,,ballantines - finest,,,,Spirits,[],True,,,1004,1024,1283,2047.4399999999998,76312.04000000001,0.45599999999999996,93.17982456140352,0.9797979797979798
142,bcls,product,5041,0.35400322,BALLANTINE'S - FINEST,,,Whisky,,[],,16.99,,,,,,,[],,,5041,,[],,3906,2024-03-11 19:10:01,,1,['05010106112250'],False,,0.375,[],BALLANTINE'S - FINEST,,United Kingdom,False,,2,2,,,False,186.0, FINEST,0.4,,False,[],SR,,BALLANTINE'S ,GB,,Blended Scotch Whisky,Whisky / Whiskey,False,False,0,16.99,,,,,ballantines - finest,,,,Spirits,[],True,,,1004,1024,1283,1464.75,66362.93999999999,0.15000000000000002,113.26666666666664,0.9393939393939394
143,bcls,product,55681,0.35400322,BALLANTINE'S - FINEST,,,Whisky,,[],,61.99,,,,,,,[],,,55681,,[],,845,2024-03-11 19:10:01,,1,"['05010106113905', '00089540352817', '05010106113875']",False,,1.75,[],BALLANTINE'S - FINEST,,United Kingdom,False,,2,2,,,False,113.0, FINEST,0.4,,False,[],G,,BALLANTINE'S ,GB,,Blended Scotch Whisky,Whisky / Whiskey,False,False,0,61.99,,,,,ballantines - finest,,,,Spirits,[],True,,,1004,1024,1283,1478.75,52381.55,0.7000000000000001,88.55714285714285,0.5707070707070707
144,bcls,product,1610,0.3639408,BALLANTINE'S - FINEST,,,Whisky,,[],,29.99,,,,,,,[],,,1610,,[],,2690,2024-03-11 19:10:01,,1,"['09010720111451', '05010106111451']",False,,0.75,[],BALLANTINE'S - FINEST,,United Kingdom,False,,2,2,,,False,196.0, FINEST,0.4,,False,[],G,,BALLANTINE'S ,GB,,Blended Scotch Whisky,Whisky / Whiskey,False,False,0,29.99,,,,,ballantines - finest,,,,Spirits,[],True,,,1004,1024,1283,2017.5,80673.09999999999,0.30000000000000004,99.96666666666664,0.98989898989899
145,bcls,product,387316,0.3639408,BALVENIE - 12 YEAR OLD DOUBLEWOOD,,,Whisky,,[],,110.99,,,,,,,[],,,387316,,[],,1149,2024-03-11 19:10:01,Speyside,1,['05010327505138'],False,,0.75,[],BALVENIE - 12 YEAR OLD DOUBLEWOOD,,United Kingdom,False,Scotland,2,2,,,False,176.0, 12 YEAR OLD DOUBLEWOOD,0.4,,False,[],SR,,BALVENIE ,GB,,Single Malt Scotch Whisky,Whisky / Whiskey,False,False,0,110.99,,,,,balvenie - 12 year old doublewood,,,,Spirits,[],True,,,1004,1024,1289,861.75,127527.51,0.30000000000000004,369.9666666666666,0.8888888888888888
146,bcls,product,601229,0.35400322,BALVENIE - 14 YEAR OLD CARIBBEAN RUM CASK,,,Whisky,,[],,155.99,,,,,,,[],,,601229,,[],,499,2024-03-11 19:10:01,Speyside,1,['05010327524566'],False,,0.75,[],BALVENIE - 14 YEAR OLD CARIBBEAN RUM CASK,,United Kingdom,False,Scotland,2,2,,,False,64.0, 14 YEAR OLD CARIBBEAN RUM CASK,0.43,,False,[],SR,,BALVENIE ,GB,,Single Malt Scotch Whisky,Whisky / Whiskey,False,False,0,155.99,,,,,balvenie - 14 year old caribbean rum cask,,,,Spirits,[],True,,,1004,1024,1289,374.25,77839.01000000001,0.3225,483.68992248062017,0.32323232323232326
147,bcls,product,598573,0.3639408,BALVENIE - 21 YEAR OLD PORTWOOD,,,Whisky,,[],,500.99,,,,,,,[],,,598573,,[],,12,2024-03-11 19:10:01,Speyside,1,['05010327604008'],False,,0.75,[],BALVENIE - 21 YEAR OLD PORTWOOD,,United Kingdom,False,Scotland,2,2,,,False,8.0, 21 YEAR OLD PORTWOOD,0.4,,False,[],SR,,BALVENIE ,GB,,Single Malt Scotch Whisky,Whisky / Whiskey,False,False,0,500.99,,,,,balvenie - 21 year old portwood,,,,Spirits,[],True,,,1004,1024,1289,9.0,6011.88,0.30000000000000004,1669.9666666666665,0.04040404040404041
148,bcls,product,350397,0.35400322,BANFF ICE,,,Vodka,,[],,23.49,,,,,,,[],,,350397,,[],,1731,2024-03-11 19:10:01,,1,"['00080686032069', '00777680005235']",False,,0.75,[],BANFF ICE,,Canada,False,,2,2,,,False,135.0,BANFF ICE,0.4,,False,[],SR,,,CA,,Straight Vodka,Vodka,False,False,0,23.49,,,,,banff ice,,,,Spirits,[],True,,,1004,1023,1281,1298.25,40661.189999999995,0.30000000000000004,78.29999999999998,0.6818181818181818
149,bcls,product,454462,0.3639408,BANFF ICE,,,Vodka,,[],,52.99,,,,,,,[],,,454462,,[],,1079,2024-03-11 19:10:01,,1,"['00080686032052', '00777680005204']",False,,1.75,[],BANFF ICE,,Canada,False,,2,2,,,False,126.0,BANFF ICE,0.4,,False,[],SR,,,CA,,Straight Vodka,Vodka,False,False,0,52.99,,,,,banff ice,,,,Spirits,[],True,,,1004,1023,1281,1888.25,57176.21,0.7000000000000001,75.69999999999999,0.6363636363636364
150,bcls,product,443203,0.35400322,BARCELO - IMPERIAL ONYX RUM,,,Rum,,[],,77.99,,,,,,,[],,,443203,,[],,225,2024-03-11 19:10:01,,1,"['00696852054331', '00856981000344']",False,,0.75,[],BARCELO - IMPERIAL ONYX RUM,,Dominican Republic,False,,2,2,,,False,43.0, IMPERIAL ONYX RUM,0.4,,False,[],ST,,BARCELO ,DO,,Amber Rum,Rum,False,False,0,77.99,,,,,barcelo - imperial onyx rum,,,,Spirits,[],True,,,1004,1021,1252,168.75,17547.75,0.30000000000000004,259.9666666666666,0.21717171717171718
151,bcls,product,46191,0.3639408,BARSOL PISCO - QUEBRANTA,,,Grape and Fruit Brandy,,[],,48.99,,,,,,,[],,,46191,,[],,133,2024-03-11 19:10:01,,1,['00859644000019'],False,,0.75,[],BARSOL PISCO - QUEBRANTA,,Peru,False,,2,2,,,False,21.0, QUEBRANTA,0.413,,False,[],SH,,BARSOL PISCO ,PE,,Pisco,Other Spirits,False,False,0,48.99,,,,,barsol pisco - quebranta,,,,Spirits,[],True,,,1004,1018,1175,99.75,6515.67,0.30974999999999997,158.15980629539953,0.10606060606060606
152,bcls,product,176441,0.3639408,BASIL HAYDEN - 10 YEAR OLD,,,Whisky,,[],,79.99,,,,,,,['BCL Select'],,,176441,,[],,175,2024-03-11 19:10:01,,1,['00080686012207'],False,,0.75,[],BASIL HAYDEN - 10 YEAR OLD,,USA,False,,3,3,,,False,27.0, 10 YEAR OLD,0.4,,True,['BCL Select'],C,,BASIL HAYDEN ,US,,Bourbon Whiskey,Whisky / Whiskey,False,False,0,79.99,,,,,basil hayden - 10 year old,,,,Spirits,"[{'id': 'empty-placeholder', 'label': '&nbsp;', 'labelLengthWithoutTags': 1}, {'id': 'exclusive', 'label': 'ONLY@BCL', 'labelLengthWithoutTags': 8}]",True,,,1004,1024,1284,131.25,13998.25,0.30000000000000004,266.63333333333327,0.13636363636363635
153,bcls,product,367704,0.35400322,BASIL HAYDEN - RED WINE CASK FINISH BOURBON,,,Whisky,,[],,79.99,,,,,,,[],,,367704,,[],,161,2024-03-11 19:10:01,,1,['00080686002956'],False,,0.75,[],BASIL HAYDEN - RED WINE CASK FINISH BOURBON,,USA,False,,2,2,,,False,27.0, RED WINE CASK FINISH BOURBON,0.4,,False,[],ST,,BASIL HAYDEN ,US,,Bourbon Whiskey,Whisky / Whiskey,False,False,0,79.99,,,,,basil hayden - red wine cask finish bourbon,,,,Spirits,[],True,,,1004,1024,1284,120.75,12878.39,0.30000000000000004,266.63333333333327,0.13636363636363635
154,bcls,product,427313,0.35400322,BASIL HAYDEN - TOAST,,,Whisky,,[],,69.99,,,,,,,[],,,427313,,[],,63,2024-03-11 19:10:01,,1,"['00080686012481', '00080686012344']",False,,0.75,[],BASIL HAYDEN - TOAST,,USA,False,,2,2,,,False,9.0, TOAST,0.4,,False,[],SH,,BASIL HAYDEN ,US,,Bourbon Whiskey,Whisky / Whiskey,False,False,0,69.99,,,,,basil hayden - toast,,,,Spirits,[],True,,,1004,1024,1284,47.25,4409.37,0.30000000000000004,233.29999999999995,0.045454545454545456
155,bcls,product,106120,0.3639408,BASIL HAYDEN'S - KENTUCKY BOURBON,,,Whisky,,[],,57.99,,,,,,,[],,,106120,,[],,1233,2024-03-11 19:10:01,,1,"['00080686012405', '00080686012443']",False,,0.75,[],BASIL HAYDEN'S - KENTUCKY BOURBON,,USA,False,,2,2,,,False,147.0, KENTUCKY BOURBON,0.4,,False,[],SR,,BASIL HAYDEN'S ,US,,Bourbon Whiskey,Whisky / Whiskey,False,False,0,57.99,,,,,basil haydens - kentucky bourbon,,,,Spirits,[],True,,,1004,1024,1284,924.75,71501.67,0.30000000000000004,193.29999999999998,0.7424242424242424
156,bcls,product,254403,0.3639408,BEARFACE - WILDERNESS SERIES 02,,,Whisky,,[],,59.99,,,,,,,[],,,254403,,[],,823,2024-03-11 19:10:01,,1,['00848819030104'],False,,0.75,[],BEARFACE - WILDERNESS SERIES 02,,Canada,False,,2,2,,,False,107.0, WILDERNESS SERIES 02,0.425,,False,[],SH,,BEARFACE ,CA,,Canadian Whisky,Whisky / Whiskey,False,False,0,59.99,,,,,bearface - wilderness series 02,,,,Spirits,[],True,,,1004,1024,1285,617.25,49371.770000000004,0.31875,188.20392156862746,0.5404040404040404
157,bcls,product,161329,0.35400322,BEARFACE 7 YEAR OLD TRIPLE OAK CANADIAN WHISKY,,,Whisky,,[],,39.99,,,,,,,[],,,161329,,[],,2160,2024-03-11 19:10:01,,1,"['00848819030005', '00779305900000', '00848819030029', '00779305900024']",False,,0.75,[],BEARFACE 7 YEAR OLD TRIPLE OAK CANADIAN WHISKY,,Canada,False,,2,2,,,False,165.0,BEARFACE 7 YEAR OLD TRIPLE OAK CANADIAN WHISKY,0.4,,False,[],SR,,,CA,,Canadian Whisky,Whisky / Whiskey,False,False,0,39.99,,,,,bearface 7 year old triple oak canadian whisky,,,,Spirits,[],True,,,1004,1024,1285,1620.0,86378.40000000001,0.30000000000000004,133.29999999999998,0.8333333333333334
158,bcls,product,331,0.35400322,BEEFEATER - LONDON DRY,,,Gin,,[],,37.99,,,,,,,[],,,331,,[],,2569,2024-03-11 19:10:01,,1,['05000329002353'],False,,1.14,[],BEEFEATER - LONDON DRY,,United Kingdom,False,,2,2,,,False,195.0, LONDON DRY,0.4,,False,[],G,,BEEFEATER ,GB,,Dry Gin,Gin,False,False,0,37.99,,,,,beefeater - london dry,,,,Spirits,[],True,,,1004,1017,1168,2928.66,97596.31000000001,0.45599999999999996,83.31140350877195,0.9848484848484849
159,bcls,product,570,0.3639408,BEEFEATER - LONDON DRY,,,Gin,,[],,27.49,,,,,,,[],,,570,,[],,2736,2024-03-11 19:10:01,,1,['05000329002216'],False,,0.75,[],BEEFEATER - LONDON DRY,,United Kingdom,False,,2,2,,,False,197.0, LONDON DRY,0.4,,False,[],SR,,BEEFEATER ,GB,,Dry Gin,Gin,False,False,0,27.49,,,,,beefeater - london dry,,,,Spirits,[],True,,,1004,1017,1168,2052.0,75212.64,0.30000000000000004,91.63333333333331,0.9949494949494949
160,bcls,product,8599,0.3639408,BELL'S - ORIGINAL,,,Whisky,,[],,24.49,,,,,,,[],,,8599,,[],,1453,2024-03-11 19:10:01,,1,"['00088076175655', '00622153601042']",False,,0.75,[],BELL'S - ORIGINAL,,United Kingdom,False,,2,2,,,False,113.0, ORIGINAL,0.4,,False,[],SR,,BELL'S ,GB,,Blended Scotch Whisky,Whisky / Whiskey,False,False,0,24.49,,,,,bells - original,,,,Spirits,[],True,,,1004,1024,1283,1089.75,35583.97,0.30000000000000004,81.63333333333331,0.5707070707070707
161,bcls,product,31027,0.35400322,BELVEDERE,,,Vodka,,[],,16.99,,,,,,,['BCL Select'],,,31027,,[],,28,2024-03-11 19:10:01,,1,['05901041003430'],False,,0.2,[],BELVEDERE,,Poland,False,,3,3,,,False,8.0,BELVEDERE,0.4,,True,['BCL Select'],C,,,PL,,Straight Vodka,Vodka,False,False,0,16.99,,,,,belvedere,,,,Spirits,"[{'id': 'empty-placeholder', 'label': '&nbsp;', 'labelLengthWithoutTags': 1}, {'id': 'exclusive', 'label': 'ONLY@BCL', 'labelLengthWithoutTags': 8}]",True,,,1004,1023,1281,5.6000000000000005,475.71999999999997,0.08000000000000002,212.37499999999994,0.04040404040404041
162,bcls,product,437772,0.35400322,BELVEDERE,,,Vodka,,[],,51.99,,,,,,,[],,,437772,,[],,2191,2024-03-11 19:10:01,,1,"['05901867816726', '00081753822248', '05901867802583', '05901041003607', '05901867803108', '00081753815981', '00087116069688']",False,,0.75,[],BELVEDERE,,Poland,False,,2,2,,,False,156.0,BELVEDERE,0.4,,False,[],SR,,,PL,,Straight Vodka,Vodka,False,False,0,51.99,,,,,belvedere,,,,Spirits,[],True,,,1004,1023,1281,1643.25,113910.09000000001,0.30000000000000004,173.29999999999998,0.7878787878787878
163,bcls,product,121801,0.35400322,BELVEDERE - CHROME,,,Vodka,,[],,144.99,,,,,,,[],,,121801,,[],,537,2024-03-11 19:10:01,,1,['00626990320210'],False,,1.75,[],BELVEDERE - CHROME,,Poland,False,,3,3,,,False,65.0, CHROME,0.4,,False,[],SH,,BELVEDERE ,PL,,Straight Vodka,Vodka,False,False,0,144.99,,,,,belvedere - chrome,,,,Spirits,[],True,,,1004,1023,1281,939.75,77859.63,0.7000000000000001,207.12857142857143,0.3282828282828283
164,bcls,product,20024,0.3639408,BENEDICTINE - B AND B,,,Liqueurs,,[],,41.99,,,,,,,[],,,20024,,[],,1652,2024-03-11 19:10:01,,1,"['00080480981624', '00080480545406']",False,,0.75,[],BENEDICTINE - B AND B,,France,False,,2,2,,,False,162.0, B AND B,0.4,,False,[],SR,,BENEDICTINE ,FR,,Anise And Herbal/Spice Liqueurs,Liqueurs,False,False,0,41.99,,,,,benedictine - b and b,,,,Spirits,[],True,,,1004,1019,1208,1239.0,69367.48000000001,0.30000000000000004,139.96666666666664,0.8181818181818182
165,bcls,product,139196,0.35400322,BENRIACH - 25 YEAR OLD,,,Whisky,,[],,650.0,,,,,,,['BCL Select'],,,139196,,[],,23,2024-03-11 19:10:01,Other Scotch Regions,1,"['05060088799307', '05060716140020']",False,,0.7,[],BENRIACH - 25 YEAR OLD,,United Kingdom,False,Scotland,3,3,,,False,3.0, 25 YEAR OLD,0.46799999999999997,,True,['BCL Select'],C,,BENRIACH ,GB,,Single Malt Scotch Whisky,Whisky / Whiskey,False,False,0,650.0,,,,,benriach - 25 year old,,,,Spirits,"[{'id': 'empty-placeholder', 'label': '&nbsp;', 'labelLengthWithoutTags': 1}, {'id': 'exclusive', 'label': 'ONLY@BCL', 'labelLengthWithoutTags': 8}]",True,,,1004,1024,1289,16.099999999999998,14950.0,0.32759999999999995,1984.1269841269846,0.015151515151515152
166,bcls,product,7209,0.3639408,BENRIACH - THE ORIGINAL TEN,,,Whisky,,[],,99.99,,,,,,,[],,,7209,,[],,380,2024-03-11 19:10:01,Speyside,1,['05060399680998'],False,,0.75,[],BENRIACH - THE ORIGINAL TEN,,United Kingdom,False,Scotland,3,3,,,False,43.0, THE ORIGINAL TEN,0.43,,False,[],SH,,BENRIACH ,GB,,Single Malt Scotch Whisky,Whisky / Whiskey,False,False,0,99.99,,,,,benriach - the original ten,,,,Spirits,[],True,,,1004,1024,1289,285.0,37996.2,0.3225,310.04651162790697,0.21717171717171718
167,bcls,product,11136,0.3639408,BENRIACH - THE TWELVE,,,Whisky,,[],,107.99,,,,,,,[],,,11136,,[],,391,2024-03-11 19:10:01,Speyside,1,['05060399687485'],False,,0.75,[],BENRIACH - THE TWELVE,,United Kingdom,False,Scotland,2,2,,,False,47.0, THE TWELVE,0.46,,False,[],SH,,BENRIACH ,GB,,Single Malt Scotch Whisky,Whisky / Whiskey,False,False,0,107.99,,,,,benriach - the twelve,,,,Spirits,[],True,,,1004,1024,1289,293.25,42224.09,0.34500000000000003,313.01449275362313,0.23737373737373738
168,bcls,product,253872,0.35400322,BENRIACH 16 YEAR OLD,,,Whisky,,[],,199.99,,,,,,,[],,,253872,,[],,40,2024-03-11 19:10:01,Speyside,1,['05060088790120'],False,,0.7,[],BENRIACH 16 YEAR OLD,,United Kingdom,False,Scotland,3,3,,,False,11.0,BENRIACH 16 YEAR OLD,0.43,,False,[],SM,,,GB,,Single Malt Scotch Whisky,Whisky / Whiskey,False,False,0,199.99,,,,,benriach 16 year old,,,,Spirits,[],True,,,1004,1024,1289,28.0,7999.6,0.301,664.4186046511628,0.05555555555555555
169,bcls,product,306650,0.35400322,BENRINNES - 10 YEAR OLD 2011 CASK 307205 LMDW ARTIST #12,,,Whisky,,[],,399.99,,,,,,,['BCL Select'],,,306650,,[],,9,2024-03-11 19:10:01,Speyside,1,['03700597358764'],False,,0.7,[],BENRINNES - 10 YEAR OLD 2011 CASK 307205 LMDW ARTIST #12,,United Kingdom,False,Scotland,3,3,,,False,4.0, 10 YEAR OLD 2011 CASK 307205 LMDW ARTIST #12,0.581,,True,['BCL Select'],C,,BENRINNES ,GB,,Single Malt Scotch Whisky,Whisky / Whiskey,False,False,0,399.99,,,,,benrinnes - 10 year old 2011 cask 307205 lmdw artist #12,,,,Spirits,"[{'id': 'empty-placeholder', 'label': '&nbsp;', 'labelLengthWithoutTags': 1}, {'id': 'exclusive', 'label': 'ONLY@BCL', 'labelLengthWithoutTags': 8}]",True,,,1004,1024,1289,6.3,3599.91,0.40669999999999995,983.5013523481683,0.020202020202020204
170,bcls,product,74548,0.3639408,BENROMACH - 10 YEARS OLD,,,Whisky,,[],,74.99,,,,,,,[],,,74548,,[],,447,2024-03-11 19:10:01,Speyside,1,['00747020919317'],False,,0.75,[],BENROMACH - 10 YEARS OLD,,United Kingdom,False,Scotland,2,2,,,False,51.0, 10 YEARS OLD,0.43,,False,[],SR,,BENROMACH ,GB,,Single Malt Scotch Whisky,Whisky / Whiskey,False,False,0,74.99,,,,,benromach - 10 years old,,,,Spirits,[],True,,,1004,1024,1289,335.25,33520.53,0.3225,232.5271317829457,0.25757575757575757
171,bcls,product,360242,0.35400322,BIG PEAT - DOUGLAS LAING  BLENDED MALT BC 1ST EDITION,,,Whisky,,[],,110.99,,,,,,,['BCL Select'],,,360242,,[],,5,2024-03-11 19:10:01,,1,['05014218824056'],False,,0.7,[],BIG PEAT - DOUGLAS LAING  BLENDED MALT BC 1ST EDITION,,United Kingdom,False,,3,3,,,False,3.0, DOUGLAS LAING  BLENDED MALT BC 1ST EDITION,0.48,,True,['BCL Select'],C,,BIG PEAT ,GB,,Blended Malt Scotch Whisky,Whisky / Whiskey,False,False,1,110.99,,,,,big peat - douglas laing  blended malt bc 1st edition,,,,Spirits,"[{'id': 'empty-placeholder', 'label': '&nbsp;', 'labelLengthWithoutTags': 1}, {'id': 'exclusive', 'label': 'ONLY@BCL', 'labelLengthWithoutTags': 8}]",True,,,1004,1024,1291,3.5,554.9499999999999,0.33599999999999997,330.32738095238096,0.015151515151515152
172,bcls,product,324101,0.3639408,BIG PEAT - DOUGLAS LAING BLENDED ISLAY MALT 49TH PARALLEL ED,,,Whisky,,[],,114.99,,,,,,,['BCL Select'],,,324101,,[],,442,2024-03-11 19:10:01,,1,['05014218882087'],False,,0.7,[],BIG PEAT - DOUGLAS LAING BLENDED ISLAY MALT 49TH PARALLEL ED,,United Kingdom,False,,3,3,,,False,48.0, DOUGLAS LAING BLENDED ISLAY MALT 49TH PARALLEL ED,0.49,,True,['BCL Select'],C,,BIG PEAT ,GB,,Blended Malt Scotch Whisky,Whisky / Whiskey,False,False,0,114.99,,,,,big peat - douglas laing blended islay malt 49th parallel ed,,,,Spirits,"[{'id': 'empty-placeholder', 'label': '&nbsp;', 'labelLengthWithoutTags': 1}, {'id': 'exclusive', 'label': 'ONLY@BCL', 'labelLengthWithoutTags': 8}]",True,,,1004,1024,1291,309.4,50825.579999999994,0.34299999999999997,335.2478134110787,0.24242424242424243
173,bcls,product,540682,0.3639408,BLACK FRIARS - PLYMOUTH BATCH DISTILLED,,,Gin,,[],,45.99,,,,,,,[],,,540682,,[],,307,2024-03-11 19:10:01,,1,"['00652080075418', '05000299613191']",False,,0.75,[],BLACK FRIARS - PLYMOUTH BATCH DISTILLED,,United Kingdom,False,,2,2,,,False,39.0, PLYMOUTH BATCH DISTILLED,0.41200000000000003,,False,[],SH,,BLACK FRIARS ,GB,,Other Gin,Gin,False,False,0,45.99,,,,,black friars - plymouth batch distilled,,,,Spirits,[],True,,,1004,1017,1169,230.25,14118.93,0.30900000000000005,148.83495145631065,0.19696969696969696
174,bcls,product,486363,0.35400322,BLACKENED - AMERICAN WHISKEY,,,Whisky,,[],,80.99,,,,,,,[],,,486363,,[],,660,2024-03-11 19:10:01,,1,['00752830059290'],False,,0.75,[],BLACKENED - AMERICAN WHISKEY,,USA,False,,2,2,,,False,73.0, AMERICAN WHISKEY,0.45,,False,[],SH,,BLACKENED ,US,,American Whiskey,Whisky / Whiskey,False,False,0,80.99,,,,,blackened - american whiskey,,,,Spirits,[],True,,,1004,1024,1282,495.0,53453.399999999994,0.3375,239.97037037037035,0.3686868686868687
175,bcls,product,296536,0.3639408,BLACKENED - WHISKEY 72 SEASONS,,,Whisky,,[],,85.99,,,,,,,['BCL Select'],,,296536,,[],,304,2024-03-11 19:10:01,,1,"['00850001901680', '00736040007456']",False,,0.75,[],BLACKENED - WHISKEY 72 SEASONS,,USA,False,,3,3,,,False,37.0, WHISKEY 72 SEASONS,0.45,,True,['BCL Select'],C,,BLACKENED ,US,,American Whiskey,Whisky / Whiskey,False,False,0,85.99,,,,,blackened - whiskey 72 seasons,,,,Spirits,"[{'id': 'empty-placeholder', 'label': '&nbsp;', 'labelLengthWithoutTags': 1}, {'id': 'exclusive', 'label': 'ONLY@BCL', 'labelLengthWithoutTags': 8}]",True,,,1004,1024,1282,228.0,26140.96,0.3375,254.78518518518516,0.18686868686868688
176,bcls,product,440821,0.35400322,BLACKENED X WES HENDERSON,,,Whisky,,[],,155.99,,,,,,,['BCL Select'],,,440821,,[],,355,2024-03-11 19:10:01,,1,['00736040006305'],False,,0.75,[],BLACKENED X WES HENDERSON,,USA,False,,3,3,,,False,24.0,BLACKENED X WES HENDERSON,0.585,,True,['BCL Select'],C,,,US,,Bourbon Whiskey,Whisky / Whiskey,False,False,0,155.99,,,,,blackened x wes henderson,,,,Spirits,"[{'id': 'empty-placeholder', 'label': '&nbsp;', 'labelLengthWithoutTags': 1}, {'id': 'exclusive', 'label': 'ONLY@BCL', 'labelLengthWithoutTags': 8}]",True,,,1004,1024,1284,266.25,55376.450000000004,0.43875,355.53276353276357,0.12121212121212122
177,bcls,product,502334,0.3639408,BLADNOCH - 14 YEAR OLD LOWLAND SINGLE MALT SCOTCH,,,Whisky,,[],,189.99,,,,,,,[],,,502334,,[],,7,2024-03-11 19:10:01,Lowland,1,['00851370006549'],False,,0.7,[],BLADNOCH - 14 YEAR OLD LOWLAND SINGLE MALT SCOTCH,,United Kingdom,False,Scotland,3,3,,,False,2.0, 14 YEAR OLD LOWLAND SINGLE MALT SCOTCH,0.467,,False,[],SM,,BLADNOCH ,GB,,Single Malt Scotch Whisky,Whisky / Whiskey,False,False,1,189.99,,,,,bladnoch - 14 year old lowland single malt scotch,,,,Spirits,[],True,,,1004,1024,1289,4.8999999999999995,1329.93,0.3269,581.1869073111043,0.010101010101010102
178,bcls,product,502339,0.3639408,BLADNOCH - 19 YEAR OLD LOWLAND SINGLE MALT SCOTCH,,,Whisky,,[],,310.0,,,,,,,[],,,502339,,[],,67,2024-03-11 19:10:01,Lowland,1,['00851370006709'],False,,0.7,[],BLADNOCH - 19 YEAR OLD LOWLAND SINGLE MALT SCOTCH,,United Kingdom,False,Scotland,3,3,,,False,8.0, 19 YEAR OLD LOWLAND SINGLE MALT SCOTCH,0.467,,False,[],SM,,BLADNOCH ,GB,,Single Malt Scotch Whisky,Whisky / Whiskey,False,False,0,310.0,,,,,bladnoch - 19 year old lowland single malt scotch,,,,Spirits,[],True,,,1004,1024,1289,46.9,20770.0,0.3269,948.3022330988069,0.04040404040404041
179,bcls,product,421812,0.35400322,BLADNOCH - ALINTA LOWLAND SINGLE MALT SCOTCH,,,Whisky,,[],,159.99,,,,,,,[],,,421812,,[],,40,2024-03-11 19:10:01,Lowland,1,['00851370006822'],False,,0.7,[],BLADNOCH - ALINTA LOWLAND SINGLE MALT SCOTCH,,United Kingdom,False,Scotland,3,3,,,False,9.0, ALINTA LOWLAND SINGLE MALT SCOTCH,0.47,,False,[],SM,,BLADNOCH ,GB,,Single Malt Scotch Whisky,Whisky / Whiskey,False,False,0,159.99,,,,,bladnoch - alinta lowland single malt scotch,,,,Spirits,[],True,,,1004,1024,1289,28.0,6399.6,0.32899999999999996,486.29179331307,0.045454545454545456
180,bcls,product,502322,0.3639408,BLADNOCH - VINAYA LOWLAND SINGLE MALT SCOTCH,,,Whisky,,[],,94.99,,,,,,,[],,,502322,,[],,367,2024-03-11 19:10:01,Lowland,1,['00851370006655'],False,,0.7,[],BLADNOCH - VINAYA LOWLAND SINGLE MALT SCOTCH,,United Kingdom,False,Scotland,2,2,,,False,45.0, VINAYA LOWLAND SINGLE MALT SCOTCH,0.467,,False,[],SH,,BLADNOCH ,GB,,Single Malt Scotch Whisky,Whisky / Whiskey,False,False,0,94.99,,,,,bladnoch - vinaya lowland single malt scotch,,,,Spirits,[],True,,,1004,1024,1289,256.9,34861.33,0.3269,290.57815845824405,0.22727272727272727
181,bcls,product,777607,0.35400322,BLARNEY'S CREAM LIQUOR,,,Liqueurs,,['Only@BCL'],True,25.99,,,2024-03-03T00:00:00.000-08:00,,,2024-03-03T00:00:00.000-08:00,"['BCL Select', 'On Sale']",2024-03-31T00:00:00.000-07:00,,777607,True,['Only@BCL'],,3071,2024-03-11 19:10:01,,1,"['00085254600169', '00085254600756']",False,,0.75,[],BLARNEY'S CREAM LIQUOR,,USA,False,,2,2,,,False,198.0,BLARNEY'S CREAM LIQUOR,0.16,,True,"['BCL Select', 'On Sale']",C,,,US,,Cream/Dairy Liqueurs,Liqueurs,False,False,0,24.99,,,"[{'urlAlias': '/promotion/only-at-bcl', 'name': 'Only@BCL', 'promoCode': '2020BCLSELECT', 'published': True, 'shortName': ''}]","[{'urlAlias': '/promotion/only-at-bcl', 'name': 'Only@BCL', 'promoCode': '2020BCLSELECT', 'published': True, 'shortName': ''}]",blarneys cream liquor,,2024-03-31T00:00:00.000-07:00,,Spirits,"[{'id': 'featured', 'label': 'FEATURED', 'labelLengthWithoutTags': 8}, {'id': 'exclusive', 'label': 'ONLY@BCL', 'labelLengthWithoutTags': 8}]",True,,,1004,1019,1210,2303.25,79815.29,0.12,216.58333333333331,1.0
182,bcls,product,235849,0.35400322,BLOOD OATH - PACT 9,,,Whisky,,[],,324.99,,,,,,,['BCL Select'],,,235849,,[],,19,2024-03-11 19:10:01,,1,['00088352140124'],False,,0.75,[],BLOOD OATH - PACT 9,,USA,False,,3,3,,,False,5.0, PACT 9,0.493,,True,['BCL Select'],C,,BLOOD OATH ,US,,American Whiskey,Whisky / Whiskey,False,False,0,324.99,,,,,blood oath - pact 9,,,,Spirits,"[{'id': 'empty-placeholder', 'label': '&nbsp;', 'labelLengthWithoutTags': 1}, {'id': 'exclusive', 'label': 'ONLY@BCL', 'labelLengthWithoutTags': 8}]",True,,,1004,1024,1282,14.25,6174.81,0.36975,878.94523326572,0.025252525252525252
183,bcls,product,129353,0.35400322,BLUE CURACAO - BOLS,,,Liqueurs,,[],,22.49,,,,,,,[],,,129353,,[],,2780,2024-03-11 19:10:01,,1,"['00080915078547', '00080915078240']",False,,0.75,[],BLUE CURACAO - BOLS,,Netherlands,False,,2,2,,,False,185.0, BOLS,0.21,,False,[],SR,,BLUE CURACAO ,NL,,Fruit Liqueurs,Liqueurs,False,False,0,22.49,,,,,blue curacao - bols,,,,Spirits,[],True,,,1004,1019,1211,2085.0,62522.2,0.1575,142.79365079365078,0.9343434343434344
184,bcls,product,183913,0.3639408,BOGDANOVIC - STARA SOKOLOVA OLD FALCONS PLUM BRANDY,,,Grape and Fruit Brandy,,[],,43.99,,,,,,,[],,,183913,,[],,391,2024-03-11 19:10:01,,1,['08600101730046'],False,,0.7,[],BOGDANOVIC - STARA SOKOLOVA OLD FALCONS PLUM BRANDY,,Serbia,False,,2,2,,,False,35.0, STARA SOKOLOVA OLD FALCONS PLUM BRANDY,0.4,,False,[],SR,,BOGDANOVIC ,RS,,Eau de Vie,Other Spirits,False,False,0,43.99,,,,,bogdanovic - stara sokolova old falcons plum brandy,,,,Spirits,[],True,,,1004,1018,1173,273.7,17200.09,0.27999999999999997,157.1071428571429,0.17676767676767677
185,bcls,product,231167,0.3639408,BOLS,,,Vodka,,[],,54.59,,,,,,,[],,,231167,,[],,1402,2024-03-11 19:10:01,,1,['00080915345632'],False,,1.75,[],BOLS,,Canada,False,,3,3,,,False,174.0,BOLS,0.4,,False,[],SR,,,CA,,Straight Vodka,Vodka,False,False,0,54.59,,,,,bols,,,,Spirits,[],True,,,1004,1023,1281,2453.5,76535.18000000001,0.7000000000000001,77.98571428571428,0.8787878787878788
186,bcls,product,169568,0.35400322,BOLS - TRIPLE SEC,,,Liqueurs,,[],,22.99,,,,,,,[],,,169568,,[],,1034,2024-03-11 19:10:01,,1,['00080915078295'],False,,0.75,[],BOLS - TRIPLE SEC,,Netherlands,False,,2,2,,,False,72.0, TRIPLE SEC,0.24,,False,[],SH,,BOLS ,NL,,Fruit Liqueurs,Liqueurs,False,False,0,22.99,,,,,bols - triple sec,,,,Spirits,[],True,,,1004,1019,1211,775.5,23771.66,0.18,127.72222222222221,0.36363636363636365
187,bcls,product,44753,0.3639408,BOMBAY - BRAMBLE,,,Gin,,[],,33.49,,,,,,,[],,,44753,,[],,1194,2024-03-11 19:10:01,,1,['00080480986001'],False,,0.75,[],BOMBAY - BRAMBLE,,United Kingdom,False,,2,2,,,False,153.0, BRAMBLE,0.43,,False,[],SR,,BOMBAY ,GB,,Flavoured Gin,Gin,False,False,0,33.49,,,,,bombay - bramble,,,,Spirits,[],True,,,1004,1017,1167,895.5,39987.060000000005,0.3225,103.84496124031008,0.7727272727272727
188,bcls,product,411072,0.3639408,BOMBAY - PRESSE,,,Gin,,[],,33.49,,,,,,,[],,,411072,,[],,803,2024-03-11 19:10:01,,1,['00080480988494'],False,,0.75,[],BOMBAY - PRESSE,,United Kingdom,False,,2,2,,,False,100.0, PRESSE,0.4,,False,[],SH,,BOMBAY ,GB,,Flavoured Gin,Gin,False,False,0,33.49,,,,,bombay - presse,,,,Spirits,[],True,,,1004,1017,1167,602.25,26892.47,0.30000000000000004,111.63333333333333,0.5050505050505051
189,bcls,product,774315,0.3639408,BOMBAY SAPPHIRE - EAST LONDON DRY,,,Gin,,[],,33.49,,,,,,,[],,,774315,,[],,1362,2024-03-11 19:10:01,,1,"['00080480981426', '00080480002114']",False,,0.75,[],BOMBAY SAPPHIRE - EAST LONDON DRY,,United Kingdom,False,,2,2,,,False,107.0, EAST LONDON DRY,0.42,,False,[],SR,,BOMBAY SAPPHIRE ,GB,,Dry Gin,Gin,False,False,0,33.49,,,,,bombay sapphire - east london dry,,,,Spirits,[],True,,,1004,1017,1168,1021.5,45613.380000000005,0.315,106.31746031746032,0.5404040404040404
190,bcls,product,396013,0.3639408,BOMBAY SAPPHIRE - GIFT BOX,,,Gin,,[],,29.99,,,,,,,['BCL Select'],,,396013,,[],,123,2024-03-11 19:10:01,,1,['00080480988265'],False,,0.75,[],BOMBAY SAPPHIRE - GIFT BOX,,United Kingdom,False,,3,3,,,False,20.0, GIFT BOX,0.4,,True,['BCL Select'],C,,BOMBAY SAPPHIRE ,GB,,Dry Gin,Gin,False,False,0,29.99,,,,,bombay sapphire - gift box,,,,Spirits,"[{'id': 'empty-placeholder', 'label': '&nbsp;', 'labelLengthWithoutTags': 1}, {'id': 'exclusive', 'label': 'ONLY@BCL', 'labelLengthWithoutTags': 8}]",True,,,1004,1017,1168,92.25,3688.77,0.30000000000000004,99.96666666666664,0.10101010101010101
191,bcls,product,103184,0.35400322,BOMBAY SAPPHIRE - LONDON DRY,,,Gin,,[],,9.99,,,,,,,[],,,103184,,[],,1813,2024-03-11 19:10:01,,1,"['00080480000097', '00080480981099']",False,,0.2,[],BOMBAY SAPPHIRE - LONDON DRY,,United Kingdom,False,,2,2,,,False,115.0, LONDON DRY,0.4,,False,[],SR,,BOMBAY SAPPHIRE ,GB,,Dry Gin,Gin,False,False,0,9.99,,,,,bombay sapphire - london dry,,,,Spirits,[],True,,,1004,1017,1168,362.6,18111.87,0.08000000000000002,124.87499999999997,0.5808080808080808
192,bcls,product,316844,0.35400322,BOMBAY SAPPHIRE - LONDON DRY,,,Gin,,[],,29.99,,,,,,,[],,,316844,,[],,2775,2024-03-11 19:10:01,,1,"['00080480301026', '00620213190000']",False,,0.75,[],BOMBAY SAPPHIRE - LONDON DRY,,United Kingdom,False,,2,2,,,False,197.0, LONDON DRY,0.4,,False,[],G,,BOMBAY SAPPHIRE ,GB,,Dry Gin,Gin,False,False,0,29.99,,,,,bombay sapphire - london dry,,,,Spirits,[],True,,,1004,1017,1168,2081.25,83222.25,0.30000000000000004,99.96666666666664,0.9949494949494949
193,bcls,product,404723,0.35400322,BOMBAY SAPPHIRE - LONDON DRY,,,Gin,,['Spring into Fresh Flavours'],True,42.99,,,2024-03-03T00:00:00.000-08:00,,,2024-03-03T00:00:00.000-08:00,['On Sale'],2024-03-31T00:00:00.000-07:00,,404723,True,['Spring into Fresh Flavours'],,4938,2024-03-11 19:10:01,,1,['00620213190208'],False,,1.14,[],BOMBAY SAPPHIRE - LONDON DRY,,United Kingdom,False,,2,2,,,False,195.0, LONDON DRY,0.4,,False,['On Sale'],G,,BOMBAY SAPPHIRE ,GB,,Dry Gin,Gin,False,False,0,40.99,,,"[{'urlAlias': '/promotion/spring', 'name': 'Spring into Fresh Flavours', 'promoCode': '2024SPRINGSEASONAL', 'published': True, 'shortName': ''}]","[{'urlAlias': '/promotion/spring', 'name': 'Spring into Fresh Flavours', 'promoCode': '2024SPRINGSEASONAL', 'published': True, 'shortName': ''}]",bombay sapphire - london dry,,2024-03-31T00:00:00.000-07:00,,Spirits,"[{'id': 'empty-placeholder', 'label': '&nbsp;', 'labelLengthWithoutTags': 1}, {'id': 'featured', 'label': 'FEATURED', 'labelLengthWithoutTags': 8}]",True,,,1004,1017,1168,5629.32,212284.62,0.45599999999999996,94.2763157894737,0.9848484848484849
194,bcls,product,582973,0.35400322,BOMBAY SAPPHIRE - LONDON DRY,,,Gin,,[],,59.99,,,,,,,[],,,582973,,[],,1542,2024-03-11 19:10:01,,1,['00620213190307'],False,,1.75,[],BOMBAY SAPPHIRE - LONDON DRY,,United Kingdom,False,,2,2,,,False,195.0, LONDON DRY,0.4,,False,[],G,,BOMBAY SAPPHIRE ,GB,,Dry Gin,Gin,False,False,0,59.99,,,,,bombay sapphire - london dry,,,,Spirits,[],True,,,1004,1017,1168,2698.5,92504.58,0.7000000000000001,85.69999999999999,0.9848484848484849
195,bcls,product,637058,0.35400322,BOMBAY SAPPHIRE - LONDON DRY,,,Gin,,[],,15.99,,,,,,,[],,,637058,,[],,2434,2024-03-11 19:10:01,,1,['00620213180902'],False,,0.375,[],BOMBAY SAPPHIRE - LONDON DRY,,United Kingdom,False,,2,2,,,False,196.0, LONDON DRY,0.4,,False,[],G,,BOMBAY SAPPHIRE ,GB,,Dry Gin,Gin,False,False,0,15.99,,,,,bombay sapphire - london dry,,,,Spirits,[],True,,,1004,1017,1168,912.75,38919.66,0.15000000000000002,106.59999999999998,0.98989898989899
196,bcls,product,91603,0.3639408,BOODLES - LONDON DRY,,,Gin,,[],,29.49,,,,,,,[],,,91603,,[],,1291,2024-03-11 19:10:01,,1,"['00811538013093', '00811538016001']",False,,0.75,[],BOODLES - LONDON DRY,,United Kingdom,False,,2,2,,,False,107.0, LONDON DRY,0.452,,False,[],SR,,BOODLES ,GB,,Dry Gin,Gin,False,False,0,29.49,,,,,boodles - london dry,,,,Spirits,[],True,,,1004,1017,1168,968.25,38071.59,0.339,86.99115044247786,0.5404040404040404
197,bcls,product,569061,0.35400322,BOOKER'S - BOURBON SMALL BATCH,,,Whisky,,[],,135.99,,,,,,,[],,,569061,,[],,556,2024-03-11 19:10:01,,1,['00080686011408'],False,,0.75,[],BOOKER'S - BOURBON SMALL BATCH,,USA,False,,2,2,,,False,106.0, BOURBON SMALL BATCH,0.633,,False,[],SR,,BOOKER'S ,US,,Bourbon Whiskey,Whisky / Whiskey,False,False,0,135.99,,,,,bookers - bourbon small batch,,,,Spirits,[],True,,,1004,1024,1284,417.0,75610.44,0.47475,286.4454976303318,0.5353535353535354
198,bcls,product,477131,0.35400322,BOOKER'S - LITTLE BOOK CHAPTER 6 TO THE FINISH,,,Whisky,,[],,195.99,,,,,,,[],,,477131,,[],,6,2024-03-11 19:10:01,,1,['00080686011330'],False,,0.75,[],BOOKER'S - LITTLE BOOK CHAPTER 6 TO THE FINISH,,USA,False,,3,3,,,False,2.0, LITTLE BOOK CHAPTER 6 TO THE FINISH,0.5870000000000001,,False,[],ST,,BOOKER'S ,US,,Bourbon Whiskey,Whisky / Whiskey,False,False,1,195.99,,,,,bookers - little book chapter 6 to the finish,,,,Spirits,[],False,,,1004,1024,1284,4.5,1175.94,0.44025000000000003,445.17887563884153,0.010101010101010102
199,bcls,product,92899,0.3639408,BOOKER'S LITTLE BOOK - CHAPTER 04,,,Whisky,,[],,185.99,,,,,,,['BCL Select'],,,92899,,[],,24,2024-03-11 19:10:01,,1,['00080686011293'],False,,0.75,[],BOOKER'S LITTLE BOOK - CHAPTER 04,,USA,False,,3,3,,,False,6.0, CHAPTER 04,0.613,,True,['BCL Select'],C,,BOOKER'S LITTLE BOOK ,US,,Bourbon Whiskey,Whisky / Whiskey,False,False,1,185.99,,,,,bookers little book - chapter 04,,,,Spirits,"[{'id': 'empty-placeholder', 'label': '&nbsp;', 'labelLengthWithoutTags': 1}, {'id': 'exclusive', 'label': 'ONLY@BCL', 'labelLengthWithoutTags': 8}]",True,,,1004,1024,1284,18.0,4463.76,0.45975,404.5459488852638,0.030303030303030304
200,bcls,product,427308,0.3639408,BOOKER'S LITTLE BOOK - CHAPTER 05,,,Whisky,,[],,180.99,,,,,,,['BCL Select'],,,427308,,[],,11,2024-03-11 19:10:01,,1,['00080686011323'],False,,0.75,[],BOOKER'S LITTLE BOOK - CHAPTER 05,,USA,False,,3,3,,,False,3.0, CHAPTER 05,0.584,,True,['BCL Select'],C,,BOOKER'S LITTLE BOOK ,US,,Bourbon Whiskey,Whisky / Whiskey,False,False,1,180.99,,,,,bookers little book - chapter 05,,,,Spirits,"[{'id': 'empty-placeholder', 'label': '&nbsp;', 'labelLengthWithoutTags': 1}, {'id': 'exclusive', 'label': 'ONLY@BCL', 'labelLengthWithoutTags': 8}]",True,,,1004,1024,1284,8.25,1990.89,0.43799999999999994,413.21917808219183,0.015151515151515152
201,bcls,product,272433,0.35400322,BOOKER'S LITTLE BOOK - CHAPTER 7,,,Whisky,,[],,195.99,,,,,,,[],,,272433,,[],,34,2024-03-11 19:10:01,,1,['00080686004370'],False,,0.75,[],BOOKER'S LITTLE BOOK - CHAPTER 7,,USA,False,,2,2,,,False,7.0, CHAPTER 7,0.591,,False,[],ST,,BOOKER'S LITTLE BOOK ,US,,Bourbon Whiskey,Whisky / Whiskey,False,False,0,195.99,,,,,bookers little book - chapter 7,,,,Spirits,[],True,,,1004,1024,1284,25.5,6663.66,0.44325,442.165820642978,0.03535353535353535
202,bcls,product,1594,0.35400322,BOOMSMA  - YOUNG GENEVER JONGE,,,Gin,,[],,30.99,,,,,,,[],,,1594,,[],,975,2024-03-11 19:10:01,,1,"['00791774100620', '08711114103267']",False,,0.75,[],BOOMSMA  - YOUNG GENEVER JONGE,,Netherlands,False,,2,2,,,False,88.0, YOUNG GENEVER JONGE,0.4,,False,[],SR,,BOOMSMA  ,NL,,Dry Gin,Gin,False,False,0,30.99,,,,,boomsma  - young genever jonge,,,,Spirits,[],True,,,1004,1017,1168,731.25,30215.25,0.30000000000000004,103.29999999999998,0.4444444444444444
203,bcls,product,460637,0.35400322,BOTTEGA - CAPPUCCINO,,,Liqueurs,,[],,31.99,,,,,,,[],,,460637,,[],,630,2024-03-11 19:10:01,,1,['08005829986643'],False,,0.5,[],BOTTEGA - CAPPUCCINO,,Italy,False,,2,2,,,False,56.0, CAPPUCCINO,0.15,,False,[],SH,,BOTTEGA ,IT,,Coffee And Cocoa Liqueurs,Liqueurs,False,False,0,31.99,,,,,bottega - cappuccino,,,,Spirits,[],True,,,1004,1019,1209,315.0,20153.7,0.075,426.5333333333333,0.2828282828282828
204,bcls,product,188535,0.35400322,BOTUCAL - RESERVA EXCLUSIVA,,,Rum,,[],,64.99,,,,,,,['BCL Select'],,,188535,,[],,53,2024-03-11 19:10:01,,1,['07594003626297'],False,,0.75,[],BOTUCAL - RESERVA EXCLUSIVA,,Venezuela,False,,2,2,,,False,15.0, RESERVA EXCLUSIVA,0.4,,True,['BCL Select'],C,,BOTUCAL ,VE,,Amber Rum,Rum,False,False,0,64.99,,,,,botucal - reserva exclusiva,,,,Spirits,"[{'id': 'empty-placeholder', 'label': '&nbsp;', 'labelLengthWithoutTags': 1}, {'id': 'exclusive', 'label': 'ONLY@BCL', 'labelLengthWithoutTags': 8}]",True,,,1004,1021,1252,39.75,3444.47,0.30000000000000004,216.6333333333333,0.07575757575757576
205,bcls,product,408281,0.3639408,BOULDER - AMERICAN SINGLE MALT  THE TRAILHEAD,,,Whisky,,[],,175.99,,,,,,,['BCL Select'],,,408281,,[],,200,2024-03-11 19:10:01,,1,['00745110229834'],False,,0.75,[],BOULDER - AMERICAN SINGLE MALT  THE TRAILHEAD,,USA,False,,3,3,,,False,18.0, AMERICAN SINGLE MALT  THE TRAILHEAD,0.52,,True,['BCL Select'],C,,BOULDER ,US,,American Whiskey,Whisky / Whiskey,False,False,1,175.99,,,,,boulder - american single malt  the trailhead,,,,Spirits,"[{'id': 'empty-placeholder', 'label': '&nbsp;', 'labelLengthWithoutTags': 1}, {'id': 'exclusive', 'label': 'ONLY@BCL', 'labelLengthWithoutTags': 8}]",True,,,1004,1024,1282,150.0,35198.0,0.39,451.2564102564103,0.09090909090909091
206,bcls,product,460472,0.3639408,BOWLING AND BURCH - GIN,,,Gin,,[],,89.99,,,,,,,[],,,460472,,[],,229,2024-03-11 19:10:01,,1,['00088352134369'],False,,0.75,[],BOWLING AND BURCH - GIN,,USA,False,,3,3,,,False,25.0, GIN,0.48,,False,[],ST,,BOWLING AND BURCH ,US,,Dry Gin,Gin,False,False,0,89.99,,,,,bowling and burch - gin,,,,Spirits,[],True,,,1004,1017,1168,171.75,20607.71,0.36,249.97222222222223,0.12626262626262627
207,bcls,product,330803,0.35400322,BOWMORE - 12 YEAR OLD,,,Whisky,,[],True,69.99,,,2024-03-03T00:00:00.000-08:00,,,2024-03-03T00:00:00.000-08:00,['On Sale'],2024-03-31T00:00:00.000-07:00,,330803,True,[],,2364,2024-03-11 19:10:01,Islay,1,"['05010496080726', '05010496080719', '05010496001615']",False,,0.75,[],BOWMORE - 12 YEAR OLD,,United Kingdom,False,Scotland,2,2,,,False,187.0, 12 YEAR OLD,0.4,,False,['On Sale'],SR,,BOWMORE ,GB,,Single Malt Scotch Whisky,Whisky / Whiskey,False,False,0,64.99,,,,,bowmore - 12 year old,,2024-03-31T00:00:00.000-07:00,,Spirits,[],True,,,1004,1024,1289,1773.0,165456.36,0.30000000000000004,233.29999999999995,0.9444444444444444
208,bcls,product,503649,0.3639408,BOWMORE - 15 YEAR OLD,,,Whisky,,[],True,124.99,,,2024-03-03T00:00:00.000-08:00,,,2024-03-03T00:00:00.000-08:00,['On Sale'],2024-03-31T00:00:00.000-07:00,,503649,True,[],,981,2024-03-11 19:10:01,Islay,1,['05010496020722'],False,,0.75,[],BOWMORE - 15 YEAR OLD,,United Kingdom,False,Scotland,2,2,,,False,118.0, 15 YEAR OLD,0.43,,False,['On Sale'],SR,,BOWMORE ,GB,,Single Malt Scotch Whisky,Whisky / Whiskey,False,False,0,117.99,,,,,bowmore - 15 year old,,2024-03-31T00:00:00.000-07:00,,Spirits,[],True,,,1004,1024,1289,735.75,122615.18999999999,0.3225,387.5658914728682,0.5959595959595959
209,bcls,product,785832,0.35400322,BOWMORE - 18 YEAR OLD,,,Whisky,,[],,189.99,,,,,,,[],,,785832,,[],,723,2024-03-11 19:10:01,Islay,1,"['05010496001417', '00850483000550']",False,,0.75,[],BOWMORE - 18 YEAR OLD,,United Kingdom,False,Scotland,2,2,,,False,80.0, 18 YEAR OLD,0.43,,False,[],SR,,BOWMORE ,GB,,Single Malt Scotch Whisky,Whisky / Whiskey,False,False,0,189.99,,,,,bowmore - 18 year old,,,,Spirits,[],True,,,1004,1024,1289,542.25,137362.77000000002,0.3225,589.1162790697674,0.40404040404040403
210,bcls,product,306642,0.35400322,BOWMORE - 20 YEAR OLD 2001 SINGLE CASK 102 LMDW ARTIST #12,,,Whisky,,[],,1999.99,,,,,,,['BCL Select'],,,306642,,[],,4,2024-03-11 19:10:01,Islay,1,['03700597358788'],False,,0.7,[],BOWMORE - 20 YEAR OLD 2001 SINGLE CASK 102 LMDW ARTIST #12,,United Kingdom,False,Scotland,3,3,,,False,2.0, 20 YEAR OLD 2001 SINGLE CASK 102 LMDW ARTIST #12,0.5479999999999999,,True,['BCL Select'],C,,BOWMORE ,GB,,Single Malt Scotch Whisky,Whisky / Whiskey,False,False,0,1999.99,,,,,bowmore - 20 year old 2001 single cask 102 lmdw artist #12,,,,Spirits,"[{'id': 'empty-placeholder', 'label': '&nbsp;', 'labelLengthWithoutTags': 1}, {'id': 'exclusive', 'label': 'ONLY@BCL', 'labelLengthWithoutTags': 8}]",True,,,1004,1024,1289,2.8,7999.96,0.38359999999999994,5213.738269030241,0.010101010101010102
211,bcls,product,59940,0.3639408,BOWMORE - 27 YEAR OLD TIMELESS SERIES,,,Whisky,,[],,2180.0,,,,,,,['BCL Select'],,,59940,,[],,7,2024-03-11 19:10:01,Islay,1,['00859141004473'],False,,0.75,[],BOWMORE - 27 YEAR OLD TIMELESS SERIES,,United Kingdom,False,Scotland,3,3,,,False,4.0, 27 YEAR OLD TIMELESS SERIES,0.527,,True,['BCL Select'],C,,BOWMORE ,GB,,Single Malt Scotch Whisky,Whisky / Whiskey,False,False,0,2180.0,,,,,bowmore - 27 year old timeless series,,,,Spirits,"[{'id': 'empty-placeholder', 'label': '&nbsp;', 'labelLengthWithoutTags': 1}, {'id': 'exclusive', 'label': 'ONLY@BCL', 'labelLengthWithoutTags': 8}]",True,,,1004,1024,1289,5.25,15260.0,0.39525,5515.496521189121,0.020202020202020204
212,bcls,product,418056,0.35400322,BOWMORE - 30 YEAR OLD 2022,,,Whisky,,[],,3000.0,,,,,,,[],,,418056,,[],,4,2024-03-11 19:10:01,Islay,1,['05010496006832'],False,,0.7,[],BOWMORE - 30 YEAR OLD 2022,,United Kingdom,False,Scotland,3,3,,,False,3.0, 30 YEAR OLD 2022,0.45299999999999996,,False,[],SM,,BOWMORE ,GB,,Single Malt Scotch Whisky,Whisky / Whiskey,False,False,0,3000.0,,,,,bowmore - 30 year old 2022,,,,Spirits,[],True,,,1004,1024,1289,2.8,12000.0,0.31709999999999994,9460.737937559132,0.015151515151515152
213,bcls,product,427482,0.35400322,BOWMORE - 30 YO VAULT SERIES RELEASE,,,Whisky,,[],,3000.0,,,,,,,[],,,427482,,[],,10,2024-03-11 19:10:01,Islay,1,['05010496006337'],False,,0.7,[],BOWMORE - 30 YO VAULT SERIES RELEASE,,United Kingdom,False,Scotland,3,3,,,False,5.0, 30 YO VAULT SERIES RELEASE,0.451,,False,[],ST,,BOWMORE ,GB,,Single Malt Scotch Whisky,Whisky / Whiskey,False,False,0,3000.0,,,,,bowmore - 30 yo vault series release,,,,Spirits,[],True,,,1004,1024,1289,7.0,30000.0,0.3157,9502.692429521698,0.025252525252525252
214,bcls,product,339981,0.3639408,BOWMORE - 40 YEAR OLD,,,Whisky,,[],,13100.0,,,,,,,['BCL Select'],,,339981,,[],,3,2024-03-11 19:10:01,Islay,1,['05010496000120'],False,,0.7,[],BOWMORE - 40 YEAR OLD,,United Kingdom,False,Scotland,3,3,,,False,1.0, 40 YEAR OLD,0.451,,True,['BCL Select'],C,,BOWMORE ,GB,,Single Malt Scotch Whisky,Whisky / Whiskey,False,False,0,13100.0,,,,,bowmore - 40 year old,,,,Spirits,"[{'id': 'empty-placeholder', 'label': '&nbsp;', 'labelLengthWithoutTags': 1}, {'id': 'exclusive', 'label': 'ONLY@BCL', 'labelLengthWithoutTags': 8}]",True,,,1004,1024,1289,2.0999999999999996,39300.0,0.3157,41495.090275578084,0.005050505050505051
215,bcls,product,357140,0.3639408,BOWMORE - ASTON MARTIN MASTERS SELECTION 22 YEAR OLD ED. 3,,,Whisky,,[],,950.0,,,,,,,[],,,357140,,[],,45,2024-03-11 19:10:01,Islay,1,['05010496000212'],False,,0.7,[],BOWMORE - ASTON MARTIN MASTERS SELECTION 22 YEAR OLD ED. 3,,United Kingdom,False,Scotland,2,2,,,False,4.0, ASTON MARTIN MASTERS SELECTION 22 YEAR OLD ED. 3,0.51,,False,[],ST,,BOWMORE ,GB,,Single Malt Scotch Whisky,Whisky / Whiskey,False,False,0,950.0,,,,,bowmore - aston martin masters selection 22 year old ed. 3,,,,Spirits,[],True,,,1004,1024,1289,31.499999999999996,42750.0,0.357,2661.0644257703084,0.020202020202020204
216,bcls,product,410988,0.35400322,BOWMORE - ASTON MARTIN MASTERS SELECTION ED. 2,,,Whisky,,[],,709.99,,,,,,,['BCL Select'],,,410988,,[],,98,2024-03-11 19:10:01,Islay,1,['05010496006788'],False,,0.7,[],BOWMORE - ASTON MARTIN MASTERS SELECTION ED. 2,,United Kingdom,False,Scotland,3,3,,,False,4.0, ASTON MARTIN MASTERS SELECTION ED. 2,0.515,,True,['BCL Select'],C,,BOWMORE ,GB,,Single Malt Scotch Whisky,Whisky / Whiskey,False,False,0,709.99,,,,,bowmore - aston martin masters selection ed. 2,,,,Spirits,"[{'id': 'empty-placeholder', 'label': '&nbsp;', 'labelLengthWithoutTags': 1}, {'id': 'exclusive', 'label': 'ONLY@BCL', 'labelLengthWithoutTags': 8}]",True,,,1004,1024,1289,68.6,69579.02,0.3605,1969.4590846047158,0.020202020202020204
217,bcls,product,517441,0.35400322,BOWMORE - NO. 1 MALT,,,Whisky,,[],,61.99,,,,,,,[],,,517441,,[],,165,2024-03-11 19:10:01,Islay,1,"['05010496003985', '05010496004500']",False,,0.75,[],BOWMORE - NO. 1 MALT,,United Kingdom,False,Scotland,3,3,,,False,35.0, NO. 1 MALT,0.4,,False,[],SR,,BOWMORE ,GB,,Single Malt Scotch Whisky,Whisky / Whiskey,False,False,1,61.99,,,,,bowmore - no. 1 malt,,,,Spirits,[],True,,,1004,1024,1289,123.75,10228.35,0.30000000000000004,206.6333333333333,0.17676767676767677
218,bcls,product,485792,0.35400322,BOWMORE - PRESTIGE 1969,,,Whisky,,[],,49500.0,,,,,,,['BCL Select'],,,485792,,[],,1,2024-03-11 19:10:01,Islay,1,"['00859141004527', '05010496006375']",False,,0.75,[],BOWMORE - PRESTIGE 1969,,United Kingdom,False,Scotland,3,3,,,False,1.0, PRESTIGE 1969,0.469,,True,['BCL Select'],C,,BOWMORE ,GB,,Single Malt Scotch Whisky,Whisky / Whiskey,False,False,0,49500.0,,,,,bowmore - prestige 1969,,,,Spirits,"[{'id': 'empty-placeholder', 'label': '&nbsp;', 'labelLengthWithoutTags': 1}, {'id': 'exclusive', 'label': 'ONLY@BCL', 'labelLengthWithoutTags': 8}]",True,,,1004,1024,1289,0.75,49500.0,0.35175,140724.94669509595,0.005050505050505051
219,bcls,product,356926,0.3639408,BOWMORE - TIMELESS 29 YEAR OLD,,,Whisky,,[],,3700.0,,,,,,,[],,,356926,,[],,20,2024-03-11 19:10:01,Islay,1,['05010496000175'],False,,0.7,[],BOWMORE - TIMELESS 29 YEAR OLD,,United Kingdom,False,Scotland,3,3,,,False,4.0, TIMELESS 29 YEAR OLD,0.537,,False,[],ST,,BOWMORE ,GB,,Single Malt Scotch Whisky,Whisky / Whiskey,False,False,0,3700.0,,,,,bowmore - timeless 29 year old,,,,Spirits,[],True,,,1004,1024,1289,14.0,74000.0,0.3759,9843.043362596434,0.020202020202020204
220,bcls,product,101967,0.35400322,BOWMORE - VAULT 1ST EDITION,,,Whisky,,[],,175.99,,,,,,,['BCL Select'],,,101967,,[],,119,2024-03-11 19:10:01,Islay,1,['05010496004418'],False,,0.7,[],BOWMORE - VAULT 1ST EDITION,,United Kingdom,False,Scotland,2,2,,,False,13.0, VAULT 1ST EDITION,0.515,,True,['BCL Select'],C,,BOWMORE ,GB,,Single Malt Scotch Whisky,Whisky / Whiskey,False,False,0,175.99,,,,,bowmore - vault 1st edition,,,,Spirits,"[{'id': 'empty-placeholder', 'label': '&nbsp;', 'labelLengthWithoutTags': 1}, {'id': 'exclusive', 'label': 'ONLY@BCL', 'labelLengthWithoutTags': 8}]",True,,,1004,1024,1289,83.3,20942.81,0.3605,488.1830790568655,0.06565656565656566
221,bcls,product,173540,0.35400322,BOWMORE - VAULT 2ND EDITION,,,Whisky,,[],,180.99,,,,,,,[],,,173540,,[],,40,2024-03-11 19:10:01,Islay,1,['05010496004739'],False,,0.7,[],BOWMORE - VAULT 2ND EDITION,,United Kingdom,False,Scotland,3,3,,,False,11.0, VAULT 2ND EDITION,0.501,,False,[],ST,,BOWMORE ,GB,,Single Malt Scotch Whisky,Whisky / Whiskey,False,False,1,180.99,,,,,bowmore - vault 2nd edition,,,,Spirits,[],True,,,1004,1024,1289,28.0,7239.6,0.35069999999999996,516.0821214713432,0.05555555555555555
222,bcls,product,250966,0.35400322,BRIJE - MEZCAL ESPADIN,,,Tequila,,[],,108.99,,,,,,,[],,,250966,,[],,238,2024-03-11 19:10:01,,1,['07500463512391'],False,,0.75,[],BRIJE - MEZCAL ESPADIN,,Mexico,False,,2,2,,,False,35.0, MEZCAL ESPADIN,0.43,,False,[],SR,,BRIJE ,MX,,Mezcal,Tequila,False,False,0,108.99,,,,,brije - mezcal espadin,,,,Spirits,[],True,,,1004,1022,1273,178.5,25939.62,0.3225,337.953488372093,0.17676767676767677
223,bcls,product,84491,0.35400322,BROCKMANS - PREMIUM GIN,,,Gin,,[],,53.99,,,,,,,[],,,84491,,[],,568,2024-03-11 19:10:01,,1,['05010296169164'],False,,0.75,[],BROCKMANS - PREMIUM GIN,,United Kingdom,False,,2,2,,,False,62.0, PREMIUM GIN,0.4,,False,[],SR,,BROCKMANS ,GB,,Dry Gin,Gin,False,False,0,53.99,,,,,brockmans - premium gin,,,,Spirits,[],True,,,1004,1017,1168,426.0,30666.32,0.30000000000000004,179.96666666666664,0.31313131313131315
224,bcls,product,359125,0.3639408,BROKER'S - LONDON DRY PREMIUM,,,Gin,,[],True,29.99,,,2024-03-03T00:00:00.000-08:00,,,2024-03-03T00:00:00.000-08:00,"['BCL Select', 'On Sale']",2024-03-31T00:00:00.000-07:00,,359125,True,[],,1818,2024-03-11 19:10:01,,1,['00803433000063'],False,,0.75,[],BROKER'S - LONDON DRY PREMIUM,,United Kingdom,False,,2,2,,,False,139.0, LONDON DRY PREMIUM,0.4,,True,"['BCL Select', 'On Sale']",C,,BROKER'S ,GB,,Dry Gin,Gin,False,False,0,27.99,,,,,brokers - london dry premium,,2024-03-31T00:00:00.000-07:00,,Spirits,"[{'id': 'empty-placeholder', 'label': '&nbsp;', 'labelLengthWithoutTags': 1}, {'id': 'exclusive', 'label': 'ONLY@BCL', 'labelLengthWithoutTags': 8}]",True,,,1004,1017,1168,1363.5,54521.82,0.30000000000000004,99.96666666666664,0.702020202020202
225,bcls,product,279500,0.3639408,BROTHER'S BOND - STRAIGHT BOURBON WHISKEY,,,Whisky,,[],,69.99,,,,,,,[],,,279500,,[],,710,2024-03-11 19:10:01,,1,"['00860008679314', '00816136027091']",False,,0.75,[],BROTHER'S BOND - STRAIGHT BOURBON WHISKEY,,USA,False,,2,2,,,False,78.0, STRAIGHT BOURBON WHISKEY,0.4,,False,[],SR,,BROTHER'S BOND ,US,,Bourbon Whiskey,Whisky / Whiskey,False,False,0,69.99,,,,,brothers bond - straight bourbon whiskey,,,,Spirits,[],True,,,1004,1024,1284,532.5,49692.899999999994,0.30000000000000004,233.29999999999995,0.3939393939393939
226,bcls,product,468736,0.3639408,BRUGAL - ANEJO SUPERIOR,,,Rum,,[],True,29.99,,,2024-03-03T00:00:00.000-08:00,,,2024-03-03T00:00:00.000-08:00,['On Sale'],2024-03-31T00:00:00.000-07:00,,468736,True,[],,1517,2024-03-11 19:10:01,,1,"['07460855201138', '07460855202197', '00842047002193']",False,,0.75,[],BRUGAL - ANEJO SUPERIOR,,Dominican Republic,False,,2,2,,,False,133.0, ANEJO SUPERIOR,0.4,,False,['On Sale'],SR,,BRUGAL ,DO,,Amber Rum,Rum,False,False,0,26.99,,,,,brugal - anejo superior,,2024-03-31T00:00:00.000-07:00,,Spirits,[],True,,,1004,1021,1252,1137.75,45494.829999999994,0.30000000000000004,99.96666666666664,0.6717171717171717
227,bcls,product,242996,0.35400322,BRUICHLADDICH - BLACK ART 11,,,Whisky,,[],,785.0,,,,,,,[],,,242996,,[],,92,2024-03-11 19:10:01,Islay,1,['05055807417778'],False,,0.7,[],BRUICHLADDICH - BLACK ART 11,,United Kingdom,False,Scotland,3,3,,,False,12.0, BLACK ART 11,0.442,,False,[],ST,,BRUICHLADDICH ,GB,,Single Malt Scotch Whisky,Whisky / Whiskey,False,False,0,785.0,,,,,bruichladdich - black art 11,,,,Spirits,[],True,,,1004,1024,1289,64.39999999999999,72220.0,0.3094,2537.1687136393016,0.06060606060606061
228,bcls,product,340205,0.3639408,BRUICHLADDICH - OCTOMORE 14.1,,,Whisky,,[],,254.99,,,,,,,[],,,340205,,[],,96,2024-03-11 19:10:01,Islay,1,['05055807416481'],False,,0.75,[],BRUICHLADDICH - OCTOMORE 14.1,,France,False,Scotland,3,3,,,False,20.0, OCTOMORE 14.1,0.596,,False,[],SM,,BRUICHLADDICH ,FR,,Single Malt Scotch Whisky,Whisky / Whiskey,False,False,0,254.99,,,,,bruichladdich - octomore 14.1,,,,Spirits,[],True,,,1004,1024,1289,72.0,24479.04,0.44699999999999995,570.447427293065,0.10101010101010101
229,bcls,product,340202,0.3639408,BRUICHLADDICH - OCTOMORE 14.2,,,Whisky,,[],,284.99,,,,,,,['BCL Select'],,,340202,,[],,84,2024-03-11 19:10:01,Islay,1,['05055807416566'],False,,0.75,[],BRUICHLADDICH - OCTOMORE 14.2,,France,False,Scotland,3,3,,,False,18.0, OCTOMORE 14.2,0.5770000000000001,,True,['BCL Select'],C,,BRUICHLADDICH ,FR,,Single Malt Scotch Whisky,Whisky / Whiskey,False,False,0,284.99,,,,,bruichladdich - octomore 14.2,,,,Spirits,"[{'id': 'empty-placeholder', 'label': '&nbsp;', 'labelLengthWithoutTags': 1}, {'id': 'exclusive', 'label': 'ONLY@BCL', 'labelLengthWithoutTags': 8}]",True,,,1004,1024,1289,63.0,23939.16,0.4327500000000001,658.5557481224724,0.09090909090909091
230,bcls,product,340199,0.35400322,BRUICHLADDICH - OCTOMORE 14.3,,,Whisky,,[],,349.99,,,,,,,[],,,340199,,[],,60,2024-03-11 19:10:01,Islay,1,['05055807416641'],False,,0.75,[],BRUICHLADDICH - OCTOMORE 14.3,,France,False,Scotland,3,3,,,False,10.0, OCTOMORE 14.3,0.614,,False,[],SM,,BRUICHLADDICH ,FR,,Single Malt Scotch Whisky,Whisky / Whiskey,False,False,0,349.99,,,,,bruichladdich - octomore 14.3,,,,Spirits,[],True,,,1004,1024,1289,45.0,20999.4,0.4605,760.0217155266015,0.050505050505050504
231,bcls,product,2838,0.3639408,BRUICHLADDICH - PORT CHARLOTTE 10 YEAR,,,Whisky,,[],,109.99,,,,,,,[],,,2838,,[],,388,2024-03-11 19:10:01,Islay,1,"['05055807406789', '05055807409964']",False,,0.75,[],BRUICHLADDICH - PORT CHARLOTTE 10 YEAR,,United Kingdom,False,Scotland,2,2,,,False,57.0, PORT CHARLOTTE 10 YEAR,0.5,,False,[],SH,,BRUICHLADDICH ,GB,,Single Malt Scotch Whisky,Whisky / Whiskey,False,False,0,109.99,,,,,bruichladdich - port charlotte 10 year,,,,Spirits,[],True,,,1004,1024,1289,291.0,42676.119999999995,0.375,293.3066666666667,0.2878787878787879
232,bcls,product,350716,0.35400322,BRUICHLADDICH - PORT CHARLOTTE ISLAY BARLEY 2013,,,Whisky,,[],,126.99,,,,,,,['BCL Select'],,,350716,,[],,33,2024-03-11 19:10:01,Islay,1,['05055807415040'],False,,0.7,[],BRUICHLADDICH - PORT CHARLOTTE ISLAY BARLEY 2013,,United Kingdom,False,Scotland,3,3,,,False,7.0, PORT CHARLOTTE ISLAY BARLEY 2013,0.5,,True,['BCL Select'],C,,BRUICHLADDICH ,GB,,Single Malt Scotch Whisky,Whisky / Whiskey,False,False,1,126.99,,,,,bruichladdich - port charlotte islay barley 2013,,,,Spirits,"[{'id': 'empty-placeholder', 'label': '&nbsp;', 'labelLengthWithoutTags': 1}, {'id': 'exclusive', 'label': 'ONLY@BCL', 'labelLengthWithoutTags': 8}]",True,,,1004,1024,1289,23.099999999999998,4190.67,0.35,362.8285714285714,0.03535353535353535
233,bcls,product,368456,0.3639408,BRUICHLADDICH - SCOTTISH BARLEY THE LADDIE CLASSIC,,,Whisky,,[],,85.99,,,,,,,[],,,368456,,[],,672,2024-03-11 19:10:01,Islay,1,"['05055807416962', '05055807400091', '00087236700386']",False,,0.75,[],BRUICHLADDICH - SCOTTISH BARLEY THE LADDIE CLASSIC,,United Kingdom,False,Scotland,2,2,,,False,99.0, SCOTTISH BARLEY THE LADDIE CLASSIC,0.5,,False,[],SR,,BRUICHLADDICH ,GB,,Single Malt Scotch Whisky,Whisky / Whiskey,False,False,0,85.99,,,,,bruichladdich - scottish barley the laddie classic,,,,Spirits,[],True,,,1004,1024,1289,504.0,57785.28,0.375,229.30666666666664,0.5
234,bcls,product,368597,0.3639408,BRUICHLADDICH - THE BOTANIST ISLAY DRY,,,Gin,,[],,54.99,,,,,,,[],,,368597,,[],,1023,2024-03-11 19:10:01,,1,"['00618105002906', '05055807400572']",False,,0.75,[],BRUICHLADDICH - THE BOTANIST ISLAY DRY,,United Kingdom,False,,2,2,,,False,143.0, THE BOTANIST ISLAY DRY,0.46,,False,[],SR,,BRUICHLADDICH ,GB,,Dry Gin,Gin,False,False,0,54.99,,,,,bruichladdich - the botanist islay dry,,,,Spirits,[],True,,,1004,1017,1168,767.25,56254.770000000004,0.34500000000000003,159.3913043478261,0.7222222222222222
235,bcls,product,407656,0.35400322,BRUICHLADDICH OCTOMORE 13.1,,,Whisky,,[],,255.99,,,,,,,[],,,407656,,[],,13,2024-03-11 19:10:01,Islay,1,['05055807415804'],False,,0.75,[],BRUICHLADDICH OCTOMORE 13.1,,United Kingdom,False,Scotland,3,3,,,False,5.0,BRUICHLADDICH OCTOMORE 13.1,0.5920000000000001,,False,[],SM,,,GB,,Single Malt Scotch Whisky,Whisky / Whiskey,False,False,1,255.99,,,,,bruichladdich octomore 13.1,,,,Spirits,[],True,,,1004,1024,1289,9.75,3327.87,0.44400000000000006,576.554054054054,0.025252525252525252
236,bcls,product,605063,0.3639408,BUFFALO TRACE KENTUCKY BOURBON,,,Whisky,,[],,44.99,,,,,,,[],,,605063,,[],,746,2024-03-11 19:10:01,,1,"['00080244009236', '00220244009236']",False,,0.75,[],BUFFALO TRACE KENTUCKY BOURBON,,USA,False,,2,2,,,False,101.0,BUFFALO TRACE KENTUCKY BOURBON,0.45,,False,[],SR,,,US,,Bourbon Whiskey,Whisky / Whiskey,False,False,0,44.99,,,,,buffalo trace kentucky bourbon,,,,Spirits,[],True,,,1004,1024,1284,559.5,33562.54,0.3375,133.3037037037037,0.51010101010101
237,bcls,product,471888,0.3639408,BULLEIT - 10 YEAR OLD FRONTIER KENTUCKY STRAIGHT BOURBON,,,Whisky,,[],,58.99,,,,,,,[],,,471888,,[],,660,2024-03-11 19:10:01,,1,"['00082000760832', '00082000779315']",False,,0.75,[],BULLEIT - 10 YEAR OLD FRONTIER KENTUCKY STRAIGHT BOURBON,,USA,False,,2,2,,,False,59.0, 10 YEAR OLD FRONTIER KENTUCKY STRAIGHT BOURBON,0.456,,False,[],SR,,BULLEIT ,US,,Bourbon Whiskey,Whisky / Whiskey,False,False,0,58.99,,,,,bulleit - 10 year old frontier kentucky straight bourbon,,,,Spirits,[],True,,,1004,1024,1284,495.0,38933.4,0.342,172.48538011695905,0.29797979797979796
238,bcls,product,243753,0.35400322,BULLEIT - BOURBON,,,Whisky,,[],True,88.99,,,2024-03-03T00:00:00.000-08:00,,,2024-03-03T00:00:00.000-08:00,"['BCL Select', 'On Sale']",2024-03-31T00:00:00.000-07:00,,243753,True,[],,1018,2024-03-11 19:10:01,,1,['00087000004047'],False,,1.75,[],BULLEIT - BOURBON,,USA,False,,2,2,,,False,121.0, BOURBON,0.45,,True,"['BCL Select', 'On Sale']",C,,BULLEIT ,US,,Bourbon Whiskey,Whisky / Whiskey,False,False,0,80.99,,,,,bulleit - bourbon,,2024-03-31T00:00:00.000-07:00,,Spirits,"[{'id': 'empty-placeholder', 'label': '&nbsp;', 'labelLengthWithoutTags': 1}, {'id': 'exclusive', 'label': 'ONLY@BCL', 'labelLengthWithoutTags': 8}]",True,,,1004,1024,1284,1781.5,90591.81999999999,0.7875,113.0031746031746,0.6111111111111112
239,bcls,product,774273,0.35400322,BULLEIT - FRONTIER BOURBON,,,Whisky,,[],,44.99,,,,,,,[],,,774273,,[],,3564,2024-03-11 19:10:01,,1,"['00082000744535', '00087000005525']",False,,0.75,[],BULLEIT - FRONTIER BOURBON,,USA,False,,2,2,,,False,192.0, FRONTIER BOURBON,0.45,,False,[],G,,BULLEIT ,US,,Bourbon Whiskey,Whisky / Whiskey,False,False,0,44.99,,,,,bulleit - frontier bourbon,,,,Spirits,[],True,,,1004,1024,1284,2673.0,160344.36000000002,0.3375,133.3037037037037,0.9696969696969697
240,bcls,product,690255,0.3639408,BULLEIT - FRONTIER BOURBON,,,Whisky,,[],,23.99,,,,,,,[],,,690255,,[],,1531,2024-03-11 19:10:01,,1,"['00087000004122', '00082000777861']",False,,0.375,[],BULLEIT - FRONTIER BOURBON,,USA,False,,2,2,,,False,115.0, FRONTIER BOURBON,0.45,,False,[],SR,,BULLEIT ,US,,Bourbon Whiskey,Whisky / Whiskey,False,False,0,23.99,,,,,bulleit - frontier bourbon,,,,Spirits,[],True,,,1004,1024,1284,574.125,36728.689999999995,0.16875,142.16296296296295,0.5808080808080808
241,bcls,product,281451,0.35400322,BUMBU - CRAFT RUM,,,Rum,,[],,56.99,,,,,,,[],,,281451,,[],,1895,2024-03-11 19:10:01,,1,['00813497006109'],False,,0.75,[],BUMBU - CRAFT RUM,,Barbados,False,,2,2,,,False,198.0, CRAFT RUM,0.35,,False,[],G,,BUMBU ,BB,,Amber Rum,Rum,False,False,0,56.99,,,,,bumbu - craft rum,,,,Spirits,[],True,,,1004,1021,1252,1421.25,107996.05,0.26249999999999996,217.10476190476194,1.0
242,bcls,product,530871,0.3639408,BUMBU - CRAFT RUM,,,Rum,,[],,31.49,,,,,,,[],,,530871,,[],,849,2024-03-11 19:10:01,,1,['00813497006130'],False,,0.375,[],BUMBU - CRAFT RUM,,Barbados,False,,2,2,,,False,99.0, CRAFT RUM,0.35,,False,[],SR,,BUMBU ,BB,,Amber Rum,Rum,False,False,0,31.49,,,,,bumbu - craft rum,,,,Spirits,[],True,,,1004,1021,1252,318.375,26735.01,0.13124999999999998,239.92380952380955,0.5
243,bcls,product,446135,0.35400322,BUMBU - CREME,,,Liqueurs,,[],,52.99,,,,,,,[],,,446135,,[],,839,2024-03-11 19:10:01,,1,['00813497006178'],False,,0.75,[],BUMBU - CREME,,Barbados,False,,2,2,,,False,114.0, CREME,0.15,,False,[],SR,,BUMBU ,BB,,Cream/Dairy Liqueurs,Liqueurs,False,False,0,52.99,,,,,bumbu - creme,,,,Spirits,[],True,,,1004,1019,1210,629.25,44458.61,0.11249999999999999,471.0222222222223,0.5757575757575758
244,bcls,product,185921,0.35400322,BUMBU - X0 RUM,,,Rum,,[],,64.99,,,,,,,[],,,185921,,[],,954,2024-03-11 19:10:01,,1,['00813497006147'],False,,0.75,[],BUMBU - X0 RUM,,Panama,False,,2,2,,,False,141.0, X0 RUM,0.4,,False,[],SR,,BUMBU ,PA,,Dark Rum,Rum,False,False,0,64.99,,,,,bumbu - x0 rum,,,,Spirits,[],True,,,1004,1021,1253,715.5,62000.45999999999,0.30000000000000004,216.6333333333333,0.7121212121212122
245,bcls,product,791004,0.35400322,BUNNAHABHAIN - 12 YEAR OLD,,,Whisky,,[],,104.99,,,,,,,[],,,791004,,[],,154,2024-03-11 19:10:01,Islay,1,['05029704217465'],False,,0.75,[],BUNNAHABHAIN - 12 YEAR OLD,,United Kingdom,False,Scotland,2,2,,,False,19.0, 12 YEAR OLD,0.46299999999999997,,False,[],SR,,BUNNAHABHAIN ,GB,,Single Malt Scotch Whisky,Whisky / Whiskey,False,False,0,104.99,,,,,bunnahabhain - 12 year old,,,,Spirits,[],True,,,1004,1024,1289,115.5,16168.46,0.34724999999999995,302.3470122390209,0.09595959595959595
246,bcls,product,306636,0.35400322,BUNNAHABHAIN - 40 YEAR OLD 1977 CASK 7602 LMDW ARTIST #12,,,Whisky,,[],,5000.0,,,,,,,['BCL Select'],,,306636,,[],,6,2024-03-11 19:10:01,Islay,1,['03700597359839'],False,,0.7,[],BUNNAHABHAIN - 40 YEAR OLD 1977 CASK 7602 LMDW ARTIST #12,,United Kingdom,False,Scotland,3,3,,,False,3.0, 40 YEAR OLD 1977 CASK 7602 LMDW ARTIST #12,0.47200000000000003,,True,['BCL Select'],C,,BUNNAHABHAIN ,GB,,Single Malt Scotch Whisky,Whisky / Whiskey,False,False,0,5000.0,,,,,bunnahabhain - 40 year old 1977 cask 7602 lmdw artist #12,,,,Spirits,"[{'id': 'empty-placeholder', 'label': '&nbsp;', 'labelLengthWithoutTags': 1}, {'id': 'exclusive', 'label': 'ONLY@BCL', 'labelLengthWithoutTags': 8}]",True,,,1004,1024,1289,4.199999999999999,30000.0,0.3304,15133.171912832928,0.015151515151515152
247,bcls,product,291735,0.35400322,BUNNAHABHAIN - CANASTA CASK,,,Whisky,,[],,199.99,,,,,,,['BCL Select'],,,291735,,[],,97,2024-03-11 19:10:01,Islay,1,['05029704220953'],False,,0.7,[],BUNNAHABHAIN - CANASTA CASK,,United Kingdom,False,Scotland,3,3,,,False,29.0, CANASTA CASK,0.512,,True,['BCL Select'],C,,BUNNAHABHAIN ,GB,,Single Malt Scotch Whisky,Whisky / Whiskey,False,False,0,199.99,,,,,bunnahabhain - canasta cask,,,,Spirits,"[{'id': 'empty-placeholder', 'label': '&nbsp;', 'labelLengthWithoutTags': 1}, {'id': 'exclusive', 'label': 'ONLY@BCL', 'labelLengthWithoutTags': 8}]",True,,,1004,1024,1289,67.89999999999999,19399.030000000002,0.3584,558.0078125,0.14646464646464646
248,bcls,product,135140,0.3639408,BUNNAHABHAIN - STIUIREADAIR,,,Whisky,,[],,85.99,,,,,,,[],,,135140,,[],,17,2024-03-11 19:10:01,Islay,1,['05029704219001'],False,,0.75,[],BUNNAHABHAIN - STIUIREADAIR,,United Kingdom,False,Scotland,3,3,,,False,4.0, STIUIREADAIR,0.46299999999999997,,False,[],ST,,BUNNAHABHAIN ,GB,,Single Malt Scotch Whisky,Whisky / Whiskey,False,False,0,85.99,,,,,bunnahabhain - stiuireadair,,,,Spirits,[],True,,,1004,1024,1289,12.75,1461.83,0.34724999999999995,247.6313894888409,0.020202020202020204
249,bcls,product,86210,0.3639408,BUNNAHABHAIN - TOITEACH A DHA,,,Whisky,,[],,109.99,,,,,,,[],,,86210,,[],,7,2024-03-11 19:10:01,Islay,1,['05029704219070'],False,,0.75,[],BUNNAHABHAIN - TOITEACH A DHA,,United Kingdom,False,Scotland,3,3,,,False,4.0, TOITEACH A DHA,0.46299999999999997,,False,[],SM,,BUNNAHABHAIN ,GB,,Single Malt Scotch Whisky,Whisky / Whiskey,False,False,0,109.99,,,,,bunnahabhain - toiteach a dha,,,,Spirits,[],True,,,1004,1024,1289,5.25,769.93,0.34724999999999995,316.74586033117356,0.020202020202020204
250,bcls,product,131870,0.35400322,BUSHMILLS - 10 YEAR OLD SINGLE MALT,,,Whisky,,[],,54.99,,,,,,,[],,,131870,,[],,506,2024-03-11 19:10:01,,1,"['05010103918367', '05010103918350', '00083300083621', '00811538016322']",False,,0.75,[],BUSHMILLS - 10 YEAR OLD SINGLE MALT,,United Kingdom,False,,2,2,,,False,60.0, 10 YEAR OLD SINGLE MALT,0.4,,False,[],SH,,BUSHMILLS ,GB,,Irish Whiskey,Whisky / Whiskey,False,False,0,54.99,,,,,bushmills - 10 year old single malt,,,,Spirits,[],True,,,1004,1024,1287,379.5,27824.940000000002,0.30000000000000004,183.29999999999998,0.30303030303030304
251,bcls,product,499175,0.3639408,BUSHMILLS - 12 YEAR OLD IRISH WHISKEY,,,Whisky,,[],,72.99,,,,,,,[],,,499175,,[],,14,2024-03-11 19:10:01,,1,['00818844023013'],False,,0.75,[],BUSHMILLS - 12 YEAR OLD IRISH WHISKEY,,Ireland,False,,2,2,,,False,5.0, 12 YEAR OLD IRISH WHISKEY,0.4,,False,[],SM,,BUSHMILLS ,IE,,Irish Whiskey,Whisky / Whiskey,False,False,0,72.99,,,,,bushmills - 12 year old irish whiskey,,,,Spirits,[],True,,,1004,1024,1287,10.5,1021.8599999999999,0.30000000000000004,243.29999999999995,0.025252525252525252
252,bcls,product,61374,0.3639408,BUSHMILLS - BLACK BUSH,,,Whisky,,[],,40.49,,,,,,,[],,,61374,,[],,2605,2024-03-11 19:10:01,,1,"['05010103918336', '00811538016278', '00080432567173', '00083300083287']",False,,0.75,[],BUSHMILLS - BLACK BUSH,,Ireland,False,,2,2,,,False,185.0, BLACK BUSH,0.4,,False,[],SR,,BUSHMILLS ,IE,,Irish Whiskey,Whisky / Whiskey,False,False,0,40.49,,,,,bushmills - black bush,,,,Spirits,[],True,,,1004,1024,1287,1953.75,105476.45000000001,0.30000000000000004,134.96666666666664,0.9343434343434344
253,bcls,product,14910,0.35400322,BUSHMILLS - TRIPLE DISTILLED,,,Whisky,,[],True,35.49,,,2024-03-03T00:00:00.000-08:00,,,2024-03-03T00:00:00.000-08:00,['On Sale'],2024-03-31T00:00:00.000-07:00,,14910,True,[],,2758,2024-03-11 19:10:01,,1,"['00083300083218', '00811538016315', '05010103918381', '00080432566176']",False,,0.75,[],BUSHMILLS - TRIPLE DISTILLED,,Ireland,False,,2,2,,,False,186.0, TRIPLE DISTILLED,0.4,,False,['On Sale'],SR,,BUSHMILLS ,IE,,Irish Whiskey,Whisky / Whiskey,False,False,0,33.49,,,,,bushmills - triple distilled,,2024-03-31T00:00:00.000-07:00,,Spirits,[],True,,,1004,1024,1287,2068.5,97881.42,0.30000000000000004,118.29999999999998,0.9393939393939394
254,bcls,product,888412,0.35400322,BUTTER RIPPLE SCHNAPPS - PHILLIPS,,,Liqueurs,,[],,19.99,,,,,,,[],,,888412,,[],,2858,2024-03-11 19:10:01,,1,"['00087116010031', '00087116010208']",False,,0.75,[],BUTTER RIPPLE SCHNAPPS - PHILLIPS,,USA,False,,2,2,,,False,194.0, PHILLIPS,0.15,,False,[],SR,,BUTTER RIPPLE SCHNAPPS ,US,,Other Liqueurs,Liqueurs,False,False,0,19.99,,,,,butter ripple schnapps - phillips,,,,Spirits,[],True,,,1004,1019,1213,2143.5,57131.42,0.11249999999999999,177.6888888888889,0.9797979797979798
255,bcls,product,888503,0.35400322,BUTTER RIPPLE SCHNAPPS - PHILLIPS,,,Liqueurs,,[],,11.49,,,,,,,[],,,888503,,[],,2497,2024-03-11 19:10:01,,1,['00087116010222'],False,,0.375,[],BUTTER RIPPLE SCHNAPPS - PHILLIPS,,USA,False,,2,2,,,False,114.0, PHILLIPS,0.15,,False,[],SR,,BUTTER RIPPLE SCHNAPPS ,US,,Other Liqueurs,Liqueurs,False,False,0,11.49,,,,,butter ripple schnapps - phillips,,,,Spirits,[],True,,,1004,1019,1213,936.375,28690.53,0.056249999999999994,204.26666666666668,0.5757575757575758
256,bcls,product,269475,0.3639408,BUZZBALLZ COCKTAILS - CHOCOLATINI,,,Other Spirits,,['Spring into Fresh Flavours'],True,6.99,,,2024-03-03T00:00:00.000-08:00,,,2024-03-03T00:00:00.000-08:00,"['BCL Select', 'On Sale']",2024-03-31T00:00:00.000-07:00,,269475,True,['Spring into Fresh Flavours'],,6795,2024-03-11 19:10:01,,1,"['00850035474556', '00857641002753']",False,,0.2,[],BUZZBALLZ COCKTAILS - CHOCOLATINI,,USA,False,,2,2,,,False,147.0, CHOCOLATINI,0.15,,True,"['BCL Select', 'On Sale']",C,,BUZZBALLZ COCKTAILS ,US,,Ready to Serve Cocktails,Other Spirits,False,False,0,6.49,,,"[{'urlAlias': '/promotion/spring', 'name': 'Spring into Fresh Flavours', 'promoCode': '2024SPRINGSEASONAL', 'published': True, 'shortName': ''}]","[{'urlAlias': '/promotion/spring', 'name': 'Spring into Fresh Flavours', 'promoCode': '2024SPRINGSEASONAL', 'published': True, 'shortName': ''}]",buzzballz cocktails - chocolatini,,2024-03-31T00:00:00.000-07:00,,Spirits,"[{'id': 'featured', 'label': 'FEATURED', 'labelLengthWithoutTags': 8}, {'id': 'exclusive', 'label': 'ONLY@BCL', 'labelLengthWithoutTags': 8}]",True,,,1004,1020,1242,1359.0,47497.05,0.03,233.00000000000003,0.7424242424242424
257,bcls,product,269470,0.35400322,BUZZBALLZ COCKTAILS - STRAWBERRY RITA,,,Other Spirits,,['Spring into Fresh Flavours'],True,6.99,,,2024-03-03T00:00:00.000-08:00,,,2024-03-03T00:00:00.000-08:00,"['BCL Select', 'On Sale']",2024-03-31T00:00:00.000-07:00,,269470,True,['Spring into Fresh Flavours'],,6110,2024-03-11 19:10:01,,1,"['00850035474594', '00857641002609']",False,,0.2,[],BUZZBALLZ COCKTAILS - STRAWBERRY RITA,,USA,False,,2,2,,,False,145.0, STRAWBERRY RITA,0.15,,True,"['BCL Select', 'On Sale']",C,,BUZZBALLZ COCKTAILS ,US,,Ready to Serve Cocktails,Other Spirits,False,False,0,6.49,,,"[{'urlAlias': '/promotion/spring', 'name': 'Spring into Fresh Flavours', 'promoCode': '2024SPRINGSEASONAL', 'published': True, 'shortName': ''}]","[{'urlAlias': '/promotion/spring', 'name': 'Spring into Fresh Flavours', 'promoCode': '2024SPRINGSEASONAL', 'published': True, 'shortName': ''}]",buzzballz cocktails - strawberry rita,,2024-03-31T00:00:00.000-07:00,,Spirits,"[{'id': 'featured', 'label': 'FEATURED', 'labelLengthWithoutTags': 8}, {'id': 'exclusive', 'label': 'ONLY@BCL', 'labelLengthWithoutTags': 8}]",True,,,1004,1020,1242,1222.0,42708.9,0.03,233.00000000000003,0.7323232323232324
258,bcls,product,269452,0.3639408,BUZZBALLZ COCKTAILS - TEQUILA 'RITA,,,Other Spirits,,['Spring into Fresh Flavours'],True,6.99,,,2024-03-03T00:00:00.000-08:00,,,2024-03-03T00:00:00.000-08:00,"['BCL Select', 'On Sale']",2024-03-31T00:00:00.000-07:00,,269452,True,['Spring into Fresh Flavours'],,6294,2024-03-11 19:10:01,,1,"['00850035474570', '00857641002043']",False,,0.2,[],BUZZBALLZ COCKTAILS - TEQUILA 'RITA,,USA,False,,2,2,,,False,145.0, TEQUILA 'RITA,0.15,,True,"['BCL Select', 'On Sale']",C,,BUZZBALLZ COCKTAILS ,US,,Miscellaneous/Other Spirits,Other Spirits,False,False,0,6.49,,,"[{'urlAlias': '/promotion/spring', 'name': 'Spring into Fresh Flavours', 'promoCode': '2024SPRINGSEASONAL', 'published': True, 'shortName': ''}]","[{'urlAlias': '/promotion/spring', 'name': 'Spring into Fresh Flavours', 'promoCode': '2024SPRINGSEASONAL', 'published': True, 'shortName': ''}]",buzzballz cocktails - tequila rita,,2024-03-31T00:00:00.000-07:00,,Spirits,"[{'id': 'featured', 'label': 'FEATURED', 'labelLengthWithoutTags': 8}, {'id': 'exclusive', 'label': 'ONLY@BCL', 'labelLengthWithoutTags': 8}]",True,,,1004,1020,1239,1258.8000000000002,43995.060000000005,0.03,233.00000000000003,0.7323232323232324
259,bcls,product,57661,0.3639408,CABO WABO - BLANCO,,,Tequila,,[],,69.99,,,,,,,[],,,57661,,[],,606,2024-03-11 19:10:01,,1,['00720815910737'],False,,0.75,[],CABO WABO - BLANCO,,Mexico,False,,2,2,,,False,71.0, BLANCO,0.4,,False,[],SR,,CABO WABO ,MX,,Blanco/Silver Tequila,Tequila,False,False,0,69.99,,,,,cabo wabo - blanco,,,,Spirits,[],True,,,1004,1022,1270,454.5,42413.939999999995,0.30000000000000004,233.29999999999995,0.35858585858585856
260,bcls,product,584524,0.3639408,CABOT TRAIL - MAPLE CREAM,,,Liqueurs,,[],,30.99,,,,,,,[],,,584524,,[],,1924,2024-03-11 19:10:01,,1,['00854745000661'],False,,0.75,[],CABOT TRAIL - MAPLE CREAM,,Canada,False,,2,2,,,False,152.0, MAPLE CREAM,0.15,,False,[],SR,,CABOT TRAIL ,CA,,Cream/Dairy Liqueurs,Liqueurs,False,False,0,30.99,,,,,cabot trail - maple cream,,,,Spirits,[],True,,,1004,1019,1210,1443.0,59624.759999999995,0.11249999999999999,275.4666666666667,0.7676767676767676
261,bcls,product,429197,0.35400322,CACHACA 51,,,Other Spirits,,[],,39.99,,,,,,,[],,,429197,,[],,455,2024-03-11 19:10:01,,1,['07896002108133'],False,,1.0,[],CACHACA 51,,Brazil,False,,3,3,,,False,55.0,CACHACA 51,0.4,,False,[],SR,,,BR,,Cachaca,Other Spirits,False,False,1,39.99,,,,,cachaca 51,,,,Spirits,[],True,,,1004,1020,1236,455.0,18195.45,0.4,99.975,0.2777777777777778
262,bcls,product,136945,0.3639408,CACHACA 51,,,Other Spirits,,['New'],,34.99,,,,,,,[],,,136945,,['New'],,620,2024-03-11 19:10:01,,1,['07896002100441'],False,,0.7,[],CACHACA 51,,Brazil,False,,2,2,,,False,87.0,CACHACA 51,0.4,,False,[],SR,,,BR,,Cachaca,Other Spirits,False,False,0,34.99,,,"[{'urlAlias': '/promotion/new-arrivals', 'name': 'New For You', 'promoCode': '2023NEW', 'published': True, 'shortName': 'New'}]","[{'urlAlias': '/promotion/new-arrivals', 'name': 'New For You', 'promoCode': '2023NEW', 'published': True, 'shortName': 'New'}]",cachaca 51,,,,Spirits,"[{'id': 'empty-placeholder', 'label': '&nbsp;', 'labelLengthWithoutTags': 1}, {'id': 'featured', 'label': 'FEATURED', 'labelLengthWithoutTags': 8}]",True,,,1004,1020,1236,434.0,21693.800000000003,0.27999999999999997,124.96428571428574,0.4393939393939394
263,bcls,product,164448,0.35400322,CAFFO - VECCHIO AMARO DEL CAPO,,,Liqueurs,,[],,41.99,,,,,,,[],,,164448,,[],,729,2024-03-11 19:10:01,,1,['00812482007015'],False,,0.75,[],CAFFO - VECCHIO AMARO DEL CAPO,,Italy,False,,2,2,,,False,67.0, VECCHIO AMARO DEL CAPO,0.35,,False,[],SH,,CAFFO ,IT,,Anise And Herbal/Spice Liqueurs,Liqueurs,False,False,0,41.99,,,,,caffo - vecchio amaro del capo,,,,Spirits,[],True,,,1004,1019,1208,546.75,30610.710000000003,0.26249999999999996,159.9619047619048,0.3383838383838384
264,bcls,product,250776,0.3639408,CALIROSA - TEQUILA ROSA BLANCO,,,Tequila,,[],True,99.99,,,2024-03-03T00:00:00.000-08:00,,,2024-03-03T00:00:00.000-08:00,['On Sale'],2024-03-31T00:00:00.000-07:00,,250776,True,[],,205,2024-03-11 19:10:01,,1,"['00051497237301', '00850044677016']",False,,0.75,[],CALIROSA - TEQUILA ROSA BLANCO,,Mexico,False,,3,3,,,False,31.0, TEQUILA ROSA BLANCO,0.4,,False,['On Sale'],SH,,CALIROSA ,MX,,Blanco/Silver Tequila,Tequila,False,False,0,89.99,,,,,calirosa - tequila rosa blanco,,2024-03-31T00:00:00.000-07:00,,Spirits,[],True,,,1004,1022,1270,153.75,20497.95,0.30000000000000004,333.29999999999995,0.15656565656565657
265,bcls,product,486053,0.3639408,CALUMET FARM - 8 YEAR OLD KENTUCKY STRAIGHT BOURBON WHISKEY,,,Whisky,,[],,91.99,,,,,,,['BCL Select'],,,486053,,[],,50,2024-03-11 19:10:01,,1,"['00812459015029', '00812459014558']",False,,0.75,[],CALUMET FARM - 8 YEAR OLD KENTUCKY STRAIGHT BOURBON WHISKEY,,USA,False,,3,3,,,False,17.0, 8 YEAR OLD KENTUCKY STRAIGHT BOURBON WHISKEY,0.45,,True,['BCL Select'],C,,CALUMET FARM ,US,,American Whiskey,Whisky / Whiskey,False,False,0,91.99,,,,,calumet farm - 8 year old kentucky straight bourbon whiskey,,,,Spirits,"[{'id': 'empty-placeholder', 'label': '&nbsp;', 'labelLengthWithoutTags': 1}, {'id': 'exclusive', 'label': 'ONLY@BCL', 'labelLengthWithoutTags': 8}]",True,,,1004,1024,1282,37.5,4599.5,0.3375,272.56296296296296,0.08585858585858586
266,bcls,product,163436,0.3639408,CALVADOS - PERE MAGLOIRE FINE V.S.,,,Grape and Fruit Brandy,,[],,60.99,,,,,,,[],,,163436,,[],,1392,2024-03-11 19:10:01,,1,['03181250061502'],False,,0.75,[],CALVADOS - PERE MAGLOIRE FINE V.S.,,France,False,,2,2,,,False,120.0, PERE MAGLOIRE FINE V.S.,0.4,,False,[],SR,,CALVADOS ,FR,,Eau de Vie,Other Spirits,False,False,0,60.99,,,,,calvados - pere magloire fine v.s.,,,,Spirits,[],True,,,1004,1018,1173,1044.0,84898.08,0.30000000000000004,203.29999999999998,0.6060606060606061
267,bcls,product,221663,0.35400322,CAMARENA - REPOSADO,,,Tequila,,[],,60.99,,,,,,,[],,,221663,,[],,1736,2024-03-11 19:10:01,,1,['00085000017326'],False,,0.75,[],CAMARENA - REPOSADO,,Mexico,False,,3,3,,,False,144.0, REPOSADO,0.4,,False,[],SR,,CAMARENA ,MX,,Gold Tequila,Tequila,False,False,0,60.99,,,,,camarena - reposado,,,,Spirits,[],True,,,1004,1022,1272,1302.0,105878.64,0.30000000000000004,203.29999999999998,0.7272727272727273
268,bcls,product,277954,0.3639408,CAMPARI,,,Liqueurs,,[],,32.49,,,,,,,[],,,277954,,[],,3220,2024-03-11 19:10:01,,1,['00081375100670'],False,,0.75,[],CAMPARI,,Italy,False,,2,2,,,False,197.0,CAMPARI,0.25,,False,[],G,,,IT,,Anise And Herbal/Spice Liqueurs,Liqueurs,False,False,0,32.49,,,,,campari,,,,Spirits,[],True,,,1004,1019,1208,2415.0,104617.8,0.1875,173.28,0.9949494949494949
269,bcls,product,381580,0.3639408,CAMPARI - NEGRONI,,,Other Spirits,,[],,21.49,,,,,,,[],,,381580,,[],,1054,2024-03-11 19:10:01,,1,['00887341007093'],False,,0.375,[],CAMPARI - NEGRONI,,Italy,False,,2,2,,,False,84.0, NEGRONI,0.26,,False,[],SH,,CAMPARI ,IT,,Ready to Serve Cocktails,Other Spirits,False,False,0,21.49,,,,,campari - negroni,,,,Spirits,[],True,,,1004,1020,1242,395.25,22650.46,0.0975,220.41025641025638,0.42424242424242425
270,bcls,product,501668,0.35400322,CANADIAN CLUB - 100% RYE CHAIRMAN'S SELECT,,,Whisky,,[],True,25.49,,,2024-03-03T00:00:00.000-08:00,,,2024-03-03T00:00:00.000-08:00,['On Sale'],2024-03-31T00:00:00.000-07:00,,501668,True,[],,2155,2024-03-11 19:10:01,,1,"['00626990309901', '00080686823063', '00080686823261']",False,,0.75,[],CANADIAN CLUB - 100% RYE CHAIRMAN'S SELECT,,Canada,False,,2,2,,,False,175.0, 100% RYE CHAIRMAN'S SELECT,0.4,,False,['On Sale'],SR,,CANADIAN CLUB ,CA,,Canadian Whisky,Whisky / Whiskey,False,False,0,24.29,,,,,canadian club - 100% rye chairmans select,,2024-03-31T00:00:00.000-07:00,,Spirits,[],True,,,1004,1024,1285,1616.25,54930.95,0.30000000000000004,84.96666666666665,0.8838383838383839
271,bcls,product,116293,0.35400322,CANADIAN CLUB - 20 YEAR OLD C C,,,Whisky,,[],,62.99,,,,,,,[],,,116293,,[],,547,2024-03-11 19:10:01,,1,['00080686817406'],False,,0.75,[],CANADIAN CLUB - 20 YEAR OLD C C,,Canada,False,,2,2,,,False,55.0, 20 YEAR OLD C C,0.4,,False,[],SH,,CANADIAN CLUB ,CA,,Canadian Whisky,Whisky / Whiskey,False,False,0,62.99,,,,,canadian club - 20 year old c c,,,,Spirits,[],True,,,1004,1024,1285,410.25,34455.53,0.30000000000000004,209.96666666666664,0.2777777777777778
272,bcls,product,476708,0.3639408,"CANADIAN CLUB - 45 YEAR OLD CC CHRONICLES ISSUE NO.5 ""THE IC",,,Whisky,,[],,450.0,,,,,,,[],,,476708,,[],,184,2024-03-11 19:10:01,,1,['00080686823834'],False,,0.75,[],"CANADIAN CLUB - 45 YEAR OLD CC CHRONICLES ISSUE NO.5 ""THE IC",,Canada,False,,2,2,,,False,32.0," 45 YEAR OLD CC CHRONICLES ISSUE NO.5 ""THE IC",0.5,,False,[],SH,,CANADIAN CLUB ,CA,,Canadian Whisky,Whisky / Whiskey,False,False,0,450.0,,,,,"canadian club - 45 year old cc chronicles issue no.5 ""the ic",,,,Spirits,[],True,,,1004,1024,1285,138.0,82800.0,0.375,1200.0,0.16161616161616163
273,bcls,product,455340,0.3639408,CANADIAN CLUB - CLASSIC 12 YEAR OLD,,,Whisky,,[],True,31.49,,,2024-03-03T00:00:00.000-08:00,,,2024-03-03T00:00:00.000-08:00,['On Sale'],2024-03-31T00:00:00.000-07:00,,455340,True,[],,1550,2024-03-11 19:10:01,,1,['00080686823773'],False,,0.75,[],CANADIAN CLUB - CLASSIC 12 YEAR OLD,,Canada,False,,2,2,,,False,131.0, CLASSIC 12 YEAR OLD,0.4,,False,['On Sale'],SR,,CANADIAN CLUB ,CA,,Canadian Whisky,Whisky / Whiskey,False,False,0,29.99,,,,,canadian club - classic 12 year old,,2024-03-31T00:00:00.000-07:00,,Spirits,[],True,,,1004,1024,1285,1162.5,48809.5,0.30000000000000004,104.96666666666664,0.6616161616161617
274,bcls,product,42,0.35400322,CANADIAN CLUB - PREMIUM,,,Whisky,,[],,23.49,,,,,,,[],,,42,,[],,2713,2024-03-11 19:10:01,,1,"['00089540168432', '00626997001112', '00080686816157']",False,,0.75,[],CANADIAN CLUB - PREMIUM,,Canada,False,,2,2,,,False,190.0, PREMIUM,0.4,,False,[],G,,CANADIAN CLUB ,CA,,Canadian Whisky,Whisky / Whiskey,False,False,0,23.49,,,,,canadian club - premium,,,,Spirits,[],True,,,1004,1024,1285,2034.75,63728.369999999995,0.30000000000000004,78.29999999999998,0.9595959595959596
275,bcls,product,125,0.35400322,CANADIAN CLUB - PREMIUM,,,Whisky,,[],,34.49,,,,,,,[],,,125,,[],,2061,2024-03-11 19:10:01,,1,"['00089540100036', '00080686821311']",False,,1.14,[],CANADIAN CLUB - PREMIUM,,Canada,False,,2,2,,,False,187.0, PREMIUM,0.4,,False,[],G,,CANADIAN CLUB ,CA,,Canadian Whisky,Whisky / Whiskey,False,False,0,34.49,,,,,canadian club - premium,,,,Spirits,[],True,,,1004,1024,1285,2349.54,71083.89,0.45599999999999996,75.63596491228071,0.9444444444444444
276,bcls,product,463,0.35400322,CANADIAN CLUB - PREMIUM,,,Whisky,,[],,12.49,,,,,,,[],,,463,,[],,4734,2024-03-11 19:10:01,,1,"['00080686816027', '00089540168449']",False,,0.375,[],CANADIAN CLUB - PREMIUM,,Canada,False,,2,2,,,False,193.0, PREMIUM,0.4,,False,[],G,,CANADIAN CLUB ,CA,,Canadian Whisky,Whisky / Whiskey,False,False,0,12.49,,,,,canadian club - premium,,,,Spirits,[],True,,,1004,1024,1285,1775.25,59127.66,0.15000000000000002,83.26666666666665,0.9747474747474747
277,bcls,product,34637,0.3639408,CANADIAN CLUB - PREMIUM,,,Whisky,,[],,52.99,,,,,,,[],,,34637,,[],,1682,2024-03-11 19:10:01,,1,"['00089540168418', '00080686816126']",False,,1.75,[],CANADIAN CLUB - PREMIUM,,Canada,False,,2,2,,,False,193.0, PREMIUM,0.4,,False,[],G,,CANADIAN CLUB ,CA,,Canadian Whisky,Whisky / Whiskey,False,False,0,52.99,,,,,canadian club - premium,,,,Spirits,[],True,,,1004,1024,1285,2943.5,89129.18000000001,0.7000000000000001,75.69999999999999,0.9747474747474747
278,bcls,product,251371,0.3639408,CANADIAN CLUB - PREMIUM,,,Whisky,,[],,7.79,,,,,,,[],,,251371,,[],,6503,2024-03-11 19:10:01,,1,"['00080686816713', '00089540168456']",False,,0.2,[],CANADIAN CLUB - PREMIUM,,Canada,False,,2,2,,,False,161.0, PREMIUM,0.4,,False,[],SR,,CANADIAN CLUB ,CA,,Canadian Whisky,Whisky / Whiskey,False,False,0,7.79,,,,,canadian club - premium,,,,Spirits,[],True,,,1004,1024,1285,1300.6000000000001,50658.37,0.08000000000000002,97.37499999999999,0.8131313131313131
279,bcls,product,356952,0.35400322,CANADIAN CLUB - SHERRY CASK 15 YEAR OLD,,,Whisky,,['New'],,75.99,,,,,,,[],,,356952,,['New'],,531,2024-03-11 19:10:01,,1,['00080686004295'],False,,0.75,[],CANADIAN CLUB - SHERRY CASK 15 YEAR OLD,,Canada,False,,2,2,,,False,69.0, SHERRY CASK 15 YEAR OLD,0.42,,False,[],SH,,CANADIAN CLUB ,CA,,Canadian Whisky,Whisky / Whiskey,False,False,0,75.99,,,"[{'urlAlias': '/promotion/new-arrivals', 'name': 'New For You', 'promoCode': '2023NEW', 'published': True, 'shortName': 'New'}]","[{'urlAlias': '/promotion/new-arrivals', 'name': 'New For You', 'promoCode': '2023NEW', 'published': True, 'shortName': 'New'}]",canadian club - sherry cask 15 year old,,,,Spirits,"[{'id': 'empty-placeholder', 'label': '&nbsp;', 'labelLengthWithoutTags': 1}, {'id': 'featured', 'label': 'Special Release', 'labelLengthWithoutTags': 15}]",True,,,1004,1024,1285,398.25,40350.689999999995,0.315,241.2380952380952,0.3484848484848485
280,bcls,product,477136,0.3639408,CANEROCK - JAMAICAN SPICED RUM,,,Rum,,[],True,64.99,,,2024-03-03T00:00:00.000-08:00,,,2024-03-03T00:00:00.000-08:00,['On Sale'],2024-03-31T00:00:00.000-07:00,,477136,True,[],,577,2024-03-11 19:10:01,,1,['00695521153474'],False,,0.7,[],CANEROCK - JAMAICAN SPICED RUM,,Jamaica,False,,2,2,,,False,72.0, JAMAICAN SPICED RUM,0.4,,False,['On Sale'],SH,,CANEROCK ,JM,,Spiced Rum,Rum,False,False,0,54.99,,,,,canerock - jamaican spiced rum,,2024-03-31T00:00:00.000-07:00,,Spirits,[],True,,,1004,1021,1255,403.9,37499.229999999996,0.27999999999999997,232.10714285714286,0.36363636363636365
281,bcls,product,935,0.35400322,CAPTAIN MORGAN,,,Rum,,[],,23.99,,,,,,,[],,,935,,[],,2179,2024-03-11 19:10:01,,1,['00087000150010'],False,,0.75,[],CAPTAIN MORGAN,,Canada,False,,3,3,,,False,169.0,CAPTAIN MORGAN,0.4,,False,[],G,,,CA,,White Rum,Rum,False,False,0,23.99,,,,,captain morgan,,,,Spirits,[],True,,,1004,1021,1256,1634.25,52274.21,0.30000000000000004,79.96666666666665,0.8535353535353535
282,bcls,product,133439,0.35400322,CAPTAIN MORGAN,,,Rum,,[],,51.99,,,,,,,[],,,133439,,[],,1051,2024-03-11 19:10:01,,1,['00087000150317'],False,,1.75,[],CAPTAIN MORGAN,,Canada,False,,2,2,,,False,131.0,CAPTAIN MORGAN,0.4,,False,[],G,,,CA,,White Rum,Rum,False,False,0,51.99,,,,,captain morgan,,,,Spirits,[],True,,,1004,1021,1256,1839.25,54641.490000000005,0.7000000000000001,74.27142857142857,0.6616161616161617
283,bcls,product,1438,0.3639408,CAPTAIN MORGAN,,,Rum,,[],,34.49,,,,,,,[],,,1438,,[],,2075,2024-03-11 19:10:01,,1,['00087000150300'],False,,1.14,[],CAPTAIN MORGAN,,Canada,False,,2,2,,,False,165.0,CAPTAIN MORGAN,0.4,,False,[],SR,,,CA,,White Rum,Rum,False,False,0,34.49,,,,,captain morgan,,,,Spirits,[],True,,,1004,1021,1256,2365.5,71566.75,0.45599999999999996,75.63596491228071,0.8333333333333334
284,bcls,product,2733,0.3639408,CAPTAIN MORGAN - DARK,,,Rum,,[],,33.99,,,,,,,[],,,2733,,[],,1850,2024-03-11 19:10:01,,1,['00087000150331'],False,,1.14,[],CAPTAIN MORGAN - DARK,,Canada,False,,2,2,,,False,189.0, DARK,0.4,,False,[],SR,,CAPTAIN MORGAN ,CA,,Dark Rum,Rum,False,False,0,33.99,,,,,captain morgan - dark,,,,Spirits,[],True,,,1004,1021,1253,2109.0,62881.50000000001,0.45599999999999996,74.53947368421053,0.9545454545454546
285,bcls,product,170349,0.3639408,CAPTAIN MORGAN - DARK,,,Rum,,[],,53.99,,,,,,,['BCL Select'],,,170349,,[],,766,2024-03-11 19:10:01,,1,['00087000150348'],False,,1.75,[],CAPTAIN MORGAN - DARK,,Canada,False,,2,2,,,False,106.0, DARK,0.4,,True,['BCL Select'],C,,CAPTAIN MORGAN ,CA,,Dark Rum,Rum,False,False,0,53.99,,,,,captain morgan - dark,,,,Spirits,"[{'id': 'empty-placeholder', 'label': '&nbsp;', 'labelLengthWithoutTags': 1}, {'id': 'exclusive', 'label': 'ONLY@BCL', 'labelLengthWithoutTags': 8}]",True,,,1004,1021,1253,1340.5,41356.340000000004,0.7000000000000001,77.12857142857142,0.5353535353535354
286,bcls,product,12534,0.3639408,CAPTAIN MORGAN - DELUXE,,,Rum,,[],,23.99,,,,,,,[],,,12534,,[],,2119,2024-03-11 19:10:01,,1,['00087000150393'],False,,0.75,[],CAPTAIN MORGAN - DELUXE,,Canada,False,,2,2,,,False,156.0, DELUXE,0.4,,False,[],SR,,CAPTAIN MORGAN ,CA,,Dark Rum,Rum,False,False,0,23.99,,,,,captain morgan - deluxe,,,,Spirits,[],True,,,1004,1021,1253,1589.25,50834.81,0.30000000000000004,79.96666666666665,0.7878787878787878
287,bcls,product,12091,0.35400322,CAPTAIN MORGAN - GOLD,,,Rum,,[],,34.99,,,,,,,['BCL Select'],,,12091,,[],,1032,2024-03-11 19:10:01,,1,['00087000150270'],False,,1.14,[],CAPTAIN MORGAN - GOLD,,Canada,False,,3,3,,,False,109.0, GOLD,0.4,,True,['BCL Select'],C,,CAPTAIN MORGAN ,CA,,Amber Rum,Rum,False,False,0,34.99,,,,,captain morgan - gold,,,,Spirits,"[{'id': 'empty-placeholder', 'label': '&nbsp;', 'labelLengthWithoutTags': 1}, {'id': 'exclusive', 'label': 'ONLY@BCL', 'labelLengthWithoutTags': 8}]",True,,,1004,1021,1252,1176.4799999999998,36109.68,0.45599999999999996,76.73245614035089,0.5505050505050505
288,bcls,product,825596,0.3639408,CAPTAIN MORGAN - GOLD,,,Rum,,[],True,23.49,,,2024-03-03T00:00:00.000-08:00,,,2024-03-03T00:00:00.000-08:00,"['BCL Select', 'On Sale']",2024-03-31T00:00:00.000-07:00,,825596,True,[],,2229,2024-03-11 19:10:01,,1,"['00087000150263', '00626990159025']",False,,0.75,[],CAPTAIN MORGAN - GOLD,,Canada,False,,2,2,,,False,187.0, GOLD,0.4,,True,"['BCL Select', 'On Sale']",C,,CAPTAIN MORGAN ,CA,,Amber Rum,Rum,False,False,0,22.49,,,,,captain morgan - gold,,2024-03-31T00:00:00.000-07:00,,Spirits,"[{'id': 'empty-placeholder', 'label': '&nbsp;', 'labelLengthWithoutTags': 1}, {'id': 'exclusive', 'label': 'ONLY@BCL', 'labelLengthWithoutTags': 8}]",True,,,1004,1021,1252,1671.75,52359.21,0.30000000000000004,78.29999999999998,0.9444444444444444
289,bcls,product,217414,0.3639408,CAPTAIN MORGAN - PRIVATE STOCK SPICED,,,Rum,,[],True,38.49,,,2024-03-03T00:00:00.000-08:00,,,2024-03-03T00:00:00.000-08:00,['On Sale'],2024-03-31T00:00:00.000-07:00,,217414,True,[],,759,2024-03-11 19:10:01,,1,"['00087000007772', '00087000201781', '00082000741756']",False,,0.75,[],CAPTAIN MORGAN - PRIVATE STOCK SPICED,,USA,False,,3,3,,,False,64.0, PRIVATE STOCK SPICED,0.4,,False,['On Sale'],SR,,CAPTAIN MORGAN ,US,,Spiced Rum,Rum,False,False,0,37.49,,,,,captain morgan - private stock spiced,,2024-03-31T00:00:00.000-07:00,,Spirits,[],True,,,1004,1021,1255,569.25,29213.91,0.30000000000000004,128.29999999999998,0.32323232323232326
290,bcls,product,74220,0.35400322,CAPTAIN MORGAN - SLICED APPLE,,,Rum,,[],,31.99,,,,,,,[],,,74220,,[],,1463,2024-03-11 19:10:01,,1,['00082000794516'],False,,0.75,[],CAPTAIN MORGAN - SLICED APPLE,,Canada,False,,3,3,,,False,99.0, SLICED APPLE,0.35,,False,[],SH,,CAPTAIN MORGAN ,CA,,Flavoured Rum,Rum,False,False,0,31.99,,,,,captain morgan - sliced apple,,,,Spirits,[],True,,,1004,1021,1254,1097.25,46801.369999999995,0.26249999999999996,121.86666666666667,0.5
291,bcls,product,500512,0.35400322,CAPTAIN MORGAN - SPICED,,,Rum,,[],,29.99,,,,,,,[],,,500512,,[],,5138,2024-03-11 19:10:01,,1,['00087000151086'],False,,0.75,[],CAPTAIN MORGAN - SPICED,,Canada,False,,2,2,,,False,197.0, SPICED,0.35,,False,[],G,,CAPTAIN MORGAN ,CA,,Spiced Rum,Rum,False,False,0,29.99,,,,,captain morgan - spiced,,,,Spirits,[],True,,,1004,1021,1255,3853.5,154088.62,0.26249999999999996,114.24761904761907,0.9949494949494949
292,bcls,product,500538,0.35400322,CAPTAIN MORGAN - SPICED,,,Rum,,[],True,41.99,,,2024-03-03T00:00:00.000-08:00,,,2024-03-03T00:00:00.000-08:00,['On Sale'],2024-03-31T00:00:00.000-07:00,,500538,True,[],,4393,2024-03-11 19:10:01,,1,['00087000151109'],False,,1.14,[],CAPTAIN MORGAN - SPICED,,Canada,False,,2,2,,,False,197.0, SPICED,0.35,,False,['On Sale'],G,,CAPTAIN MORGAN ,CA,,Spiced Rum,Rum,False,False,0,39.99,,,,,captain morgan - spiced,,2024-03-31T00:00:00.000-07:00,,Spirits,[],True,,,1004,1021,1255,5008.0199999999995,184462.07,0.39899999999999997,105.23809523809526,0.9949494949494949
293,bcls,product,500546,0.35400322,CAPTAIN MORGAN - SPICED,,,Rum,,[],,62.99,,,,,,,[],,,500546,,[],,3351,2024-03-11 19:10:01,,1,['00087000151116'],False,,1.75,[],CAPTAIN MORGAN - SPICED,,Canada,False,,2,2,,,False,196.0, SPICED,0.35,,False,[],G,,CAPTAIN MORGAN ,CA,,Spiced Rum,Rum,False,False,0,62.99,,,,,captain morgan - spiced,,,,Spirits,[],True,,,1004,1021,1255,5864.25,211079.49000000002,0.6124999999999999,102.84081632653063,0.98989898989899
294,bcls,product,562009,0.35400322,CAPTAIN MORGAN - SPICED,,,Rum,,[],,4.49,,,,,,,[],,,562009,,[],,10649,2024-03-11 19:10:01,,1,['00087000008892'],False,,0.05,[],CAPTAIN MORGAN - SPICED,,USA,False,,2,2,,,False,109.0, SPICED,0.35,,False,[],SH,,CAPTAIN MORGAN ,US,,Spiced Rum,Rum,False,False,0,4.49,,,,,captain morgan - spiced,,,,Spirits,[],True,,,1004,1021,1255,532.45,47814.01,0.017499999999999998,256.5714285714286,0.5505050505050505
295,bcls,product,500496,0.3639408,CAPTAIN MORGAN - SPICED,,,Rum,,[],,11.49,,,,,,,[],,,500496,,[],,7570,2024-03-11 19:10:01,,1,['00087000003439'],False,,0.2,[],CAPTAIN MORGAN - SPICED,,Canada,False,,2,2,,,False,186.0, SPICED,0.35,,False,[],SR,,CAPTAIN MORGAN ,CA,,Spiced Rum,Rum,False,False,0,11.49,,,,,captain morgan - spiced,,,,Spirits,[],True,,,1004,1021,1255,1514.0,86979.3,0.06999999999999999,164.14285714285717,0.9393939393939394
296,bcls,product,500504,0.3639408,CAPTAIN MORGAN - SPICED,,,Rum,,[],,18.99,,,,,,,[],,,500504,,[],,5938,2024-03-11 19:10:01,,1,['00087000003446'],False,,0.375,[],CAPTAIN MORGAN - SPICED,,Canada,False,,2,2,,,False,198.0, SPICED,0.35,,False,[],G,,CAPTAIN MORGAN ,CA,,Spiced Rum,Rum,False,False,0,18.99,,,,,captain morgan - spiced,,,,Spirits,[],True,,,1004,1021,1255,2226.75,112762.62,0.13124999999999998,144.6857142857143,1.0
297,bcls,product,187532,0.35400322,CAPTAIN MORGAN - SPICED PET,,,Rum,,[],True,41.99,,,2024-03-03T00:00:00.000-08:00,,,2024-03-03T00:00:00.000-08:00,['On Sale'],2024-03-31T00:00:00.000-07:00,,187532,True,[],,3269,2024-03-11 19:10:01,,1,['00082000784739'],False,,1.14,[],CAPTAIN MORGAN - SPICED PET,,Canada,False,,2,2,,,False,195.0, SPICED PET,0.35,,False,['On Sale'],G,,CAPTAIN MORGAN ,CA,,Spiced Rum,Rum,False,False,0,39.99,,,,,captain morgan - spiced pet,,2024-03-31T00:00:00.000-07:00,,Spirits,[],True,,,1004,1021,1255,3726.66,137265.31,0.39899999999999997,105.23809523809526,0.9848484848484849
298,bcls,product,640136,0.3639408,CAPTAIN MORGAN - SPICED PET,,,Rum,,[],,29.99,,,,,,,[],,,640136,,[],,3843,2024-03-11 19:10:01,,1,['00082000003519'],False,,0.75,[],CAPTAIN MORGAN - SPICED PET,,Canada,False,,2,2,,,False,197.0, SPICED PET,0.35,,False,[],G,,CAPTAIN MORGAN ,CA,,Spiced Rum,Rum,False,False,0,29.99,,,,,captain morgan - spiced pet,,,,Spirits,[],True,,,1004,1021,1255,2882.25,115251.56999999999,0.26249999999999996,114.24761904761907,0.9949494949494949
299,bcls,product,108357,0.35400322,CAROLANS - IRISH CREAM,,,Liqueurs,,[],True,29.99,,,2024-03-03T00:00:00.000-08:00,,,2024-03-03T00:00:00.000-08:00,['On Sale'],2024-03-31T00:00:00.000-07:00,,108357,True,[],,8586,2024-03-11 19:10:01,,1,['05011026105292'],False,,0.75,[],CAROLANS - IRISH CREAM,,Ireland,False,,2,2,,,False,197.0, IRISH CREAM,0.17,,False,['On Sale'],G,,CAROLANS ,IE,,Cream/Dairy Liqueurs,Liqueurs,False,False,0,27.99,,,,,carolans - irish cream,,2024-03-31T00:00:00.000-07:00,,Spirits,[],True,,,1004,1019,1210,6439.5,257494.13999999998,0.1275,235.21568627450978,0.9949494949494949
300,bcls,product,335273,0.3639408,CAROLANS - IRISH CREAM,,,Liqueurs,,[],,57.99,,,,,,,[],,,335273,,[],,4937,2024-03-11 19:10:01,,1,['05011026105339'],False,,1.75,[],CAROLANS - IRISH CREAM,,Ireland,False,,2,2,,,False,193.0, IRISH CREAM,0.17,,False,[],G,,CAROLANS ,IE,,Cream/Dairy Liqueurs,Liqueurs,False,False,0,57.99,,,,,carolans - irish cream,,,,Spirits,[],True,,,1004,1019,1210,8639.75,286296.63,0.29750000000000004,194.92436974789914,0.9747474747474747
301,bcls,product,602821,0.3639408,CAROLANS - IRISH CREAM,,,Liqueurs,,[],,18.99,,,,,,,[],,,602821,,[],,5374,2024-03-11 19:10:01,,1,"['00721059513753', '05011026105254']",False,,0.375,[],CAROLANS - IRISH CREAM,,Ireland,False,,2,2,,,False,195.0, IRISH CREAM,0.17,,False,[],SR,,CAROLANS ,IE,,Cream/Dairy Liqueurs,Liqueurs,False,False,0,18.99,,,,,carolans - irish cream,,,,Spirits,[],True,,,1004,1019,1210,2015.25,102052.26,0.06375,297.88235294117646,0.9848484848484849
302,bcls,product,623678,0.3639408,CAROLANS - IRISH CREAM,,,Liqueurs,,[],,39.99,,,,,,,[],,,623678,,[],,4574,2024-03-11 19:10:01,,1,['05011026105278'],False,,1.14,[],CAROLANS - IRISH CREAM,,Ireland,False,,2,2,,,False,195.0, IRISH CREAM,0.17,,False,[],G,,CAROLANS ,IE,,Cream/Dairy Liqueurs,Liqueurs,False,False,0,39.99,,,,,carolans - irish cream,,,,Spirits,[],True,,,1004,1019,1210,5214.36,182914.26,0.1938,206.3467492260062,0.9848484848484849
303,bcls,product,454345,0.3639408,CAROLANS - IRISH CREAM GIFT PACK WITH ROCK GLASSES,,,Liqueurs,,[],,30.99,,,,,,,[],,,454345,,[],,10,2024-03-11 19:10:01,,1,['00810845030144'],False,,0.75,[],CAROLANS - IRISH CREAM GIFT PACK WITH ROCK GLASSES,,Ireland,False,,3,3,,,False,3.0, IRISH CREAM GIFT PACK WITH ROCK GLASSES,0.17,,False,[],SM,,CAROLANS ,IE,,Cream/Dairy Liqueurs,Liqueurs,False,False,0,30.99,,,,,carolans - irish cream gift pack with rock glasses,,,,Spirits,[],False,,,1004,1019,1210,7.5,309.9,0.1275,243.05882352941174,0.015151515151515152
304,bcls,product,345739,0.3639408,CAROLANS - PEANUT BUTTER,,,Liqueurs,,[],True,31.49,,,2024-03-03T00:00:00.000-08:00,,,2024-03-03T00:00:00.000-08:00,['On Sale'],2024-03-31T00:00:00.000-07:00,,345739,True,[],,1311,2024-03-11 19:10:01,,1,['00096749004157'],False,,0.75,[],CAROLANS - PEANUT BUTTER,,Ireland,False,,2,2,,,False,136.0, PEANUT BUTTER,0.17,,False,['On Sale'],SH,,CAROLANS ,IE,,Cream/Dairy Liqueurs,Liqueurs,False,False,0,28.49,,,,,carolans - peanut butter,,2024-03-31T00:00:00.000-07:00,,Spirits,[],True,,,1004,1019,1210,983.25,41283.39,0.1275,246.98039215686273,0.6868686868686869
305,bcls,product,250773,0.3639408,CASA DRAGONES - BLANCO,,,Tequila,,[],,131.99,,,,,,,[],,,250773,,[],,152,2024-03-11 19:10:01,,1,['00736040532736'],False,,0.75,[],CASA DRAGONES - BLANCO,,Mexico,False,,2,2,,,False,21.0, BLANCO,0.4,,False,[],SH,,CASA DRAGONES ,MX,,Blanco/Silver Tequila,Tequila,False,False,0,131.99,,,,,casa dragones - blanco,,,,Spirits,[],True,,,1004,1022,1270,114.0,20062.480000000003,0.30000000000000004,439.96666666666664,0.10606060606060606
306,bcls,product,853291,0.35400322,CASA DRAGONES - JOVEN,,,Tequila,,[],,400.0,,,,,,,['BCL Select'],,,853291,,[],,7,2024-03-11 19:10:01,,1,['00850005002000'],False,,0.75,[],CASA DRAGONES - JOVEN,,Mexico,False,,3,3,,,False,4.0, JOVEN,0.4,,True,['BCL Select'],C,,CASA DRAGONES ,MX,,Flavoured Tequila,Tequila,False,False,0,400.0,,,,,casa dragones - joven,,,,Spirits,"[{'id': 'empty-placeholder', 'label': '&nbsp;', 'labelLengthWithoutTags': 1}, {'id': 'exclusive', 'label': 'ONLY@BCL', 'labelLengthWithoutTags': 8}]",True,,,1004,1022,1271,5.25,2800.0,0.30000000000000004,1333.333333333333,0.020202020202020204
307,bcls,product,957365,0.3639408,CASAMIGOS - ANEJO,,,Tequila,,[],,104.99,,,,,,,[],,,957365,,[],,531,2024-03-11 19:10:01,,1,['00652341401017'],False,,0.75,[],CASAMIGOS - ANEJO,,Mexico,False,,2,2,,,False,60.0, ANEJO,0.4,,False,[],SR,,CASAMIGOS ,MX,,Gold Tequila,Tequila,False,False,0,104.99,,,,,casamigos - anejo,,,,Spirits,[],True,,,1004,1022,1272,398.25,55749.689999999995,0.30000000000000004,349.9666666666666,0.30303030303030304
308,bcls,product,438960,0.35400322,CASAMIGOS - BLANCO,,,Tequila,,[],,83.99,,,,,,,[],,,438960,,[],,1695,2024-03-11 19:10:01,,1,"['00856724006114', '00652341401031']",False,,0.75,[],CASAMIGOS - BLANCO,,Mexico,False,,2,2,,,False,152.0, BLANCO,0.4,,False,[],SR,,CASAMIGOS ,MX,,Blanco/Silver Tequila,Tequila,False,False,0,83.99,,,,,casamigos - blanco,,,,Spirits,[],True,,,1004,1022,1270,1271.25,142363.05,0.30000000000000004,279.9666666666666,0.7676767676767676
309,bcls,product,220804,0.3639408,CASAMIGOS - MEZCAL,,,Tequila,,[],,104.99,,,,,,,[],,,220804,,[],,624,2024-03-11 19:10:01,,1,['00856724006329'],False,,0.75,[],CASAMIGOS - MEZCAL,,Mexico,False,,2,2,,,False,86.0, MEZCAL,0.4,,False,[],SR,,CASAMIGOS ,MX,,Mezcal,Tequila,False,False,0,104.99,,,,,casamigos - mezcal,,,,Spirits,[],True,,,1004,1022,1273,468.0,65513.759999999995,0.30000000000000004,349.9666666666666,0.43434343434343436
310,bcls,product,852053,0.3639408,CASAMIGOS - REPOSADO,,,Tequila,,[],,93.99,,,,,,,[],,,852053,,[],,2138,2024-03-11 19:10:01,,1,"['00652341401024', '00856724006213', '00652341110049', '00083089451000']",False,,0.75,[],CASAMIGOS - REPOSADO,,Mexico,False,,2,2,,,False,196.0, REPOSADO,0.4,,False,[],SR,,CASAMIGOS ,MX,,Gold Tequila,Tequila,False,False,0,93.99,,,,,casamigos - reposado,,,,Spirits,[],True,,,1004,1022,1272,1603.5,200950.62,0.30000000000000004,313.29999999999995,0.98989898989899
311,bcls,product,483722,0.35400322,CASAMIGOS - REPOSADO TEQUILA,,,Tequila,,[],,204.99,,,,,,,[],,,483722,,[],,285,2024-03-11 19:10:01,,1,['00088076187313'],False,,1.75,[],CASAMIGOS - REPOSADO TEQUILA,,Mexico,False,,2,2,,,False,50.0, REPOSADO TEQUILA,0.4,,False,[],SR,,CASAMIGOS ,MX,,Gold Tequila,Tequila,False,False,0,204.99,,,,,casamigos - reposado tequila,,,,Spirits,[],True,,,1004,1022,1272,498.75,58422.15,0.7000000000000001,292.84285714285716,0.25252525252525254
312,bcls,product,9688,0.3639408,CATTO - RARE OLD SCOTTISH,,,Whisky,,[],True,41.99,,,2024-03-03T00:00:00.000-08:00,,,2024-03-03T00:00:00.000-08:00,['On Sale'],2024-03-31T00:00:00.000-07:00,,9688,True,[],,1247,2024-03-11 19:10:01,,1,"['05010509465229', '00626990008033', '05010509880206']",False,,1.14,[],CATTO - RARE OLD SCOTTISH,,United Kingdom,False,,2,2,,,False,146.0, RARE OLD SCOTTISH,0.4,,False,['On Sale'],SR,,CATTO ,GB,,Blended Scotch Whisky,Whisky / Whiskey,False,False,0,39.99,,,,,catto - rare old scottish,,2024-03-31T00:00:00.000-07:00,,Spirits,[],True,,,1004,1024,1283,1421.58,52361.530000000006,0.45599999999999996,92.08333333333334,0.7373737373737373
313,bcls,product,772376,0.35400322,CAZADORES - ANEJO,,,Tequila,,[],,47.99,,,,,,,[],,,772376,,[],,1477,2024-03-11 19:10:01,,1,"['00080480172527', '00080480980689']",False,,0.75,[],CAZADORES - ANEJO,,Mexico,False,,2,2,,,False,159.0, ANEJO,0.4,,False,[],SR,,CAZADORES ,MX,,Gold Tequila,Tequila,False,False,0,47.99,,,,,cazadores - anejo,,,,Spirits,[],True,,,1004,1022,1272,1107.75,70881.23,0.30000000000000004,159.96666666666664,0.803030303030303
314,bcls,product,773143,0.3639408,CAZADORES - BLANCO,,,Tequila,,[],,40.99,,,,,,,[],,,773143,,[],,4676,2024-03-11 19:10:01,,1,"['00080480981082', '00080480172022']",False,,0.75,[],CAZADORES - BLANCO,,Mexico,False,,2,2,,,False,197.0, BLANCO,0.4,,False,[],SR,,CAZADORES ,MX,,Blanco/Silver Tequila,Tequila,False,False,0,40.99,,,,,cazadores - blanco,,,,Spirits,[],True,,,1004,1022,1270,3507.0,191669.24000000002,0.30000000000000004,136.63333333333333,0.9949494949494949
315,bcls,product,58939,0.35400322,CAZADORES - REPOSADO,,,Tequila,,[],,93.99,,,,,,,['BCL Select'],,,58939,,[],,493,2024-03-11 19:10:01,,1,['00080480170004'],False,,1.75,[],CAZADORES - REPOSADO,,Mexico,False,,2,2,,,False,58.0, REPOSADO,0.4,,True,['BCL Select'],C,,CAZADORES ,MX,,Gold Tequila,Tequila,False,False,0,93.99,,,,,cazadores - reposado,,,,Spirits,"[{'id': 'empty-placeholder', 'label': '&nbsp;', 'labelLengthWithoutTags': 1}, {'id': 'exclusive', 'label': 'ONLY@BCL', 'labelLengthWithoutTags': 8}]",True,,,1004,1022,1272,862.75,46337.07,0.7000000000000001,134.27142857142854,0.29292929292929293
316,bcls,product,426987,0.3639408,CAZADORES - REPOSADO,,,Tequila,,[],,3.99,,,,,,,[],,,426987,,[],,8968,2024-03-11 19:10:01,,1,['00080480984069'],False,,0.05,[],CAZADORES - REPOSADO,,Mexico,False,,2,2,,,False,102.0, REPOSADO,0.4,,False,[],SH,,CAZADORES ,MX,,Gold Tequila,Tequila,False,False,0,3.99,,,,,cazadores - reposado,,,,Spirits,[],True,,,1004,1022,1272,448.40000000000003,35782.32,0.020000000000000004,199.49999999999997,0.5151515151515151
317,bcls,product,772293,0.3639408,CAZADORES - REPOSADO,,,Tequila,,['Spring into Fresh Flavours'],,43.99,,,,,,,[],,,772293,,['Spring into Fresh Flavours'],,4697,2024-03-11 19:10:01,,1,"['00080480170028', '00080480980566']",False,,0.75,[],CAZADORES - REPOSADO,,Mexico,False,,2,2,,,False,197.0, REPOSADO,0.4,,False,[],G,,CAZADORES ,MX,,Gold Tequila,Tequila,False,False,0,43.99,,,"[{'urlAlias': '/promotion/spring', 'name': 'Spring into Fresh Flavours', 'promoCode': '2024SPRINGSEASONAL', 'published': True, 'shortName': ''}]","[{'urlAlias': '/promotion/spring', 'name': 'Spring into Fresh Flavours', 'promoCode': '2024SPRINGSEASONAL', 'published': True, 'shortName': ''}]",cazadores - reposado,,,,Spirits,"[{'id': 'empty-placeholder', 'label': '&nbsp;', 'labelLengthWithoutTags': 1}, {'id': 'featured', 'label': 'FEATURED', 'labelLengthWithoutTags': 8}]",True,,,1004,1022,1272,3522.75,206621.03,0.30000000000000004,146.63333333333333,0.9949494949494949
318,bcls,product,387209,0.35400322,CENTENNIAL - CANADIAN RYE LIMITED EDITION,,,Whisky,,[],,24.99,,,,,,,[],,,387209,,[],,2180,2024-03-11 19:10:01,,1,['00774827872095'],False,,0.75,[],CENTENNIAL - CANADIAN RYE LIMITED EDITION,,Canada,False,,2,2,,,False,188.0, CANADIAN RYE LIMITED EDITION,0.4,,False,[],SR,,CENTENNIAL ,CA,,Canadian Whisky,Whisky / Whiskey,False,False,0,24.99,,,,,centennial - canadian rye limited edition,,,,Spirits,[],True,,,1004,1024,1285,1635.0,54478.2,0.30000000000000004,83.29999999999998,0.9494949494949495
319,bcls,product,70573,0.3639408,CHAMBORD - BLACK RASPBERRY,,,Liqueurs,,[],,45.49,,,,,,,[],,,70573,,[],,1861,2024-03-11 19:10:01,,1,"['08004027034545', '00083300034531']",False,,0.75,[],CHAMBORD - BLACK RASPBERRY,,France,False,,2,2,,,False,185.0, BLACK RASPBERRY,0.165,,False,[],SR,,CHAMBORD ,FR,,Fruit Liqueurs,Liqueurs,False,False,0,45.49,,,,,chambord - black raspberry,,,,Spirits,[],True,,,1004,1019,1211,1395.75,84656.89,0.12375,367.59595959595964,0.9343434343434344
320,bcls,product,37333,0.35400322,CHARTREUSE - GREEN,,,Liqueurs,,[],,49.99,,,,,,,[],,,37333,,[],,826,2024-03-11 19:10:01,,1,['03023480110370'],False,,0.375,[],CHARTREUSE - GREEN,,France,False,,2,2,,,False,106.0, GREEN,0.55,,False,[],SR,,CHARTREUSE ,FR,,Anise And Herbal/Spice Liqueurs,Liqueurs,False,False,0,49.99,,,,,chartreuse - green,,,,Spirits,[],True,,,1004,1019,1208,309.75,41291.740000000005,0.20625000000000002,242.37575757575758,0.5353535353535354
321,bcls,product,363674,0.35400322,CHATEAU DE LAUBADE -  BAS ARMAGNAC 1994 CASK STRENGTH,,,Grape and Fruit Brandy,,[],,264.99,,,,,,,[],,,363674,,[],,41,2024-03-11 19:10:01,,1,['00659651115160'],False,,0.7,[],CHATEAU DE LAUBADE -  BAS ARMAGNAC 1994 CASK STRENGTH,,France,False,,2,2,,,False,9.0,  BAS ARMAGNAC 1994 CASK STRENGTH,0.512,,False,[],SM,,CHATEAU DE LAUBADE ,FR,,Armagnac,Other Spirits,False,False,0,264.99,,,,,chateau de laubade -  bas armagnac 1994 cask strength,,,,Spirits,[],True,,,1004,1018,1170,28.7,10864.59,0.3584,739.3694196428572,0.045454545454545456
322,bcls,product,193813,0.3639408,CHATEAU DE LAUBADE - 1888,,,Grape and Fruit Brandy,,[],,8800.0,,,,,,,['BCL Select'],,,193813,,[],,1,2024-03-11 19:10:01,,1,['00659651070889'],False,,0.5,[],CHATEAU DE LAUBADE - 1888,,France,False,,3,3,,,False,1.0, 1888,0.4,,True,['BCL Select'],C,,CHATEAU DE LAUBADE ,FR,,Armagnac,Other Spirits,False,False,1,8800.0,,,,,chateau de laubade - 1888,,,,Spirits,"[{'id': 'empty-placeholder', 'label': '&nbsp;', 'labelLengthWithoutTags': 1}, {'id': 'exclusive', 'label': 'ONLY@BCL', 'labelLengthWithoutTags': 8}]",True,,,1004,1018,1170,0.5,8800.0,0.2,44000.0,0.005050505050505051
323,bcls,product,330633,0.3639408,CHATEAU DE LAUBADE - 1984 BAS ARMAGNAC,,,Grape and Fruit Brandy,,[],,210.0,,,,,,,[],,,330633,,[],,75,2024-03-11 19:10:01,,1,['00659651103464'],False,,0.7,[],CHATEAU DE LAUBADE - 1984 BAS ARMAGNAC,,France,False,,2,2,,,False,14.0, 1984 BAS ARMAGNAC,0.4,,False,[],ST,,CHATEAU DE LAUBADE ,FR,,Armagnac,Other Spirits,False,False,0,210.0,,,,,chateau de laubade - 1984 bas armagnac,,,,Spirits,[],True,,,1004,1018,1170,52.5,15750.0,0.27999999999999997,750.0000000000001,0.0707070707070707
324,bcls,product,24380,0.35400322,CHERRY BRANDY - BOLS,,,Liqueurs,,[],,20.99,,,,,,,[],,,24380,,[],,2006,2024-03-11 19:10:01,,1,"['00080915078257', '00080915135028']",False,,0.75,[],CHERRY BRANDY - BOLS,,Netherlands,False,,2,2,,,False,155.0, BOLS,0.24,,False,[],SR,,CHERRY BRANDY ,NL,,Fruit Liqueurs,Liqueurs,False,False,0,20.99,,,,,cherry brandy - bols,,,,Spirits,[],True,,,1004,1019,1211,1504.5,42105.939999999995,0.18,116.6111111111111,0.7828282828282829
325,bcls,product,56440,0.35400322,CHIVAS BROTHERS - 21 YEAR OLD ROYAL SALUTE,,,Whisky,,[],,198.99,,,,,,,[],,,56440,,[],,569,2024-03-11 19:10:01,,1,"['00080432400524', '00087000006546', '05000299211243']",False,,0.75,[],CHIVAS BROTHERS - 21 YEAR OLD ROYAL SALUTE,,United Kingdom,False,,2,2,,,False,88.0, 21 YEAR OLD ROYAL SALUTE,0.4,,False,[],SR,,CHIVAS BROTHERS ,GB,,Blended Scotch Whisky,Whisky / Whiskey,False,False,0,198.99,,,,,chivas brothers - 21 year old royal salute,,,,Spirits,[],True,,,1004,1024,1283,426.75,113225.31000000001,0.30000000000000004,663.3,0.4444444444444444
326,bcls,product,307286,0.35400322,CHIVAS BROTHERS - 21 YEAR OLD ROYAL SALUTE LUNAR NY LE 2024,,,Whisky,,[],,198.99,,,,,,,['BCL Select'],,,307286,,[],,184,2024-03-11 19:10:01,,1,['05000299624715'],False,,0.7,[],CHIVAS BROTHERS - 21 YEAR OLD ROYAL SALUTE LUNAR NY LE 2024,,United Kingdom,False,,3,3,,,False,16.0, 21 YEAR OLD ROYAL SALUTE LUNAR NY LE 2024,0.4,,True,['BCL Select'],C,,CHIVAS BROTHERS ,GB,,Blended Scotch Whisky,Whisky / Whiskey,False,False,0,198.99,,,,,chivas brothers - 21 year old royal salute lunar ny le 2024,,,,Spirits,"[{'id': 'empty-placeholder', 'label': '&nbsp;', 'labelLengthWithoutTags': 1}, {'id': 'exclusive', 'label': 'ONLY@BCL', 'labelLengthWithoutTags': 8}]",False,,,1004,1024,1283,128.79999999999998,36614.16,0.27999999999999997,710.6785714285716,0.08080808080808081
327,bcls,product,68312,0.35400322,CHIVAS REGAL - 12 YEAR OLD,,,Whisky,,[],,108.99,,,,,,,[],,,68312,,[],,569,2024-03-11 19:10:01,,1,"['00087000400351', '00080432400463']",False,,1.75,[],CHIVAS REGAL - 12 YEAR OLD,,United Kingdom,False,,2,2,,,False,51.0, 12 YEAR OLD,0.4,,False,[],SR,,CHIVAS REGAL ,GB,,Blended Scotch Whisky,Whisky / Whiskey,False,False,0,108.99,,,,,chivas regal - 12 year old,,,,Spirits,[],True,,,1004,1024,1283,995.75,62015.31,0.7000000000000001,155.7,0.25757575757575757
328,bcls,product,7617,0.3639408,CHIVAS REGAL - 12 YEAR OLD,,,Whisky,,[],,60.99,,,,,,,[],,,7617,,[],,2108,2024-03-11 19:10:01,,1,"['00080432400395', '00087000004092']",False,,0.75,[],CHIVAS REGAL - 12 YEAR OLD,,United Kingdom,False,,2,2,,,False,155.0, 12 YEAR OLD,0.4,,False,[],G,,CHIVAS REGAL ,GB,,Blended Scotch Whisky,Whisky / Whiskey,False,False,0,60.99,,,,,chivas regal - 12 year old,,,,Spirits,[],True,,,1004,1024,1283,1581.0,128566.92,0.30000000000000004,203.29999999999998,0.7828282828282829
329,bcls,product,9274,0.3639408,CHIVAS REGAL - 12 YEAR OLD,,,Whisky,,[],True,85.99,,,2024-03-03T00:00:00.000-08:00,,,2024-03-03T00:00:00.000-08:00,['On Sale'],2024-03-31T00:00:00.000-07:00,,9274,True,[],,952,2024-03-11 19:10:01,,1,"['00080432402689', '00087000650060']",False,,1.14,[],CHIVAS REGAL - 12 YEAR OLD,,United Kingdom,False,,3,3,,,False,94.0, 12 YEAR OLD,0.4,,False,['On Sale'],SR,,CHIVAS REGAL ,GB,,Blended Scotch Whisky,Whisky / Whiskey,False,False,0,82.49,,,,,chivas regal - 12 year old,,2024-03-31T00:00:00.000-07:00,,Spirits,[],True,,,1004,1024,1283,1085.28,81862.48,0.45599999999999996,188.57456140350877,0.47474747474747475
330,bcls,product,447381,0.35400322,CHIVAS REGAL - XV,,,Whisky,,[],,89.99,,,,,,,[],,,447381,,[],,526,2024-03-11 19:10:01,,1,"['05000299622094', '05000299622292']",False,,0.75,[],CHIVAS REGAL - XV,,United Kingdom,False,,2,2,,,False,52.0, XV,0.4,,False,[],SH,,CHIVAS REGAL ,GB,,Blended Scotch Whisky,Whisky / Whiskey,False,False,0,89.99,,,,,chivas regal - xv,,,,Spirits,[],True,,,1004,1024,1283,394.5,47334.74,0.30000000000000004,299.9666666666666,0.26262626262626265
331,bcls,product,791210,0.3639408,CHOPIN -  POTATO,,,Vodka,,[],,48.99,,,,,,,['BCL Select'],,,791210,,[],,959,2024-03-11 19:10:01,,1,['00852935001269'],False,,0.75,[],CHOPIN -  POTATO,,Poland,False,,2,2,,,False,89.0,  POTATO,0.4,,True,['BCL Select'],C,,CHOPIN ,PL,,Straight Vodka,Vodka,False,False,0,48.99,,,,,chopin -  potato,,,,Spirits,"[{'id': 'empty-placeholder', 'label': '&nbsp;', 'labelLengthWithoutTags': 1}, {'id': 'exclusive', 'label': 'ONLY@BCL', 'labelLengthWithoutTags': 8}]",True,,,1004,1023,1281,719.25,46981.41,0.30000000000000004,163.29999999999998,0.4494949494949495
332,bcls,product,107381,0.35400322,CHOYA - GOLD EDITION,,,Asian Spirits,,[],,205.99,,,,,,,[],,,107381,,[],,117,2024-03-11 19:10:01,,1,['04905846114637'],False,,0.5,[],CHOYA - GOLD EDITION,,Japan,False,,2,2,,,False,14.0, GOLD EDITION,0.19,,False,[],SH,,CHOYA ,JP,,Other Country Asian Spirits,Other Spirits,False,False,0,205.99,,,,,choya - gold edition,,,,Spirits,[],True,,,1004,1016,1066,58.5,24100.83,0.095,2168.315789473684,0.0707070707070707
333,bcls,product,9035,0.3639408,CHOYA 23 - UMESHU JAPANESE PLUM LIQUEUR,,,Asian Spirits,,[],,34.49,,,,,,,[],,,9035,,[],,619,2024-03-11 19:10:01,,1,['04905846114989'],False,,0.7,[],CHOYA 23 - UMESHU JAPANESE PLUM LIQUEUR,,Japan,False,,2,2,,,False,49.0, UMESHU JAPANESE PLUM LIQUEUR,0.23,,False,[],SH,,CHOYA 23 ,JP,,Other Country Asian Spirits,Other Spirits,False,False,0,34.49,,,,,choya 23 - umeshu japanese plum liqueur,,,,Spirits,[],True,,,1004,1016,1066,433.29999999999995,21349.31,0.161,214.22360248447205,0.2474747474747475
334,bcls,product,330338,0.3639408,CHUM CHURUM - SAERO SOJU,,,Asian Spirits,,[],,8.39,,,,,,,[],,,330338,,[],,1288,2024-03-11 19:10:01,,1,['08801056053024'],False,,0.375,[],CHUM CHURUM - SAERO SOJU,,Korea - South,False,,2,2,,,False,41.0, SAERO SOJU,0.16,,False,[],SH,,CHUM CHURUM ,KR,,Korea Spirits,Other Spirits,False,False,0,8.39,,,,,chum churum - saero soju,,,,Spirits,[],True,,,1004,1016,1065,483.0,10806.320000000002,0.06,139.83333333333334,0.20707070707070707
335,bcls,product,105767,0.35400322,CHUM CHURUM ORIGINAL - SOJU,,,Asian Spirits,,[],,8.79,,,,,,,[],,,105767,,[],,3702,2024-03-11 19:10:01,,1,['00626990094982'],False,,0.36,[],CHUM CHURUM ORIGINAL - SOJU,,Korea - South,False,,2,2,,,False,108.0, SOJU,0.165,,False,[],SR,,CHUM CHURUM ORIGINAL ,KR,,Korea Spirits,Other Spirits,False,False,0,8.79,,,,,chum churum original - soju,,,,Spirits,[],True,,,1004,1016,1065,1332.72,32540.579999999998,0.0594,147.97979797979795,0.5454545454545454
336,bcls,product,172850,0.3639408,CHUM CHURUM ORIGINAL SOJU,,,Asian Spirits,,[],,18.29,,,,,,,[],,,172850,,[],,526,2024-03-11 19:10:01,,1,['00649241928690'],False,,0.75,[],CHUM CHURUM ORIGINAL SOJU,,Korea - South,False,,2,2,,,False,33.0,CHUM CHURUM ORIGINAL SOJU,0.165,,False,[],SR,,,KR,,Korea Spirits,Other Spirits,False,False,0,18.29,,,,,chum churum original soju,,,,Spirits,[],True,,,1004,1016,1065,394.5,9620.539999999999,0.12375,147.7979797979798,0.16666666666666666
337,bcls,product,531371,0.35400322,CINCORO - TEQUILA BLANCO,,,Tequila,,[],,149.99,,,,,,,[],,,531371,,[],,326,2024-03-11 19:10:01,,1,['00850008649011'],False,,0.75,[],CINCORO - TEQUILA BLANCO,,Mexico,False,,3,3,,,False,47.0, TEQUILA BLANCO,0.4,,False,[],SH,,CINCORO ,MX,,Blanco/Silver Tequila,Tequila,False,False,0,149.99,,,,,cincoro - tequila blanco,,,,Spirits,[],True,,,1004,1022,1270,244.5,48896.740000000005,0.30000000000000004,499.96666666666664,0.23737373737373738
338,bcls,product,355826,0.3639408,CIROC,,,Vodka,,[],,50.99,,,,,,,[],,,355826,,[],,2096,2024-03-11 19:10:01,,1,"['00088076179493', '00088076161863']",False,,0.75,[],CIROC,,France,False,,2,2,,,False,155.0,CIROC,0.4,,False,[],SR,,,FR,,Straight Vodka,Vodka,False,False,0,50.99,,,,,ciroc,,,,Spirits,[],True,,,1004,1023,1281,1572.0,106875.04000000001,0.30000000000000004,169.96666666666664,0.7828282828282829
339,bcls,product,953638,0.3639408,CIROC - APPLE,,,Vodka,,[],,51.99,,,,,,,[],,,953638,,[],,205,2024-03-11 19:10:01,,1,['00082000780038'],False,,0.75,[],CIROC - APPLE,,France,False,,3,3,,,False,18.0, APPLE,0.35,,False,[],SR,,CIROC ,FR,,Flavoured Vodka,Vodka,False,False,0,51.99,,,,,ciroc - apple,,,,Spirits,[],True,,,1004,1023,1280,153.75,10657.95,0.26249999999999996,198.0571428571429,0.09090909090909091
340,bcls,product,295579,0.3639408,CIROC - PASSION,,,Vodka,,['New'],,51.99,,,,,,,[],,,295579,,['New'],,784,2024-03-11 19:10:01,,1,['00088076189065'],False,,0.75,[],CIROC - PASSION,,France,False,,3,3,,,False,66.0, PASSION,0.3,,False,[],SH,,CIROC ,FR,,Flavoured Vodka,Vodka,False,False,0,51.99,,,"[{'urlAlias': '/promotion/new-arrivals', 'name': 'New For You', 'promoCode': '2023NEW', 'published': True, 'shortName': 'New'}]","[{'urlAlias': '/promotion/new-arrivals', 'name': 'New For You', 'promoCode': '2023NEW', 'published': True, 'shortName': 'New'}]",ciroc - passion,,,,Spirits,"[{'id': 'empty-placeholder', 'label': '&nbsp;', 'labelLengthWithoutTags': 1}, {'id': 'featured', 'label': 'FEATURED', 'labelLengthWithoutTags': 8}]",True,,,1004,1023,1280,588.0,40760.16,0.22499999999999998,231.0666666666667,0.3333333333333333
341,bcls,product,621599,0.3639408,CIROC - PEACH,,,Vodka,,[],,51.99,,,,,,,[],,,621599,,[],,1618,2024-03-11 19:10:01,,1,['00088076178731'],False,,0.75,[],CIROC - PEACH,,France,False,,2,2,,,False,142.0, PEACH,0.35,,False,[],SR,,CIROC ,FR,,Flavoured Vodka,Vodka,False,False,0,51.99,,,,,ciroc - peach,,,,Spirits,[],True,,,1004,1023,1280,1213.5,84119.82,0.26249999999999996,198.0571428571429,0.7171717171717171
342,bcls,product,430256,0.3639408,CIROC - PINEAPPLE,,,Vodka,,[],,51.99,,,,,,,[],,,430256,,[],,1295,2024-03-11 19:10:01,,1,['00088076180406'],False,,0.75,[],CIROC - PINEAPPLE,,France,False,,2,2,,,False,115.0, PINEAPPLE,0.35,,False,[],SR,,CIROC ,FR,,Flavoured Vodka,Vodka,False,False,0,51.99,,,,,ciroc - pineapple,,,,Spirits,[],True,,,1004,1023,1280,971.25,67327.05,0.26249999999999996,198.0571428571429,0.5808080808080808
343,bcls,product,404743,0.3639408,CIROC - POMEGRANATE,,,Vodka,,[],,50.99,,,,,,,[],,,404743,,[],,6,2024-03-11 19:10:01,,1,['00088076186057'],False,,0.75,[],CIROC - POMEGRANATE,,Italy,False,,3,3,,,False,2.0, POMEGRANATE,0.35,,False,[],SH,,CIROC ,IT,,Flavoured Vodka,Vodka,False,False,1,50.99,,,,,ciroc - pomegranate,,,,Spirits,[],True,,,1004,1023,1280,4.5,305.94,0.26249999999999996,194.24761904761908,0.010101010101010102
344,bcls,product,650192,0.3639408,CIROC - RED BERRY,,,Vodka,,[],,51.99,,,,,,,[],,,650192,,[],,1289,2024-03-11 19:10:01,,1,['00088076178748'],False,,0.75,[],CIROC - RED BERRY,,France,False,,2,2,,,False,120.0, RED BERRY,0.35,,False,[],SR,,CIROC ,FR,,Flavoured Vodka,Vodka,False,False,0,51.99,,,,,ciroc - red berry,,,,Spirits,[],True,,,1004,1023,1280,966.75,67015.11,0.26249999999999996,198.0571428571429,0.6060606060606061
345,bcls,product,93156,0.35400322,CIROC - SUMMER CITRUS,,,Vodka,,[],,51.99,,,,,,,[],,,93156,,[],,346,2024-03-11 19:10:01,,1,['00088076185401'],False,,0.75,[],CIROC - SUMMER CITRUS,,France,False,,3,3,,,False,45.0, SUMMER CITRUS,0.35,,False,[],SH,,CIROC ,FR,,Flavoured Vodka,Vodka,False,False,0,51.99,,,,,ciroc - summer citrus,,,,Spirits,[],True,,,1004,1023,1280,259.5,17988.54,0.26249999999999996,198.0571428571429,0.22727272727272727
346,bcls,product,194314,0.3639408,CIROC - SUMMER WATERMELON,,,Vodka,,[],,51.99,,,,,,,[],,,194314,,[],,180,2024-03-11 19:10:01,,1,['00088076183735'],False,,0.75,[],CIROC - SUMMER WATERMELON,,France,False,,3,3,,,False,8.0, SUMMER WATERMELON,0.35,,False,[],SH,,CIROC ,FR,,Flavoured Vodka,Vodka,False,False,0,51.99,,,,,ciroc - summer watermelon,,,,Spirits,[],True,,,1004,1023,1280,135.0,9358.2,0.26249999999999996,198.0571428571429,0.04040404040404041
347,bcls,product,232587,0.35400322,CITADELLE,,,Gin,,[],True,37.99,,,2024-03-03T00:00:00.000-08:00,,,2024-03-03T00:00:00.000-08:00,['On Sale'],2024-03-31T00:00:00.000-07:00,,232587,True,[],,1432,2024-03-11 19:10:01,,1,['00695521103011'],False,,0.75,[],CITADELLE,,France,False,,2,2,,,False,137.0,CITADELLE,0.44,,False,['On Sale'],SR,,,FR,,Dry Gin,Gin,False,False,0,32.99,,,,,citadelle,,2024-03-31T00:00:00.000-07:00,,Spirits,[],True,,,1004,1017,1168,1074.0,54401.68,0.33,115.12121212121212,0.6919191919191919
348,bcls,product,545772,0.3639408,CLASE AZUL - ANEJO,,,Tequila,,[],,910.99,,,,,,,[],,,545772,,[],,147,2024-03-11 19:10:01,,1,['00081240120758'],False,,0.75,[],CLASE AZUL - ANEJO,,Mexico,False,,2,2,,,False,45.0, ANEJO,0.4,,False,[],SH,,CLASE AZUL ,MX,,Gold Tequila,Tequila,False,False,0,910.99,,,,,clase azul - anejo,,,,Spirits,[],True,,,1004,1022,1272,110.25,133915.53,0.30000000000000004,3036.6333333333328,0.22727272727272727
349,bcls,product,391216,0.3639408,CLASE AZUL - GOLD,,,Tequila,,[],,565.99,,,,,,,[],,,391216,,[],,153,2024-03-11 19:10:01,,1,['00020212030039'],False,,0.75,[],CLASE AZUL - GOLD,,Mexico,False,,2,2,,,False,39.0, GOLD,0.4,,False,[],ST,,CLASE AZUL ,MX,,Gold Tequila,Tequila,False,False,0,565.99,,,,,clase azul - gold,,,,Spirits,[],True,,,1004,1022,1272,114.75,86596.47,0.30000000000000004,1886.633333333333,0.19696969696969696
350,bcls,product,164353,0.3639408,CLASE AZUL - MEZCAL,,,Tequila,,[],,530.99,,,,,,,[],,,164353,,[],,81,2024-03-11 19:10:01,,1,['00081240501106'],False,,0.75,[],CLASE AZUL - MEZCAL,,Mexico,False,,2,2,,,False,24.0, MEZCAL,0.44,,False,[],SH,,CLASE AZUL ,MX,,Mezcal,Tequila,False,False,0,530.99,,,,,clase azul - mezcal,,,,Spirits,[],True,,,1004,1022,1273,60.75,43010.19,0.33,1609.060606060606,0.12121212121212122
351,bcls,product,8607,0.35400322,CLASE AZUL - PLATA 100 WEBER BLUE AGAVE,,,Tequila,,[],,255.99,,,,,,,[],,,8607,,[],,442,2024-03-11 19:10:01,,1,"['00850014275105', '00081240049547']",False,,0.75,[],CLASE AZUL - PLATA 100 WEBER BLUE AGAVE,,Mexico,False,,2,2,,,False,78.0, PLATA 100 WEBER BLUE AGAVE,0.4,,False,[],SR,,CLASE AZUL ,MX,,Blanco/Silver Tequila,Tequila,False,False,0,255.99,,,,,clase azul - plata 100 weber blue agave,,,,Spirits,[],True,,,1004,1022,1270,331.5,113147.58,0.30000000000000004,853.3,0.3939393939393939
352,bcls,product,763037,0.35400322,CLASE AZUL - REPOSADO,,,Tequila,,[],,316.99,,,,,,,[],,,763037,,[],,945,2024-03-11 19:10:01,,1,"['00850014275099', '00081240049516']",False,,0.75,[],CLASE AZUL - REPOSADO,,Mexico,False,,2,2,,,False,145.0, REPOSADO,0.4,,False,[],SR,,CLASE AZUL ,MX,,Gold Tequila,Tequila,False,False,0,316.99,,,,,clase azul - reposado,,,,Spirits,[],True,,,1004,1022,1272,708.75,299555.55,0.30000000000000004,1056.6333333333332,0.7323232323232324
353,bcls,product,436444,0.35400322,CLASE AZUL - ULTRA AGED,,,Tequila,,[],,3410.0,,,,,,,[],,,436444,,[],,29,2024-03-11 19:10:01,,1,['00081240049905'],False,,0.75,[],CLASE AZUL - ULTRA AGED,,Mexico,False,,3,3,,,False,12.0, ULTRA AGED,0.4,,False,[],ST,,CLASE AZUL ,MX,,Gold Tequila,Tequila,False,False,0,3410.0,,,,,clase azul - ultra aged,,,,Spirits,[],True,,,1004,1022,1272,21.75,98890.0,0.30000000000000004,11366.666666666664,0.06060606060606061
354,bcls,product,86374,0.3639408,CLONAKILTY - SINGLE BATCH DOUBLE OAK IRISH WHISKEY,,,Whisky,,[],,79.99,,,,,,,[],,,86374,,[],,226,2024-03-11 19:10:01,,1,"['00816136022157', '00816136024977']",False,,0.75,[],CLONAKILTY - SINGLE BATCH DOUBLE OAK IRISH WHISKEY,,Ireland,False,,2,2,,,False,36.0, SINGLE BATCH DOUBLE OAK IRISH WHISKEY,0.436,,False,[],ST,,CLONAKILTY ,IE,,Irish Whiskey,Whisky / Whiskey,False,False,0,79.99,,,,,clonakilty - single batch double oak irish whiskey,,,,Spirits,[],True,,,1004,1024,1287,169.5,18077.739999999998,0.327,244.61773700305807,0.18181818181818182
355,bcls,product,423263,0.35400322,CLOUD HOUSE -  COLD BREW INFUSED COLOMBIAN RUM,,,Rum,,[],,39.99,,,,,,,[],,,423263,,[],,596,2024-03-11 19:10:01,,1,['00848819031002'],False,,0.75,[],CLOUD HOUSE -  COLD BREW INFUSED COLOMBIAN RUM,,Columbia,False,,2,2,,,False,70.0,  COLD BREW INFUSED COLOMBIAN RUM,0.31,,False,[],SH,,CLOUD HOUSE ,CO,,Amber Rum,Rum,False,False,0,39.99,,,,,cloud house -  cold brew infused colombian rum,,,,Spirits,[],True,,,1004,1021,1252,447.0,23834.04,0.23249999999999998,172.00000000000003,0.35353535353535354
356,bcls,product,235529,0.3639408,CLYNELISH - 10 YO SPECIAL RELEASE 2023,,,Whisky,,[],,255.99,,,,,,,['BCL Select'],,,235529,,[],,18,2024-03-11 19:10:01,Highland,1,['00088076188754'],False,,0.75,[],CLYNELISH - 10 YO SPECIAL RELEASE 2023,,United Kingdom,False,Scotland,3,3,,,False,4.0, 10 YO SPECIAL RELEASE 2023,0.575,,True,['BCL Select'],C,,CLYNELISH ,GB,,Single Malt Scotch Whisky,Whisky / Whiskey,False,False,0,255.99,,,,,clynelish - 10 yo special release 2023,,,,Spirits,"[{'id': 'empty-placeholder', 'label': '&nbsp;', 'labelLengthWithoutTags': 1}, {'id': 'exclusive', 'label': 'ONLY@BCL', 'labelLengthWithoutTags': 8}]",True,,,1004,1024,1289,13.5,4607.82,0.43124999999999997,593.6,0.020202020202020204
357,bcls,product,350556,0.35400322,CODIGO 1530 - GEORGE STRAIT ROSA REPOSADO,,,Tequila,,[],,149.99,,,,,,,[],,,350556,,[],,153,2024-03-11 19:10:01,,1,['00850018046084'],False,,0.75,[],CODIGO 1530 - GEORGE STRAIT ROSA REPOSADO,,Mexico,False,,2,2,,,False,36.0, GEORGE STRAIT ROSA REPOSADO,0.4,,False,[],SM,,CODIGO 1530 ,MX,,Gold Tequila,Tequila,False,False,0,149.99,,,,,codigo 1530 - george strait rosa reposado,,,,Spirits,[],True,,,1004,1022,1272,114.75,22948.47,0.30000000000000004,499.96666666666664,0.18181818181818182
358,bcls,product,194124,0.35400322,CODIGO 1530 - TEQUILA ROSA,,,Tequila,,[],,94.99,,,,,,,[],,,194124,,[],,133,2024-03-11 19:10:01,,1,"['00850018046541', '00859061006601', '00859061006618', '00859061006113']",False,,0.75,[],CODIGO 1530 - TEQUILA ROSA,,Mexico,False,,3,3,,,False,29.0, TEQUILA ROSA,0.4,,False,[],SM,,CODIGO 1530 ,MX,,Blanco/Silver Tequila,Tequila,False,False,0,94.99,,,,,codigo 1530 - tequila rosa,,,,Spirits,[],True,,,1004,1022,1270,99.75,12633.67,0.30000000000000004,316.63333333333327,0.14646464646464646
359,bcls,product,6502,0.35400322,COINTREAU,,,Liqueurs,,[],True,43.99,,,2024-03-03T00:00:00.000-08:00,,,2024-03-03T00:00:00.000-08:00,['On Sale'],2024-03-31T00:00:00.000-07:00,,6502,True,[],,3117,2024-03-11 19:10:01,,1,['03035542002004'],False,,0.75,[],COINTREAU,,France,False,,2,2,,,False,195.0,COINTREAU,0.4,,False,['On Sale'],SR,,,FR,,Fruit Liqueurs,Liqueurs,False,False,0,40.99,,,,,cointreau,,2024-03-31T00:00:00.000-07:00,,Spirits,[],True,,,1004,1019,1211,2337.75,137116.83000000002,0.30000000000000004,146.63333333333333,0.9848484848484849
360,bcls,product,10322,0.3639408,COINTREAU,,,Liqueurs,,[],,24.49,,,,,,,[],,,10322,,[],,2333,2024-03-11 19:10:01,,1,['03035542011303'],False,,0.375,[],COINTREAU,,France,False,,2,2,,,False,188.0,COINTREAU,0.4,,False,[],SR,,,FR,,Fruit Liqueurs,Liqueurs,False,False,0,24.49,,,,,cointreau,,,,Spirits,[],True,,,1004,1019,1211,874.875,57135.17,0.15000000000000002,163.26666666666662,0.9494949494949495
361,bcls,product,469899,0.3639408,COLLINGWOOD - SIGNATURE BLEND WHISKY,,,Whisky,,[],,30.99,,,,,,,[],,,469899,,[],,558,2024-03-11 19:10:01,,1,['00088004054687'],False,,0.75,[],COLLINGWOOD - SIGNATURE BLEND WHISKY,,Canada,False,,2,2,,,False,50.0, SIGNATURE BLEND WHISKY,0.4,,False,[],SH,,COLLINGWOOD ,CA,,Canadian Whisky,Whisky / Whiskey,False,False,0,30.99,,,,,collingwood - signature blend whisky,,,,Spirits,[],True,,,1004,1024,1285,418.5,17292.42,0.30000000000000004,103.29999999999998,0.25252525252525254
362,bcls,product,604470,0.3639408,COMPASS BOX - PEAT MONSTER,,,Whisky,,[],True,92.99,,,2024-03-03T00:00:00.000-08:00,,,2024-03-03T00:00:00.000-08:00,['On Sale'],2024-03-31T00:00:00.000-07:00,,604470,True,[],,338,2024-03-11 19:10:01,,1,['00832889006213'],False,,0.75,[],COMPASS BOX - PEAT MONSTER,,United Kingdom,False,,2,2,,,False,41.0, PEAT MONSTER,0.46,,False,['On Sale'],SH,,COMPASS BOX ,GB,,Blended Malt Scotch Whisky,Whisky / Whiskey,False,False,0,87.99,,,,,compass box - peat monster,,2024-03-31T00:00:00.000-07:00,,Spirits,[],True,,,1004,1024,1291,253.5,31430.62,0.34500000000000003,269.53623188405794,0.20707070707070707
363,bcls,product,529032,0.3639408,COPA DE ORO,,,Liqueurs,,[],,19.99,,,,,,,[],,,529032,,[],,1234,2024-03-11 19:10:01,,1,"['00096749003204', '00009674900326', '00096749003297']",False,,0.75,[],COPA DE ORO,,Mexico,False,,3,3,,,False,120.0,COPA DE ORO,0.21,,False,[],SR,,,MX,,Coffee And Cocoa Liqueurs,Liqueurs,False,False,0,19.99,,,,,copa de oro,,,,Spirits,[],True,,,1004,1019,1209,925.5,24667.66,0.1575,126.92063492063491,0.6060606060606061
364,bcls,product,411675,0.35400322,CORAZON - BLANCO TEQUILA,,,Tequila,,[],True,68.99,,,2024-03-03T00:00:00.000-08:00,,,2024-03-03T00:00:00.000-08:00,['On Sale'],2024-03-31T00:00:00.000-07:00,,411675,True,[],,276,2024-03-11 19:10:01,,1,['00083089003971'],False,,0.75,[],CORAZON - BLANCO TEQUILA,,USA,False,,2,2,,,False,40.0, BLANCO TEQUILA,0.4,,False,['On Sale'],SH,,CORAZON ,US,,Blanco/Silver Tequila,Tequila,False,False,0,63.99,,,,,corazon - blanco tequila,,2024-03-31T00:00:00.000-07:00,,Spirits,[],True,,,1004,1022,1270,207.0,19041.239999999998,0.30000000000000004,229.9666666666666,0.20202020202020202
365,bcls,product,423216,0.35400322,COURAGEOUS SPIRITS - KINGS INCH SINGLE MALT SCOTCH WHISKY,,,Whisky,,[],,89.99,,,,,,,[],,,423216,,[],,58,2024-03-11 19:10:01,Lowland,1,['05060616210403'],False,,0.7,[],COURAGEOUS SPIRITS - KINGS INCH SINGLE MALT SCOTCH WHISKY,,United Kingdom,False,Scotland,3,3,,,False,13.0, KINGS INCH SINGLE MALT SCOTCH WHISKY,0.46,,False,[],SM,,COURAGEOUS SPIRITS ,GB,,Single Malt Scotch Whisky,Whisky / Whiskey,False,False,0,89.99,,,,,courageous spirits - kings inch single malt scotch whisky,,,,Spirits,[],True,,,1004,1024,1289,40.599999999999994,5219.42,0.322,279.47204968944095,0.06565656565656566
366,bcls,product,436314,0.35400322,COURVOISIER - MIZUNARA,,,Grape and Fruit Brandy,,[],,3250.0,,,,,,,['BCL Select'],,,436314,,[],,5,2024-03-11 19:10:01,,1,"['03049197710504', '03049197711006']",False,,0.7,[],COURVOISIER - MIZUNARA,,France,False,,2,2,,,False,2.0, MIZUNARA,0.48,,True,['BCL Select'],C,,COURVOISIER ,FR,,Cognac,Cognac,False,False,0,3250.0,,,,,courvoisier - mizunara,,,,Spirits,"[{'id': 'empty-placeholder', 'label': '&nbsp;', 'labelLengthWithoutTags': 1}, {'id': 'exclusive', 'label': 'ONLY@BCL', 'labelLengthWithoutTags': 8}]",True,,,1004,1018,1172,3.5,16250.0,0.33599999999999997,9672.61904761905,0.010101010101010102
367,bcls,product,1925,0.3639408,COURVOISIER - V.S.,,,Grape and Fruit Brandy,,[],True,68.99,,,2024-03-03T00:00:00.000-08:00,,,2024-03-03T00:00:00.000-08:00,['On Sale'],2024-03-31T00:00:00.000-07:00,,1925,True,[],,2235,2024-03-11 19:10:01,,1,"['03049197110786', '03049197110236', '03049197100213']",False,,0.75,[],COURVOISIER - V.S.,,France,False,,2,2,,,False,190.0, V.S.,0.4,,False,['On Sale'],SR,,COURVOISIER ,FR,,Cognac,Cognac,False,False,0,65.99,,,,,courvoisier - v.s.,,2024-03-31T00:00:00.000-07:00,,Spirits,[],True,,,1004,1018,1172,1676.25,154192.65,0.30000000000000004,229.9666666666666,0.9595959595959596
368,bcls,product,423442,0.3639408,COURVOISIER - V.S.,,,Grape and Fruit Brandy,,[],,39.99,,,,,,,[],,,423442,,[],,1991,2024-03-11 19:10:01,,1,"['03049197110823', '03049197110564', '03049197110274']",False,,0.375,[],COURVOISIER - V.S.,,France,False,,2,2,,,False,151.0, V.S.,0.4,,False,[],SR,,COURVOISIER ,FR,,Cognac,Cognac,False,False,0,39.99,,,,,courvoisier - v.s.,,,,Spirits,[],True,,,1004,1018,1172,746.625,79620.09000000001,0.15000000000000002,266.59999999999997,0.7626262626262627
369,bcls,product,9902,0.35400322,COURVOISIER - V.S.O.P,,,Grape and Fruit Brandy,,[],,109.99,,,,,,,[],,,9902,,[],,1837,2024-03-11 19:10:01,,1,"['03049197211025', '03049197210332', '03049197210783', '00089540129310']",False,,0.75,[],COURVOISIER - V.S.O.P,,France,False,,2,2,,,False,138.0, V.S.O.P,0.4,,False,[],SR,,COURVOISIER ,FR,,Cognac,Cognac,False,False,0,109.99,,,,,courvoisier - v.s.o.p,,,,Spirits,[],True,,,1004,1018,1172,1377.75,202051.63,0.30000000000000004,366.63333333333327,0.696969696969697
370,bcls,product,376200,0.3639408,COURVOISIER - VSOP ROUGE LUXE,,,Grape and Fruit Brandy,,[],,155.99,,,,,,,['BCL Select'],,,376200,,[],,243,2024-03-11 19:10:01,,1,['03049197710924'],False,,0.7,[],COURVOISIER - VSOP ROUGE LUXE,,France,False,,2,2,,,False,14.0, VSOP ROUGE LUXE,0.4,,True,['BCL Select'],C,,COURVOISIER ,FR,,Cognac,Cognac,False,False,0,155.99,,,,,courvoisier - vsop rouge luxe,,,,Spirits,"[{'id': 'empty-placeholder', 'label': '&nbsp;', 'labelLengthWithoutTags': 1}, {'id': 'exclusive', 'label': 'ONLY@BCL', 'labelLengthWithoutTags': 8}]",True,,,1004,1018,1172,170.1,37905.57,0.27999999999999997,557.107142857143,0.0707070707070707
371,bcls,product,376197,0.3639408,COURVOISIER - VSOP YINKA ILORI,,,Grape and Fruit Brandy,,[],,214.99,,,,,,,['BCL Select'],,,376197,,[],,48,2024-03-11 19:10:01,,1,['03049197711310'],False,,0.7,[],COURVOISIER - VSOP YINKA ILORI,,France,False,,2,2,,,False,4.0, VSOP YINKA ILORI,0.4,,True,['BCL Select'],C,,COURVOISIER ,FR,,Cognac,Cognac,False,False,0,214.99,,,,,courvoisier - vsop yinka ilori,,,,Spirits,"[{'id': 'empty-placeholder', 'label': '&nbsp;', 'labelLengthWithoutTags': 1}, {'id': 'exclusive', 'label': 'ONLY@BCL', 'labelLengthWithoutTags': 8}]",True,,,1004,1018,1172,33.599999999999994,10319.52,0.27999999999999997,767.8214285714287,0.020202020202020204
372,bcls,product,162784,0.35400322,COURVOISIER - X.O. IMPERIAL,,,Grape and Fruit Brandy,,[],,305.99,,,,,,,[],,,162784,,[],,468,2024-03-11 19:10:01,,1,"['03049197860049', '00089540189727', '03049197810020']",False,,0.75,[],COURVOISIER - X.O. IMPERIAL,,France,False,,2,2,,,False,63.0, X.O. IMPERIAL,0.4,,False,[],SR,,COURVOISIER ,FR,,Cognac,Cognac,False,False,0,305.99,,,,,courvoisier - x.o. imperial,,,,Spirits,[],True,,,1004,1018,1172,351.0,143203.32,0.30000000000000004,1019.9666666666666,0.3181818181818182
373,bcls,product,9434,0.3639408,CRABBIES - YARDHEAD SINGLE MALT WHISKY,,,Whisky,,[],True,39.99,,,2024-03-03T00:00:00.000-08:00,,,2024-03-03T00:00:00.000-08:00,"['BCL Select', 'On Sale']",2024-03-31T00:00:00.000-07:00,,9434,True,[],,410,2024-03-11 19:10:01,Highland,1,['00848557000919'],False,,0.75,[],CRABBIES - YARDHEAD SINGLE MALT WHISKY,,United Kingdom,False,Scotland,2,2,,,False,67.0, YARDHEAD SINGLE MALT WHISKY,0.4,,True,"['BCL Select', 'On Sale']",C,,CRABBIES ,GB,,Single Malt Scotch Whisky,Whisky / Whiskey,False,False,0,34.99,,,,,crabbies - yardhead single malt whisky,,2024-03-31T00:00:00.000-07:00,,Spirits,"[{'id': 'empty-placeholder', 'label': '&nbsp;', 'labelLengthWithoutTags': 1}, {'id': 'exclusive', 'label': 'ONLY@BCL', 'labelLengthWithoutTags': 8}]",True,,,1004,1024,1289,307.5,16395.9,0.30000000000000004,133.29999999999998,0.3383838383838384
374,bcls,product,391026,0.3639408,CRAGGANMORE - 12 YO,,,Whisky,,[],,95.99,,,,,,,[],,,391026,,[],,484,2024-03-11 19:10:01,Speyside,1,['00088110090050'],False,,0.75,[],CRAGGANMORE - 12 YO,,United Kingdom,False,Scotland,3,3,,,False,45.0, 12 YO,0.4,,False,[],SH,,CRAGGANMORE ,GB,,Single Malt Scotch Whisky,Whisky / Whiskey,False,False,0,95.99,,,,,cragganmore - 12 yo,,,,Spirits,[],True,,,1004,1024,1289,363.0,46459.159999999996,0.30000000000000004,319.9666666666666,0.22727272727272727
375,bcls,product,865576,0.3639408,CRAIGELLACHIE - 13 YEAR OLD SPEYSIDE,,,Whisky,,[],,80.99,,,,,,,[],,,865576,,[],,452,2024-03-11 19:10:01,Speyside,1,['00080480005382'],False,,0.75,[],CRAIGELLACHIE - 13 YEAR OLD SPEYSIDE,,United Kingdom,False,Scotland,2,2,,,False,64.0, 13 YEAR OLD SPEYSIDE,0.46,,False,[],SR,,CRAIGELLACHIE ,GB,,Single Malt Scotch Whisky,Whisky / Whiskey,False,False,0,80.99,,,,,craigellachie - 13 year old speyside,,,,Spirits,[],True,,,1004,1024,1289,339.0,36607.479999999996,0.34500000000000003,234.75362318840575,0.32323232323232326
376,bcls,product,236740,0.3639408,CRAIGELLACHIE - 17 YEAR OLD,,,Whisky,,[],,204.99,,,,,,,[],,,236740,,[],,331,2024-03-11 19:10:01,Speyside,1,['00080480005399'],False,,0.75,[],CRAIGELLACHIE - 17 YEAR OLD,,United Kingdom,False,Scotland,2,2,,,False,46.0, 17 YEAR OLD,0.46,,False,[],SM,,CRAIGELLACHIE ,GB,,Single Malt Scotch Whisky,Whisky / Whiskey,False,False,0,204.99,,,,,craigellachie - 17 year old,,,,Spirits,[],True,,,1004,1024,1289,248.25,67851.69,0.34500000000000003,594.1739130434783,0.23232323232323232
377,bcls,product,128876,0.3639408,CREME DE BANANES - BOLS,,,Liqueurs,,[],,20.99,,,,,,,[],,,128876,,[],,2277,2024-03-11 19:10:01,,1,['00080915078264'],False,,0.75,[],CREME DE BANANES - BOLS,,Netherlands,False,,2,2,,,False,151.0, BOLS,0.17,,False,[],SR,,CREME DE BANANES ,NL,,Fruit Liqueurs,Liqueurs,False,False,0,20.99,,,,,creme de bananes - bols,,,,Spirits,[],True,,,1004,1019,1211,1707.75,47794.229999999996,0.1275,164.62745098039215,0.7626262626262627
378,bcls,product,196345,0.35400322,CREME DE CACAO WHITE - MCGUINNESS,,,Liqueurs,,[],,21.49,,,,,,,[],,,196345,,[],,2301,2024-03-11 19:10:01,,1,"['00048415448277', '00048415349550']",False,,0.75,[],CREME DE CACAO WHITE - MCGUINNESS,,Canada,False,,2,2,,,False,188.0, MCGUINNESS,0.15,,False,[],SR,,CREME DE CACAO WHITE ,CA,,Coffee And Cocoa Liqueurs,Liqueurs,False,False,0,21.49,,,,,creme de cacao white - mcguinness,,,,Spirits,[],True,,,1004,1019,1209,1725.75,49448.49,0.11249999999999999,191.02222222222224,0.9494949494949495
379,bcls,product,132241,0.3639408,CREME DE CASSIS DE DIJON - L'HERITIER GUYOT,,,Liqueurs,,[],,44.99,,,,,,,[],,,132241,,[],,963,2024-03-11 19:10:01,,1,"['03104765746238', '03034765746238', '03171870003419', '03104760080139']",False,,0.75,[],CREME DE CASSIS DE DIJON - L'HERITIER GUYOT,,France,False,,2,2,,,False,140.0, L'HERITIER GUYOT,0.15,,False,[],SR,,CREME DE CASSIS DE DIJON ,FR,,Fruit Liqueurs,Liqueurs,False,False,0,44.99,,,,,creme de cassis de dijon - lheritier guyot,,,,Spirits,[],True,,,1004,1019,1211,722.25,43325.37,0.11249999999999999,399.91111111111115,0.7070707070707071
380,bcls,product,196287,0.35400322,CREME DE MENTHE GREEN - MCGUINNESS,,,Liqueurs,,[],,21.49,,,,,,,[],,,196287,,[],,1010,2024-03-11 19:10:01,,1,"['00048415448482', '00048415363396']",False,,0.75,[],CREME DE MENTHE GREEN - MCGUINNESS,,Canada,False,,2,2,,,False,104.0, MCGUINNESS,0.15,,False,[],SR,,CREME DE MENTHE GREEN ,CA,,Anise And Herbal/Spice Liqueurs,Liqueurs,False,False,0,21.49,,,,,creme de menthe green - mcguinness,,,,Spirits,[],True,,,1004,1019,1208,757.5,21704.899999999998,0.11249999999999999,191.02222222222224,0.5252525252525253
381,bcls,product,1487,0.35400322,CROWN ROYAL,,,Whisky,,['Featured Products'],True,28.99,,,2024-03-03T00:00:00.000-08:00,,,2024-03-03T00:00:00.000-08:00,['On Sale'],2024-03-31T00:00:00.000-07:00,,1487,True,['Featured Products'],,11020,2024-03-11 19:10:01,,1,"['00000008772503', '00087000007253', '00082000752516', '00082000752509']",False,,0.75,[],CROWN ROYAL,,Canada,False,,2,2,,,False,198.0,CROWN ROYAL,0.4,,False,['On Sale'],G,,,CA,,Canadian Whisky,Whisky / Whiskey,False,False,0,27.49,,,"[{'urlAlias': '/promotion/monthly-flyer', 'name': 'Featured Products', 'promoCode': '202403FEATURESALE', 'published': True, 'shortName': ''}]","[{'urlAlias': '/promotion/monthly-flyer', 'name': 'Featured Products', 'promoCode': '202403FEATURESALE', 'published': True, 'shortName': ''}]",crown royal,,2024-03-31T00:00:00.000-07:00,,Spirits,"[{'id': 'empty-placeholder', 'label': '&nbsp;', 'labelLengthWithoutTags': 1}, {'id': 'featured', 'label': 'FEATURED', 'labelLengthWithoutTags': 8}]",True,,,1004,1024,1285,8265.0,319469.8,0.30000000000000004,96.63333333333331,1.0
382,bcls,product,10108,0.35400322,CROWN ROYAL,,,Whisky,,['Spring into Fresh Flavours'],,41.49,,,,,,,[],,,10108,,['Spring into Fresh Flavours'],,9961,2024-03-11 19:10:01,,1,['00087000010383'],False,,1.14,[],CROWN ROYAL,,Canada,False,,2,2,,,False,198.0,CROWN ROYAL,0.4,,False,[],G,,,CA,,Canadian Whisky,Whisky / Whiskey,False,False,0,41.49,,,"[{'urlAlias': '/promotion/spring', 'name': 'Spring into Fresh Flavours', 'promoCode': '2024SPRINGSEASONAL', 'published': True, 'shortName': ''}]","[{'urlAlias': '/promotion/spring', 'name': 'Spring into Fresh Flavours', 'promoCode': '2024SPRINGSEASONAL', 'published': True, 'shortName': ''}]",crown royal,,,,Spirits,"[{'id': 'empty-placeholder', 'label': '&nbsp;', 'labelLengthWithoutTags': 1}, {'id': 'featured', 'label': 'FEATURED', 'labelLengthWithoutTags': 8}]",True,,,1004,1024,1285,11355.539999999999,413281.89,0.45599999999999996,90.98684210526316,1.0
383,bcls,product,9043,0.3639408,CROWN ROYAL,,,Whisky,,[],,17.49,,,,,,,[],,,9043,,[],,5159,2024-03-11 19:10:01,,1,['00087000007604'],False,,0.375,[],CROWN ROYAL,,Canada,False,,2,2,,,False,198.0,CROWN ROYAL,0.4,,False,[],G,,,CA,,Canadian Whisky,Whisky / Whiskey,False,False,0,17.49,,,,,crown royal,,,,Spirits,[],True,,,1004,1024,1285,1934.625,90230.90999999999,0.15000000000000002,116.59999999999997,1.0
384,bcls,product,112110,0.3639408,CROWN ROYAL,,,Whisky,,[],,4.79,,,,,,,[],,,112110,,[],,17867,2024-03-11 19:10:01,,1,"['00087000001992', '00087000701045']",False,,0.05,[],CROWN ROYAL,,Canada,False,,2,2,,,False,190.0,CROWN ROYAL,0.4,,False,[],SR,,,CA,,Canadian Whisky,Whisky / Whiskey,False,False,0,4.79,,,,,crown royal,,,,Spirits,[],True,,,1004,1024,1285,893.35,85582.93000000001,0.020000000000000004,239.49999999999994,0.9595959595959596
385,bcls,product,114694,0.3639408,CROWN ROYAL,,,Whisky,,[],,61.99,,,,,,,[],,,114694,,[],,2866,2024-03-11 19:10:01,,1,['00087000700604'],False,,1.75,[],CROWN ROYAL,,Canada,False,,2,2,,,False,197.0,CROWN ROYAL,0.4,,False,[],G,,,CA,,Canadian Whisky,Whisky / Whiskey,False,False,0,61.99,,,,,crown royal,,,,Spirits,[],True,,,1004,1024,1285,5015.5,177663.34,0.7000000000000001,88.55714285714285,0.9949494949494949
386,bcls,product,529826,0.3639408,CROWN ROYAL,,,Whisky,,[],,132.99,,,,,,,[],,,529826,,[],,255,2024-03-11 19:10:01,,1,['00087000151253'],False,,3.0,[],CROWN ROYAL,,Canada,False,,2,2,,,False,84.0,CROWN ROYAL,0.4,,False,[],SR,,,CA,,Canadian Whisky,Whisky / Whiskey,False,False,0,132.99,,,,,crown royal,,,,Spirits,[],True,,,1004,1024,1285,765.0,33912.450000000004,1.2000000000000002,110.82499999999999,0.42424242424242425
387,bcls,product,867119,0.3639408,CROWN ROYAL,,,Whisky,,[],,11.99,,,,,,,[],,,867119,,[],,5320,2024-03-11 19:10:01,,1,"['00082000003854', '00000008238504']",False,,0.2,[],CROWN ROYAL,,Canada,False,,2,2,,,False,140.0,CROWN ROYAL,0.4,,False,[],SR,,,CA,,Canadian Whisky,Whisky / Whiskey,False,False,0,11.99,,,,,crown royal,,,,Spirits,[],True,,,1004,1024,1285,1064.0,63786.8,0.08000000000000002,149.87499999999997,0.7070707070707071
388,bcls,product,386830,0.3639408,CROWN ROYAL - 18 YEAR OLD,,,Whisky,,[],,186.99,,,,,,,[],,,386830,,[],,182,2024-03-11 19:10:01,,1,['00082000796800'],False,,0.75,[],CROWN ROYAL - 18 YEAR OLD,,Canada,False,,2,2,,,False,31.0, 18 YEAR OLD,0.4,,False,[],SR,,CROWN ROYAL ,CA,,Canadian Whisky,Whisky / Whiskey,False,False,0,186.99,,,,,crown royal - 18 year old,,,,Spirits,[],True,,,1004,1024,1285,136.5,34032.18,0.30000000000000004,623.3,0.15656565656565657
389,bcls,product,609644,0.35400322,CROWN ROYAL - APPLE,,,Whisky,,['Spring into Fresh Flavours'],,29.99,,,,,,,[],,,609644,,['Spring into Fresh Flavours'],,4196,2024-03-11 19:10:01,,1,['00082000771579'],False,,0.75,[],CROWN ROYAL - APPLE,,Canada,False,,2,2,,,False,178.0, APPLE,0.35,,False,[],SR,,CROWN ROYAL ,CA,,Canadian Whisky,Whisky / Whiskey,False,False,0,29.99,,,"[{'urlAlias': '/promotion/spring', 'name': 'Spring into Fresh Flavours', 'promoCode': '2024SPRINGSEASONAL', 'published': True, 'shortName': ''}]","[{'urlAlias': '/promotion/spring', 'name': 'Spring into Fresh Flavours', 'promoCode': '2024SPRINGSEASONAL', 'published': True, 'shortName': ''}]",crown royal - apple,,,,Spirits,"[{'id': 'empty-placeholder', 'label': '&nbsp;', 'labelLengthWithoutTags': 1}, {'id': 'featured', 'label': 'FEATURED', 'labelLengthWithoutTags': 8}]",True,,,1004,1024,1285,3147.0,125838.04,0.26249999999999996,114.24761904761907,0.898989898989899
390,bcls,product,641175,0.35400322,CROWN ROYAL - BLACK,,,Whisky,,[],,31.99,,,,,,,[],,,641175,,[],,1706,2024-03-11 19:10:01,,1,"['00082000750437', '00082000759386', '00082000754480']",False,,0.75,[],CROWN ROYAL - BLACK,,Canada,False,,2,2,,,False,139.0, BLACK,0.45,,False,[],SR,,CROWN ROYAL ,CA,,Canadian Whisky,Whisky / Whiskey,False,False,0,31.99,,,,,crown royal - black,,,,Spirits,[],True,,,1004,1024,1285,1279.5,54574.939999999995,0.3375,94.78518518518517,0.702020202020202
391,bcls,product,429704,0.35400322,CROWN ROYAL - NORTHERN HARVEST RYE,,,Whisky,,[],,35.99,,,,,,,[],,,429704,,[],,2562,2024-03-11 19:10:01,,1,['00082000775874'],False,,0.75,[],CROWN ROYAL - NORTHERN HARVEST RYE,,Canada,False,,2,2,,,False,184.0, NORTHERN HARVEST RYE,0.45,,False,[],SR,,CROWN ROYAL ,CA,,Canadian Whisky,Whisky / Whiskey,False,False,0,35.99,,,,,crown royal - northern harvest rye,,,,Spirits,[],True,,,1004,1024,1285,1921.5,92206.38,0.3375,106.63703703703703,0.9292929292929293
392,bcls,product,193238,0.3639408,CROWN ROYAL - PEACH,,,Whisky,,[],,29.99,,,,,,,[],,,193238,,[],,2072,2024-03-11 19:10:01,,1,['00082000789475'],False,,0.75,[],CROWN ROYAL - PEACH,,Canada,False,,2,2,,,False,168.0, PEACH,0.35,,False,[],SR,,CROWN ROYAL ,CA,,Canadian Whisky,Whisky / Whiskey,False,False,0,29.99,,,,,crown royal - peach,,,,Spirits,[],True,,,1004,1024,1285,1554.0,62139.28,0.26249999999999996,114.24761904761907,0.8484848484848485
393,bcls,product,321208,0.3639408,CROWN ROYAL - RESERVE,,,Whisky,,[],,69.99,,,,,,,[],,,321208,,[],,784,2024-03-11 19:10:01,,1,"['00087000201330', '00082000742357']",False,,0.75,[],CROWN ROYAL - RESERVE,,Canada,False,,2,2,,,False,71.0, RESERVE,0.4,,False,[],SR,,CROWN ROYAL ,CA,,Canadian Whisky,Whisky / Whiskey,False,False,0,69.99,,,,,crown royal - reserve,,,,Spirits,[],True,,,1004,1024,1285,588.0,54872.159999999996,0.30000000000000004,233.29999999999995,0.35858585858585856
394,bcls,product,120905,0.3639408,CROWN ROYAL - SALTED CARAMEL,,,Whisky,,[],,29.99,,,,,,,[],,,120905,,[],,1443,2024-03-11 19:10:01,,1,"['00082000788669', '00082000783978']",False,,0.75,[],CROWN ROYAL - SALTED CARAMEL,,Canada,False,,3,3,,,False,80.0, SALTED CARAMEL,0.35,,False,[],SH,,CROWN ROYAL ,CA,,Flavoured Whisky,Whisky / Whiskey,False,False,0,29.99,,,,,crown royal - salted caramel,,,,Spirits,[],True,,,1004,1024,1286,1082.25,43275.57,0.26249999999999996,114.24761904761907,0.40404040404040403
395,bcls,product,265165,0.3639408,CROWN ROYAL - VANILLA,,,Whisky,,['Spring into Fresh Flavours'],True,29.99,,,2024-03-03T00:00:00.000-08:00,,,2024-03-03T00:00:00.000-08:00,['On Sale'],2024-03-31T00:00:00.000-07:00,,265165,True,['Spring into Fresh Flavours'],,2263,2024-03-11 19:10:01,,1,['00082000776550'],False,,0.75,[],CROWN ROYAL - VANILLA,,Canada,False,,2,2,,,False,116.0, VANILLA,0.35,,False,['On Sale'],SR,,CROWN ROYAL ,CA,,Canadian Whisky,Whisky / Whiskey,False,False,0,28.49,,,"[{'urlAlias': '/promotion/spring', 'name': 'Spring into Fresh Flavours', 'promoCode': '2024SPRINGSEASONAL', 'published': True, 'shortName': ''}]","[{'urlAlias': '/promotion/spring', 'name': 'Spring into Fresh Flavours', 'promoCode': '2024SPRINGSEASONAL', 'published': True, 'shortName': ''}]",crown royal - vanilla,,2024-03-31T00:00:00.000-07:00,,Spirits,"[{'id': 'empty-placeholder', 'label': '&nbsp;', 'labelLengthWithoutTags': 1}, {'id': 'featured', 'label': 'FEATURED', 'labelLengthWithoutTags': 8}]",True,,,1004,1024,1285,1697.25,67867.37,0.26249999999999996,114.24761904761907,0.5858585858585859
396,bcls,product,440842,0.3639408,CROWN ROYAL - XO,,,Whisky,,[],,75.99,,,,,,,[],,,440842,,[],,534,2024-03-11 19:10:01,,1,['00082000005124'],False,,0.75,[],CROWN ROYAL - XO,,Canada,False,,2,2,,,False,57.0, XO,0.4,,False,[],SR,,CROWN ROYAL ,CA,,Canadian Whisky,Whisky / Whiskey,False,False,0,75.99,,,,,crown royal - xo,,,,Spirits,[],True,,,1004,1024,1285,400.5,40578.659999999996,0.30000000000000004,253.29999999999995,0.2878787878787879
397,bcls,product,434266,0.3639408,CROWN ROYAL GIFT TIN/WITH 2 SHOT GLASSES,,,Whisky,,[],,22.49,,,,,,,[],,,434266,,[],,20,2024-03-11 19:10:01,,1,"['00082000757184', '00082000738985', '00082000769620']",False,,0.375,[],CROWN ROYAL GIFT TIN/WITH 2 SHOT GLASSES,,Canada,False,,3,3,,,False,3.0,CROWN ROYAL GIFT TIN/WITH 2 SHOT GLASSES,0.4,,False,[],SM,,,CA,,Canadian Whisky,Whisky / Whiskey,False,False,0,22.49,,,,,crown royal gift tin/with 2 shot glasses,,,,Spirits,[],True,,,1004,1024,1285,7.5,449.79999999999995,0.15000000000000002,149.9333333333333,0.015151515151515152
398,bcls,product,136162,0.3639408,CROWN ROYAL GIFT W 2 GLASSES,,,Whisky,,[],,34.99,,,,,,,[],,,136162,,[],,19,2024-03-11 19:10:01,,1,"['00082000789222', '00082000759515', '00082000759522']",False,,0.75,[],CROWN ROYAL GIFT W 2 GLASSES,,Canada,False,,3,3,,,False,10.0,CROWN ROYAL GIFT W 2 GLASSES,0.4,,False,[],ST,,,CA,,Canadian Whisky,Whisky / Whiskey,False,False,1,34.99,,,,,crown royal gift w 2 glasses,,,,Spirits,[],True,,,1004,1024,1285,14.25,664.8100000000001,0.30000000000000004,116.63333333333333,0.050505050505050504
399,bcls,product,56663,0.35400322,CRYSTAL HEAD,,,Vodka,,[],,59.99,,,,,,,[],,,56663,,[],,989,2024-03-11 19:10:01,,1,['00627040411414'],False,,0.75,[],CRYSTAL HEAD,,Canada,False,,2,2,,,False,132.0,CRYSTAL HEAD,0.4,,False,[],SR,,,CA,,Straight Vodka,Vodka,False,False,0,59.99,,,,,crystal head,,,,Spirits,[],True,,,1004,1023,1281,741.75,59330.11,0.30000000000000004,199.96666666666664,0.6666666666666666
400,bcls,product,246967,0.35400322,CRYSTAL HEAD,,,Vodka,,[],,8.99,,,,,,,[],,,246967,,[],,4565,2024-03-11 19:10:01,,1,['00627040411452'],False,,0.05,[],CRYSTAL HEAD,,Canada,False,,2,2,,,False,136.0,CRYSTAL HEAD,0.4,,False,[],SR,,,CA,,Straight Vodka,Vodka,False,False,0,8.99,,,,,crystal head,,,,Spirits,[],True,,,1004,1023,1281,228.25,41039.35,0.020000000000000004,449.49999999999994,0.6868686868686869
401,bcls,product,374951,0.35400322,CRYSTAL HEAD VODKA - PAINT YOUR PRIDE,,,Vodka,,[],,61.99,,,,,,,[],,,374951,,[],,109,2024-03-11 19:10:01,,1,['00627040412558'],False,,0.75,[],CRYSTAL HEAD VODKA - PAINT YOUR PRIDE,,Canada,False,,2,2,,,False,16.0, PAINT YOUR PRIDE,0.4,,False,[],SH,,CRYSTAL HEAD VODKA ,CA,,Straight Vodka,Vodka,False,False,0,61.99,,,,,crystal head vodka - paint your pride,,,,Spirits,[],True,,,1004,1023,1281,81.75,6756.91,0.30000000000000004,206.6333333333333,0.08080808080808081
402,bcls,product,3400,0.35400322,CUTTY SARK,,,Whisky,,[],,27.99,,,,,,,[],,,3400,,[],,1246,2024-03-11 19:10:01,,1,"['05010493000758', '00812066020805', '05010504100071']",False,,0.75,[],CUTTY SARK,,United Kingdom,False,,2,2,,,False,80.0,CUTTY SARK,0.4,,False,[],SR,,,GB,,Blended Scotch Whisky,Whisky / Whiskey,False,False,0,27.99,,,,,cutty sark,,,,Spirits,[],True,,,1004,1024,1283,934.5,34875.54,0.30000000000000004,93.29999999999998,0.40404040404040403
403,bcls,product,3830,0.35400322,D'EAUBONNE - V.S.O.P.,,,Grape and Fruit Brandy,,[],,12.99,,,,,,,[],,,3830,,[],,4127,2024-03-11 19:10:01,,1,"['00048415387460', '00088004400323']",False,,0.375,[],D'EAUBONNE - V.S.O.P.,,Canada,False,,2,2,,,False,189.0, V.S.O.P.,0.4,,False,[],G,,D'EAUBONNE ,CA,,Brandy,Brandy,False,False,0,12.99,,,,,deaubonne - v.s.o.p.,,,,Spirits,[],True,,,1004,1018,1171,1547.625,53609.73,0.15000000000000002,86.6,0.9545454545454546
404,bcls,product,6320,0.35400322,D'EAUBONNE - V.S.O.P.,,,Grape and Fruit Brandy,,[],,37.99,,,,,,,['BCL Select'],,,6320,,[],,552,2024-03-11 19:10:01,,1,"['00088004400316', '00048415387446']",False,,1.14,[],D'EAUBONNE - V.S.O.P.,,Canada,False,,2,2,,,False,57.0, V.S.O.P.,0.4,,True,['BCL Select'],C,,D'EAUBONNE ,CA,,Brandy,Brandy,False,False,0,37.99,,,,,deaubonne - v.s.o.p.,,,,Spirits,"[{'id': 'empty-placeholder', 'label': '&nbsp;', 'labelLengthWithoutTags': 1}, {'id': 'exclusive', 'label': 'ONLY@BCL', 'labelLengthWithoutTags': 8}]",True,,,1004,1018,1171,629.28,20970.48,0.45599999999999996,83.31140350877195,0.2878787878787879
405,bcls,product,4176,0.3639408,D'EAUBONNE - V.S.O.P.,,,Grape and Fruit Brandy,,[],True,24.99,,,2024-03-03T00:00:00.000-08:00,,,2024-03-03T00:00:00.000-08:00,['On Sale'],2024-03-31T00:00:00.000-07:00,,4176,True,[],,2632,2024-03-11 19:10:01,,1,"['00048415387453', '00088004400330']",False,,0.75,[],D'EAUBONNE - V.S.O.P.,,Canada,False,,2,2,,,False,189.0, V.S.O.P.,0.4,,False,['On Sale'],G,,D'EAUBONNE ,CA,,Brandy,Brandy,False,False,0,23.99,,,,,deaubonne - v.s.o.p.,,2024-03-31T00:00:00.000-07:00,,Spirits,[],True,,,1004,1018,1171,1974.0,65773.68,0.30000000000000004,83.29999999999998,0.9545454545454546
406,bcls,product,349076,0.35400322,D'USSE -  V.S.O.P.,,,Grape and Fruit Brandy,,[],,99.99,,,,,,,[],,,349076,,[],,623,2024-03-11 19:10:01,,1,['00080480002923'],False,,0.75,[],D'USSE -  V.S.O.P.,,France,False,,2,2,,,False,78.0,  V.S.O.P.,0.4,,False,[],SR,,D'USSE ,FR,,Cognac,Cognac,False,False,0,99.99,,,,,dusse -  v.s.o.p.,,,,Spirits,[],True,,,1004,1018,1172,467.25,62293.77,0.30000000000000004,333.29999999999995,0.3939393939393939
407,bcls,product,389409,0.3639408,DALMORE - RARE AND FINE 40 YEAR OLD,,,Whisky,,[],,20000.0,,,,,,,['BCL Select'],,,389409,,[],,1,2024-03-11 19:10:01,Other Scotch Regions,1,['00087647113218'],False,,0.75,[],DALMORE - RARE AND FINE 40 YEAR OLD,,United Kingdom,False,Scotland,3,3,,,False,1.0, RARE AND FINE 40 YEAR OLD,0.42,,True,['BCL Select'],C,,DALMORE ,GB,,Single Malt Scotch Whisky,Whisky / Whiskey,False,False,0,20000.0,,,,,dalmore - rare and fine 40 year old,,,,Spirits,"[{'id': 'empty-placeholder', 'label': '&nbsp;', 'labelLengthWithoutTags': 1}, {'id': 'exclusive', 'label': 'ONLY@BCL', 'labelLengthWithoutTags': 8}]",True,,,1004,1024,1289,0.75,20000.0,0.315,63492.06349206349,0.005050505050505051
408,bcls,product,238097,0.35400322,DALWHINNIE - 15 YEAR OLD,,,Whisky,,[],,114.99,,,,,,,[],,,238097,,[],,1458,2024-03-11 19:10:01,Highland,1,"['00622153610044', '00088076183445']",False,,0.75,[],DALWHINNIE - 15 YEAR OLD,,United Kingdom,False,Scotland,2,2,,,False,172.0, 15 YEAR OLD,0.43,,False,[],SR,,DALWHINNIE ,GB,,Single Malt Scotch Whisky,Whisky / Whiskey,False,False,0,114.99,,,,,dalwhinnie - 15 year old,,,,Spirits,[],True,,,1004,1024,1289,1093.5,167655.41999999998,0.3225,356.5581395348837,0.8686868686868687
409,bcls,product,60059,0.3639408,DALWHINNIE - 30 YO SPECIAL RELEASE 2020,,,Whisky,,[],,840.0,,,,,,,['BCL Select'],,,60059,,[],,3,2024-03-11 19:10:01,Highland,1,['00088076185265'],False,,0.75,[],DALWHINNIE - 30 YO SPECIAL RELEASE 2020,,United Kingdom,False,Scotland,3,3,,,False,1.0, 30 YO SPECIAL RELEASE 2020,0.519,,True,['BCL Select'],C,,DALWHINNIE ,GB,,Single Malt Scotch Whisky,Whisky / Whiskey,False,False,1,840.0,,,,,dalwhinnie - 30 yo special release 2020,,,,Spirits,"[{'id': 'empty-placeholder', 'label': '&nbsp;', 'labelLengthWithoutTags': 1}, {'id': 'exclusive', 'label': 'ONLY@BCL', 'labelLengthWithoutTags': 8}]",True,,,1004,1024,1289,2.25,2520.0,0.38925,2157.996146435453,0.005050505050505051
410,bcls,product,437341,0.35400322,DEAD MAN'S FINGERS - PASSION FRUIT RUM,,,Rum,,[],,32.99,,,,,,,['BCL Select'],,,437341,,[],,685,2024-03-11 19:10:01,,1,"['00848557001855', '05011166066019']",False,,0.75,[],DEAD MAN'S FINGERS - PASSION FRUIT RUM,,Trinidad And Tobago,False,,2,2,,,False,104.0, PASSION FRUIT RUM,0.43,,True,['BCL Select'],C,,DEAD MAN'S FINGERS ,TT,,Flavoured Rum,Rum,False,False,0,32.99,,,,,dead mans fingers - passion fruit rum,,,,Spirits,"[{'id': 'empty-placeholder', 'label': '&nbsp;', 'labelLengthWithoutTags': 1}, {'id': 'exclusive', 'label': 'ONLY@BCL', 'labelLengthWithoutTags': 8}]",True,,,1004,1021,1254,513.75,22598.15,0.3225,102.29457364341086,0.5252525252525253
411,bcls,product,190716,0.3639408,DEAD MAN'S FINGERS - SPICED RUM,,,Rum,,[],,37.99,,,,,,,[],,,190716,,[],,579,2024-03-11 19:10:01,,1,['05011166058960'],False,,0.75,[],DEAD MAN'S FINGERS - SPICED RUM,,Trinidad And Tobago,False,,3,3,,,False,89.0, SPICED RUM,0.43,,False,[],SH,,DEAD MAN'S FINGERS ,TT,,Spiced Rum,Rum,False,False,0,37.99,,,,,dead mans fingers - spiced rum,,,,Spirits,[],True,,,1004,1021,1255,434.25,21996.210000000003,0.3225,117.7984496124031,0.4494949494949495
412,bcls,product,996389,0.3639408,DEANSTON - 12 YEAR OLD,,,Whisky,,[],,81.99,,,,,,,[],,,996389,,[],,14,2024-03-11 19:10:01,Highland,1,['05029704217175'],False,,0.7,[],DEANSTON - 12 YEAR OLD,,United Kingdom,False,Scotland,3,3,,,False,2.0, 12 YEAR OLD,0.46299999999999997,,False,[],ST,,DEANSTON ,GB,,Single Malt Scotch Whisky,Whisky / Whiskey,False,False,1,81.99,,,,,deanston - 12 year old,,,,Spirits,[],True,,,1004,1024,1289,9.799999999999999,1147.86,0.32409999999999994,252.9774760876273,0.010101010101010102
413,bcls,product,491726,0.3639408,DEANSTON - 2002 PINOT NOIR,,,Whisky,,[],,270.99,,,,,,,[],,,491726,,[],,62,2024-03-11 19:10:01,Highland,1,['05029704220045'],False,,0.75,[],DEANSTON - 2002 PINOT NOIR,,United Kingdom,False,Scotland,3,3,,,False,7.0, 2002 PINOT NOIR,0.5,,False,[],SM,,DEANSTON ,GB,,Single Malt Scotch Whisky,Whisky / Whiskey,False,False,1,270.99,,,,,deanston - 2002 pinot noir,,,,Spirits,[],True,,,1004,1024,1289,46.5,16801.38,0.375,722.64,0.03535353535353535
414,bcls,product,537589,0.35400322,DEANSTON - VIRGIN OAK,,,Whisky,,[],,57.99,,,,,,,[],,,537589,,[],,574,2024-03-11 19:10:01,Highland,1,['05029704217755'],False,,0.75,[],DEANSTON - VIRGIN OAK,,United Kingdom,False,Scotland,2,2,,,False,71.0, VIRGIN OAK,0.46299999999999997,,False,[],SR,,DEANSTON ,GB,,Single Malt Scotch Whisky,Whisky / Whiskey,False,False,0,57.99,,,,,deanston - virgin oak,,,,Spirits,[],True,,,1004,1024,1289,430.5,33286.26,0.34724999999999995,166.9978401727862,0.35858585858585856
415,bcls,product,26325,0.35400322,DEEPEARTH FARM - DEEP MAGIC BAIJIU,,,Asian Spirits,,[],,43.49,,,,,,,[],,,26325,,[],,12,2024-03-11 19:10:01,,1,['00628504821015'],False,,0.5,[],DEEPEARTH FARM - DEEP MAGIC BAIJIU,,Canada,False,,2,2,,,False,3.0, DEEP MAGIC BAIJIU,0.48,,False,[],SH,,DEEPEARTH FARM ,CA,,China Spirits,Other Spirits,False,False,0,43.49,,,,,deepearth farm - deep magic baijiu,,,,Spirits,[],True,,,1004,1016,1064,6.0,521.88,0.24,181.20833333333334,0.015151515151515152
416,bcls,product,479902,0.3639408,DEEPEARTH FARM - DEEP WATER VODKA,,,Vodka,,[],,29.99,,,,,,,[],,,479902,,[],,223,2024-03-11 19:10:01,,1,['00628504821060'],False,,0.75,[],DEEPEARTH FARM - DEEP WATER VODKA,,Canada,False,,3,3,,,False,27.0, DEEP WATER VODKA,0.4,,False,[],SH,,DEEPEARTH FARM ,CA,,Straight Vodka,Vodka,False,False,0,29.99,,,,,deepearth farm - deep water vodka,,,,Spirits,[],True,,,1004,1023,1281,167.25,6687.7699999999995,0.30000000000000004,99.96666666666664,0.13636363636363635
417,bcls,product,355988,0.35400322,DEL MAGUEY - VIDA DE MUERTOS,,,Tequila,,[],,79.99,,,,,,,[],,,355988,,[],,96,2024-03-11 19:10:01,,1,['00618397202114'],False,,0.75,[],DEL MAGUEY - VIDA DE MUERTOS,,Mexico,False,,3,3,,,False,29.0, VIDA DE MUERTOS,0.45,,False,[],SM,,DEL MAGUEY ,MX,,Mezcal,Tequila,False,False,0,79.99,,,,,del maguey - vida de muertos,,,,Spirits,[],True,,,1004,1022,1273,72.0,7679.039999999999,0.3375,237.00740740740738,0.14646464646464646
418,bcls,product,153916,0.35400322,DEL MAGUEY - VIDA MEZCAL,,,Tequila,,[],,67.99,,,,,,,[],,,153916,,[],,460,2024-03-11 19:10:01,,1,['00618397200929'],False,,0.75,[],DEL MAGUEY - VIDA MEZCAL,,Mexico,False,,2,2,,,False,55.0, VIDA MEZCAL,0.42,,False,[],SH,,DEL MAGUEY ,MX,,Mezcal,Tequila,False,False,0,67.99,,,,,del maguey - vida mezcal,,,,Spirits,[],True,,,1004,1022,1273,345.0,31275.399999999998,0.315,215.84126984126982,0.2777777777777778
419,bcls,product,850628,0.3639408,DEVERON - 12 YEAR OLD,,,Whisky,,[],,72.99,,,,,,,[],,,850628,,[],,375,2024-03-11 19:10:01,Highland,1,['00080480006143'],False,,0.75,[],DEVERON - 12 YEAR OLD,,United Kingdom,False,Scotland,2,2,,,False,58.0, 12 YEAR OLD,0.4,,False,[],SH,,DEVERON ,GB,,Single Malt Scotch Whisky,Whisky / Whiskey,False,False,0,72.99,,,,,deveron - 12 year old,,,,Spirits,[],True,,,1004,1024,1289,281.25,27371.249999999996,0.30000000000000004,243.29999999999995,0.29292929292929293
420,bcls,product,10102,0.35400322,DEWAR - 8YO CASK FINISH CARIBBEAN SMOOTH,,,Whisky,,[],,33.99,,,,,,,[],,,10102,,[],,336,2024-03-11 19:10:01,,1,"['07640171033983', '00080480984519']",False,,0.75,[],DEWAR - 8YO CASK FINISH CARIBBEAN SMOOTH,,United Kingdom,False,,2,2,,,False,40.0, 8YO CASK FINISH CARIBBEAN SMOOTH,0.4,,False,[],SH,,DEWAR ,GB,,Blended Scotch Whisky,Whisky / Whiskey,False,False,0,33.99,,,,,dewar - 8yo cask finish caribbean smooth,,,,Spirits,[],True,,,1004,1024,1283,252.0,11420.640000000001,0.30000000000000004,113.29999999999998,0.20202020202020202
421,bcls,product,601757,0.3639408,DEWAR'S - 12 YEAR OLD DOUBLE AGED,,,Whisky,,[],,44.99,,,,,,,[],,,601757,,[],,1253,2024-03-11 19:10:01,,1,"['05000277002535', '00080480231026', '05000277002542']",False,,0.75,[],DEWAR'S - 12 YEAR OLD DOUBLE AGED,,United Kingdom,False,,2,2,,,False,101.0, 12 YEAR OLD DOUBLE AGED,0.4,,False,[],SR,,DEWAR'S ,GB,,Blended Scotch Whisky,Whisky / Whiskey,False,False,0,44.99,,,,,dewars - 12 year old double aged,,,,Spirits,[],True,,,1004,1024,1283,939.75,56372.47,0.30000000000000004,149.96666666666664,0.51010101010101
422,bcls,product,42303,0.3639408,DEWAR'S - ILEGAL SMOOTH,,,Whisky,,[],,31.99,,,,,,,['BCL Select'],,,42303,,[],,3,2024-03-11 19:10:01,,1,['00080480985356'],False,,0.75,[],DEWAR'S - ILEGAL SMOOTH,,United Kingdom,False,,3,3,,,False,1.0, ILEGAL SMOOTH,0.4,,True,['BCL Select'],C,,DEWAR'S ,GB,,Blended Scotch Whisky,Whisky / Whiskey,False,False,1,31.99,,,,,dewars - ilegal smooth,,,,Spirits,"[{'id': 'empty-placeholder', 'label': '&nbsp;', 'labelLengthWithoutTags': 1}, {'id': 'exclusive', 'label': 'ONLY@BCL', 'labelLengthWithoutTags': 8}]",True,,,1004,1024,1283,2.25,95.97,0.30000000000000004,106.63333333333331,0.005050505050505051
423,bcls,product,11130,0.3639408,DEWAR'S - WHITE LABEL,,,Whisky,,[],,27.49,,,,,,,[],,,11130,,[],,2813,2024-03-11 19:10:01,,1,"['05000277000906', '00622153612048']",False,,0.75,[],DEWAR'S - WHITE LABEL,,United Kingdom,False,,2,2,,,False,175.0, WHITE LABEL,0.4,,False,[],G,,DEWAR'S ,GB,,Blended Scotch Whisky,Whisky / Whiskey,False,False,0,27.49,,,,,dewars - white label,,,,Spirits,[],True,,,1004,1024,1283,2109.75,77329.37,0.30000000000000004,91.63333333333331,0.8838383838383839
424,bcls,product,205164,0.35400322,DEWAR'S DOUBLE AGENT 21,,,Whisky,,[],,60.99,,,,,,,[],,,205164,,[],,2,2024-03-11 19:10:01,,1,['00080480984403'],False,,0.375,[],DEWAR'S DOUBLE AGENT 21,,United Kingdom,False,,3,3,,,False,1.0,DEWAR'S DOUBLE AGENT 21,0.46,,False,[],SH,,,GB,,Blended Scotch Whisky,Whisky / Whiskey,False,False,1,60.99,,,,,dewars double agent 21,,,,Spirits,[],True,,,1004,1024,1283,0.75,121.98,0.17250000000000001,353.5652173913043,0.005050505050505051
425,bcls,product,216779,0.3639408,DEWAR'S WHITE LABEL,,,Whisky,,[],,58.99,,,,,,,[],,,216779,,[],,410,2024-03-11 19:10:01,,1,['07640171032665'],False,,1.75,[],DEWAR'S WHITE LABEL,,United Kingdom,False,,2,2,,,False,60.0,DEWAR'S WHITE LABEL,0.4,,False,[],SR,,,GB,,Blended Scotch Whisky,Whisky / Whiskey,False,False,0,58.99,,,,,dewars white label,,,,Spirits,[],True,,,1004,1024,1283,717.5,24185.9,0.7000000000000001,84.27142857142857,0.30303030303030304
426,bcls,product,360209,0.35400322,DEWARS - JAPANESE SMOOTH,,,Whisky,,[],,33.99,,,,,,,['BCL Select'],,,360209,,[],,412,2024-03-11 19:10:01,,1,['00080480987183'],False,,0.75,[],DEWARS - JAPANESE SMOOTH,,United Kingdom,False,,2,2,,,False,43.0, JAPANESE SMOOTH,0.4,,True,['BCL Select'],C,,DEWARS ,GB,,Blended Scotch Whisky,Whisky / Whiskey,False,False,0,33.99,,,,,dewars - japanese smooth,,,,Spirits,"[{'id': 'empty-placeholder', 'label': '&nbsp;', 'labelLengthWithoutTags': 1}, {'id': 'exclusive', 'label': 'ONLY@BCL', 'labelLengthWithoutTags': 8}]",True,,,1004,1024,1283,309.0,14003.880000000001,0.30000000000000004,113.29999999999998,0.21717171717171718
427,bcls,product,485730,0.3639408,DEWARS - WHITE LABEL,,,Whisky,,['Spring into Fresh Flavours'],,39.99,,,,,,,['BCL Select'],,,485730,,['Spring into Fresh Flavours'],,2422,2024-03-11 19:10:01,,1,['00622153612062'],False,,1.14,[],DEWARS - WHITE LABEL,,United Kingdom,False,,2,2,,,False,147.0, WHITE LABEL,0.4,,True,['BCL Select'],C,,DEWARS ,GB,,Blended Scotch Whisky,Whisky / Whiskey,False,False,0,39.99,,,"[{'urlAlias': '/promotion/spring', 'name': 'Spring into Fresh Flavours', 'promoCode': '2024SPRINGSEASONAL', 'published': True, 'shortName': ''}]","[{'urlAlias': '/promotion/spring', 'name': 'Spring into Fresh Flavours', 'promoCode': '2024SPRINGSEASONAL', 'published': True, 'shortName': ''}]",dewars - white label,,,,Spirits,"[{'id': 'featured', 'label': 'FEATURED', 'labelLengthWithoutTags': 8}, {'id': 'exclusive', 'label': 'ONLY@BCL', 'labelLengthWithoutTags': 8}]",True,,,1004,1024,1283,2761.08,96855.78,0.45599999999999996,87.69736842105264,0.7424242424242424
428,bcls,product,205159,0.3639408,DEWARS DOUBLE AGENT 27,,,Whisky,,[],,125.99,,,,,,,[],,,205159,,[],,8,2024-03-11 19:10:01,,1,['00080480984410'],False,,0.375,[],DEWARS DOUBLE AGENT 27,,United Kingdom,False,,3,3,,,False,2.0,DEWARS DOUBLE AGENT 27,0.46,,False,[],SM,,,GB,,Blended Scotch Whisky,Whisky / Whiskey,False,False,0,125.99,,,,,dewars double agent 27,,,,Spirits,[],True,,,1004,1024,1283,3.0,1007.92,0.17250000000000001,730.3768115942028,0.010101010101010102
429,bcls,product,205167,0.35400322,DEWARS DOUBLE AGENT 32,,,Whisky,,[],,189.99,,,,,,,['BCL Select'],,,205167,,[],,19,2024-03-11 19:10:01,,1,['00080480984427'],False,,0.375,[],DEWARS DOUBLE AGENT 32,,United Kingdom,False,,3,3,,,False,5.0,DEWARS DOUBLE AGENT 32,0.46,,True,['BCL Select'],C,,,GB,,Blended Scotch Whisky,Whisky / Whiskey,False,False,1,189.99,,,,,dewars double agent 32,,,,Spirits,"[{'id': 'empty-placeholder', 'label': '&nbsp;', 'labelLengthWithoutTags': 1}, {'id': 'exclusive', 'label': 'ONLY@BCL', 'labelLengthWithoutTags': 8}]",True,,,1004,1024,1283,7.125,3609.8100000000004,0.17250000000000001,1101.391304347826,0.025252525252525252
430,bcls,product,372312,0.3639408,DILLON'S - RYE 1 WHISKY,,,Whisky,,[],,78.99,,,,,,,['BCL Select'],,,372312,,[],,160,2024-03-11 19:10:01,,1,['00874618009386'],False,,0.5,[],DILLON'S - RYE 1 WHISKY,,Canada,False,,3,3,,,False,28.0, RYE 1 WHISKY,0.537,,True,['BCL Select'],C,,DILLON'S ,CA,,Canadian Whisky,Whisky / Whiskey,False,False,0,78.99,,,,,dillons - rye 1 whisky,,,,Spirits,"[{'id': 'empty-placeholder', 'label': '&nbsp;', 'labelLengthWithoutTags': 1}, {'id': 'exclusive', 'label': 'ONLY@BCL', 'labelLengthWithoutTags': 8}]",True,,,1004,1024,1285,80.0,12638.4,0.2685,294.1899441340782,0.1414141414141414
431,bcls,product,459245,0.35400322,DILLONS -  GIN DRY 7,,,Gin,,[],True,37.99,,,2024-03-03T00:00:00.000-08:00,,,2024-03-03T00:00:00.000-08:00,['On Sale'],2024-03-31T00:00:00.000-07:00,,459245,True,[],,99,2024-03-11 19:10:01,,1,['00874618001434'],False,,0.75,[],DILLONS -  GIN DRY 7,,Canada,False,,2,2,,,False,10.0,  GIN DRY 7,0.44799999999999995,,False,['On Sale'],SH,,DILLONS ,CA,,Dry Gin,Gin,False,False,0,34.99,,,,,dillons -  gin dry 7,,2024-03-31T00:00:00.000-07:00,,Spirits,[],False,,,1004,1017,1168,74.25,3761.01,0.33599999999999997,113.0654761904762,0.050505050505050504
432,bcls,product,487061,0.3639408,DILLONS - THREE OAKS RYE WHISKY,,,Whisky,,[],True,49.99,,,2024-03-03T00:00:00.000-08:00,,,2024-03-03T00:00:00.000-08:00,['On Sale'],2024-03-31T00:00:00.000-07:00,,487061,True,[],,399,2024-03-11 19:10:01,,1,['00874618008150'],False,,0.75,[],DILLONS - THREE OAKS RYE WHISKY,,Canada,False,,2,2,,,False,58.0, THREE OAKS RYE WHISKY,0.43,,False,['On Sale'],SR,,DILLONS ,CA,,Canadian Whisky,Whisky / Whiskey,False,False,0,46.99,,,,,dillons - three oaks rye whisky,,2024-03-31T00:00:00.000-07:00,,Spirits,[],True,,,1004,1024,1285,299.25,19946.010000000002,0.3225,155.0077519379845,0.29292929292929293
433,bcls,product,529156,0.35400322,DIPLOMATICO - MANTUANO,,,Rum,,[],,49.99,,,,,,,[],,,529156,,[],,776,2024-03-11 19:10:01,,1,"['07594003624866', '00186028000083', '07594003626631']",False,,0.75,[],DIPLOMATICO - MANTUANO,,Venezuela,False,,2,2,,,False,116.0, MANTUANO,0.4,,False,[],SR,,DIPLOMATICO ,VE,,Amber Rum,Rum,False,False,0,49.99,,,,,diplomatico - mantuano,,,,Spirits,[],True,,,1004,1021,1252,582.0,38792.24,0.30000000000000004,166.63333333333333,0.5858585858585859
434,bcls,product,225926,0.35400322,DOMAINE DE JOY - 1998 ARMAGNAC,,,Grape and Fruit Brandy,,[],,150.99,,,,,,,[],,,225926,,[],,1,2024-03-11 19:10:01,,1,['03760174331344'],False,,0.7,[],DOMAINE DE JOY - 1998 ARMAGNAC,,France,False,,3,3,,,False,1.0, 1998 ARMAGNAC,0.405,,False,[],ST,,DOMAINE DE JOY ,FR,,Armagnac,Other Spirits,False,False,1,150.99,,,,,domaine de joy - 1998 armagnac,,,,Spirits,[],True,,,1004,1018,1170,0.7,150.99,0.2835,532.5925925925927,0.005050505050505051
435,bcls,product,445133,0.35400322,DON JULIO - 70TH,,,Tequila,,[],,123.99,,,,,,,[],,,445133,,[],,519,2024-03-11 19:10:01,,1,['00674545000827'],False,,0.75,[],DON JULIO - 70TH,,Mexico,False,,2,2,,,False,60.0, 70TH,0.4,,False,[],SR,,DON JULIO ,MX,,Flavoured Tequila,Tequila,False,False,0,123.99,,,,,don julio - 70th,,,,Spirits,[],True,,,1004,1022,1271,389.25,64350.81,0.30000000000000004,413.2999999999999,0.30303030303030304
436,bcls,product,732321,0.35400322,DON JULIO - ANEJO,,,Tequila,,[],,104.99,,,,,,,[],,,732321,,[],,764,2024-03-11 19:10:01,,1,"['00674545000063', '00088076188495']",False,,0.75,[],DON JULIO - ANEJO,,Mexico,False,,2,2,,,False,91.0, ANEJO,0.4,,False,[],SR,,DON JULIO ,MX,,Gold Tequila,Tequila,False,False,0,104.99,,,,,don julio - anejo,,,,Spirits,[],True,,,1004,1022,1272,573.0,80212.36,0.30000000000000004,349.9666666666666,0.4595959595959596
437,bcls,product,291237,0.35400322,DON JULIO - ANEJO 1942,,,Tequila,,[],,314.99,,,,,,,[],,,291237,,[],,1118,2024-03-11 19:10:01,,1,['00674545000322'],False,,0.75,[],DON JULIO - ANEJO 1942,,Mexico,False,,2,2,,,False,129.0, ANEJO 1942,0.4,,False,[],SR,,DON JULIO ,MX,,Gold Tequila,Tequila,False,False,0,314.99,,,,,don julio - anejo 1942,,,,Spirits,[],True,,,1004,1022,1272,838.5,352158.82,0.30000000000000004,1049.9666666666665,0.6515151515151515
438,bcls,product,66569,0.3639408,DON JULIO - BLANCO,,,Tequila,,[],,12.99,,,,,,,[],,,66569,,[],,5300,2024-03-11 19:10:01,,1,['00674545000025'],False,,0.05,[],DON JULIO - BLANCO,,Mexico,False,,2,2,,,False,96.0, BLANCO,0.4,,False,[],SR,,DON JULIO ,MX,,Blanco/Silver Tequila,Tequila,False,False,0,12.99,,,,,don julio - blanco,,,,Spirits,[],True,,,1004,1022,1270,265.0,68847.0,0.020000000000000004,649.4999999999999,0.48484848484848486
439,bcls,product,77321,0.3639408,DON JULIO - BLANCO,,,Tequila,,[],,89.99,,,,,,,[],,,77321,,[],,1428,2024-03-11 19:10:01,,1,"['00674545000001', '00088076188501']",False,,0.75,[],DON JULIO - BLANCO,,Mexico,False,,2,2,,,False,174.0, BLANCO,0.4,,False,[],SR,,DON JULIO ,MX,,Blanco/Silver Tequila,Tequila,False,False,0,89.99,,,,,don julio - blanco,,,,Spirits,[],True,,,1004,1022,1270,1071.0,128505.71999999999,0.30000000000000004,299.9666666666666,0.8787878787878788
440,bcls,product,371920,0.3639408,DON JULIO - BLANCO,,,Tequila,,[],,184.99,,,,,,,['BCL Select'],,,371920,,[],,235,2024-03-11 19:10:01,,1,['00674545000629'],False,,1.75,[],DON JULIO - BLANCO,,Mexico,False,,3,3,,,False,42.0, BLANCO,0.4,,True,['BCL Select'],C,,DON JULIO ,MX,,Blanco/Silver Tequila,Tequila,False,False,0,184.99,,,,,don julio - blanco,,,,Spirits,"[{'id': 'empty-placeholder', 'label': '&nbsp;', 'labelLengthWithoutTags': 1}, {'id': 'exclusive', 'label': 'ONLY@BCL', 'labelLengthWithoutTags': 8}]",True,,,1004,1022,1270,411.25,43472.65,0.7000000000000001,264.27142857142854,0.21212121212121213
441,bcls,product,366755,0.3639408,DON JULIO - PRIMAVERA,,,Tequila,,['New'],,219.99,,,,,,,[],,,366755,,['New'],,421,2024-03-11 19:10:01,,1,['00088076185500'],False,,0.75,[],DON JULIO - PRIMAVERA,,Mexico,False,,2,2,,,False,69.0, PRIMAVERA,0.4,,False,[],SH,,DON JULIO ,MX,,Flavoured Tequila,Tequila,False,False,0,219.99,,,"[{'urlAlias': '/promotion/new-arrivals', 'name': 'New For You', 'promoCode': '2023NEW', 'published': True, 'shortName': 'New'}]","[{'urlAlias': '/promotion/new-arrivals', 'name': 'New For You', 'promoCode': '2023NEW', 'published': True, 'shortName': 'New'}]",don julio - primavera,,,,Spirits,"[{'id': 'empty-placeholder', 'label': '&nbsp;', 'labelLengthWithoutTags': 1}, {'id': 'featured', 'label': 'FEATURED', 'labelLengthWithoutTags': 8}]",True,,,1004,1022,1271,315.75,92615.79000000001,0.30000000000000004,733.3,0.3484848484848485
442,bcls,product,698621,0.3639408,DON JULIO - REPOSADO,,,Tequila,,[],,99.99,,,,,,,[],,,698621,,[],,1538,2024-03-11 19:10:01,,1,"['00674545000414', '00088076188518']",False,,0.75,[],DON JULIO - REPOSADO,,Mexico,False,,2,2,,,False,169.0, REPOSADO,0.4,,False,[],SR,,DON JULIO ,MX,,Gold Tequila,Tequila,False,False,0,99.99,,,,,don julio - reposado,,,,Spirits,[],True,,,1004,1022,1272,1153.5,153784.62,0.30000000000000004,333.29999999999995,0.8535353535353535
443,bcls,product,521167,0.35400322,DON JULIO - ULTIMA RESERVA,,,Tequila,,[],,680.0,,,,,,,[],,,521167,,[],,151,2024-03-11 19:10:01,,1,['00088076185494'],False,,0.75,[],DON JULIO - ULTIMA RESERVA,,Mexico,False,,3,3,,,False,23.0, ULTIMA RESERVA,0.4,,False,[],ST,,DON JULIO ,MX,,Gold Tequila,Tequila,False,False,0,680.0,,,,,don julio - ultima reserva,,,,Spirits,[],True,,,1004,1022,1272,113.25,102680.0,0.30000000000000004,2266.6666666666665,0.11616161616161616
444,bcls,product,177077,0.3639408,DON PAPA - RUM,,,Rum,,[],True,61.99,,,2024-03-03T00:00:00.000-08:00,,,2024-03-03T00:00:00.000-08:00,['On Sale'],2024-03-31T00:00:00.000-07:00,,177077,True,[],,610,2024-03-11 19:10:01,,1,"['04809015157060', '00850000806054']",False,,0.75,[],DON PAPA - RUM,,Philippines,False,,2,2,,,False,79.0, RUM,0.4,,False,['On Sale'],SR,,DON PAPA ,PH,,Dark Rum,Rum,False,False,0,57.99,,,,,don papa - rum,,2024-03-31T00:00:00.000-07:00,,Spirits,[],True,,,1004,1021,1253,457.5,37813.9,0.30000000000000004,206.6333333333333,0.398989898989899
445,bcls,product,251278,0.35400322,DOS HOMBRES - ESPADIN MEZCAL,,,Tequila,,[],,99.99,,,,,,,['BCL Select'],,,251278,,[],,424,2024-03-11 19:10:01,,1,['00736040544951'],False,,0.75,[],DOS HOMBRES - ESPADIN MEZCAL,,Mexico,False,,2,2,,,False,61.0, ESPADIN MEZCAL,0.42,,True,['BCL Select'],C,,DOS HOMBRES ,MX,,Mezcal,Tequila,False,False,0,99.99,,,,,dos hombres - espadin mezcal,,,,Spirits,"[{'id': 'empty-placeholder', 'label': '&nbsp;', 'labelLengthWithoutTags': 1}, {'id': 'exclusive', 'label': 'ONLY@BCL', 'labelLengthWithoutTags': 8}]",True,,,1004,1022,1273,318.0,42395.759999999995,0.315,317.4285714285714,0.30808080808080807
446,bcls,product,388430,0.3639408,DR. MCGILLICUDDY'S - MENTHOLMINT,,,Liqueurs,,[],True,10.29,,,2024-03-03T00:00:00.000-08:00,,,2024-03-03T00:00:00.000-08:00,['On Sale'],2024-03-31T00:00:00.000-07:00,,388430,True,[],,238,2024-03-11 19:10:01,,1,['00088004400682'],False,,0.375,[],DR. MCGILLICUDDY'S - MENTHOLMINT,,Canada,False,,3,3,,,False,14.0, MENTHOLMINT,0.24,,False,['On Sale'],SH,,DR. MCGILLICUDDY'S ,CA,,Whiskey Liqueurs,Liqueurs,False,False,1,9.27,,,,,dr. mcgillicuddys - mentholmint,,2024-03-31T00:00:00.000-07:00,,Spirits,[],True,,,1004,1019,1214,89.25,2449.02,0.09,114.33333333333333,0.0707070707070707
447,bcls,product,1867,0.3639408,DRAMBUIE,,,Liqueurs,,[],,48.49,,,,,,,[],,,1867,,[],,1926,2024-03-11 19:10:01,,1,"['05010391100758', '00083664873623', '00010391100753']",False,,0.75,[],DRAMBUIE,,United Kingdom,False,,2,2,,,False,196.0,DRAMBUIE,0.4,,False,[],SR,,,GB,,Whiskey Liqueurs,Liqueurs,False,False,0,48.49,,,,,drambuie,,,,Spirits,[],True,,,1004,1019,1214,1444.5,93391.74,0.30000000000000004,161.63333333333333,0.98989898989899
448,bcls,product,364174,0.3639408,DRAMBUIE,,,Liqueurs,,[],,26.99,,,,,,,[],,,364174,,[],,1739,2024-03-11 19:10:01,,1,['00010391100371'],False,,0.375,[],DRAMBUIE,,United Kingdom,False,,2,2,,,False,164.0,DRAMBUIE,0.4,,False,[],SR,,,GB,,Whiskey Liqueurs,Liqueurs,False,False,0,26.99,,,,,drambuie,,,,Spirits,[],True,,,1004,1019,1214,652.125,46935.61,0.15000000000000002,179.9333333333333,0.8282828282828283
449,bcls,product,278578,0.35400322,DRINKS BY THE DRAM - WHISKY EXPLORER ADVENT CALENDAR,,,Whisky,,[],,336.99,,,,,,,[],,,278578,,[],,4,2024-03-11 19:10:01,,24,['00696852045247'],False,,0.03,[],DRINKS BY THE DRAM - WHISKY EXPLORER ADVENT CALENDAR,,United Kingdom,False,,3,3,,,False,3.0, WHISKY EXPLORER ADVENT CALENDAR,0.436,,False,[],ST,,DRINKS BY THE DRAM ,GB,,Other Country Whisky,Whisky / Whiskey,False,False,1,336.99,,,,,drinks by the dram - whisky explorer advent calendar,,,,Spirits,[],True,,,1004,1024,1288,2.88,1347.96,0.31392,1073.4900611620797,0.015151515151515152
450,bcls,product,83028,0.35400322,DRUMSHANBO - GUNPOWDER IRISH GIN,,,Gin,,[],True,54.99,,,2024-03-03T00:00:00.000-08:00,,,2024-03-03T00:00:00.000-08:00,['On Sale'],2024-03-31T00:00:00.000-07:00,,83028,True,[],,980,2024-03-11 19:10:01,,1,"['00506043130228', '00086785012346']",False,,0.75,[],DRUMSHANBO - GUNPOWDER IRISH GIN,,Ireland,False,,2,2,,,False,112.0, GUNPOWDER IRISH GIN,0.43,,False,['On Sale'],SR,,DRUMSHANBO ,IE,,Dry Gin,Gin,False,False,0,46.99,,,,,drumshanbo - gunpowder irish gin,,2024-03-31T00:00:00.000-07:00,,Spirits,[],True,,,1004,1017,1168,735.0,53890.200000000004,0.3225,170.51162790697674,0.5656565656565656
451,bcls,product,60605,0.3639408,DUCHESS - COSMOPOLITAN,,,Other Spirits,,[],,23.79,,,,,,,[],,,60605,,[],,537,2024-03-11 19:10:01,,4,"['00626990448914', '00696852005425', '00628678067110']",False,,0.28,[],DUCHESS - COSMOPOLITAN,,Canada,False,,2,2,,,False,55.0, COSMOPOLITAN,0.12,,False,[],SH,,DUCHESS ,CA,,Ready to Serve Cocktails,Other Spirits,False,False,0,23.79,,,,,duchess - cosmopolitan,,,,Spirits,[],True,,,1004,1020,1242,601.44,12775.23,0.13440000000000002,177.00892857142853,0.2777777777777778
452,bcls,product,10512,0.35400322,DUJARDIN - V.S.O.P.,,,Grape and Fruit Brandy,,[],,28.99,,,,,,,[],,,10512,,[],,1572,2024-03-11 19:10:01,,1,['04001731232995'],False,,0.75,[],DUJARDIN - V.S.O.P.,,Germany,False,,2,2,,,False,163.0, V.S.O.P.,0.4,,False,[],G,,DUJARDIN ,DE,,Brandy,Brandy,False,False,0,28.99,,,,,dujardin - v.s.o.p.,,,,Spirits,[],True,,,1004,1018,1171,1179.0,45572.28,0.30000000000000004,96.63333333333331,0.8232323232323232
453,bcls,product,460028,0.35400322,DUNCAN TAYLOR - CAPERDONICH RAREST,,,Whisky,,[],,18800.0,,,,,,,['BCL Select'],,,460028,,[],,1,2024-03-11 19:10:01,Speyside,1,"['05056510007393', '05056510004804']",False,,0.7,[],DUNCAN TAYLOR - CAPERDONICH RAREST,,United Kingdom,False,Scotland,2,2,,,False,1.0, CAPERDONICH RAREST,0.479,,True,['BCL Select'],C,,DUNCAN TAYLOR ,GB,,Single Malt Scotch Whisky,Whisky / Whiskey,False,False,0,18800.0,,,,,duncan taylor - caperdonich rarest,,,,Spirits,"[{'id': 'empty-placeholder', 'label': '&nbsp;', 'labelLengthWithoutTags': 1}, {'id': 'exclusive', 'label': 'ONLY@BCL', 'labelLengthWithoutTags': 8}]",True,,,1004,1024,1289,0.7,18800.0,0.3353,56069.19176856546,0.005050505050505051
454,bcls,product,460025,0.35400322,DUNCAN TAYLOR - KINCLAITH THE RAREST,,,Whisky,,[],,22500.0,,,,,,,['BCL Select'],,,460025,,[],,1,2024-03-11 19:10:01,Lowland,1,"['05056510007409', '05056510004811']",False,,0.7,[],DUNCAN TAYLOR - KINCLAITH THE RAREST,,United Kingdom,False,Scotland,2,2,,,False,1.0, KINCLAITH THE RAREST,0.493,,True,['BCL Select'],C,,DUNCAN TAYLOR ,GB,,Single Malt Scotch Whisky,Whisky / Whiskey,False,False,0,22500.0,,,,,duncan taylor - kinclaith the rarest,,,,Spirits,"[{'id': 'empty-placeholder', 'label': '&nbsp;', 'labelLengthWithoutTags': 1}, {'id': 'exclusive', 'label': 'ONLY@BCL', 'labelLengthWithoutTags': 8}]",True,,,1004,1024,1289,0.7,22500.0,0.34509999999999996,65198.49319037961,0.005050505050505051
455,bcls,product,369532,0.3639408,DUNCAN TAYLOR - MACALLAN THE OCTAVE,,,Whisky,,[],,6999.0,,,,,,,['BCL Select'],,,369532,,[],,39,2024-03-11 19:10:01,Speyside,1,['05056510006914'],False,,0.7,[],DUNCAN TAYLOR - MACALLAN THE OCTAVE,,United Kingdom,False,Scotland,3,3,,,False,5.0, MACALLAN THE OCTAVE,0.475,,True,['BCL Select'],C,,DUNCAN TAYLOR ,GB,,Single Malt Scotch Whisky,Whisky / Whiskey,False,False,0,6999.0,,,,,duncan taylor - macallan the octave,,,,Spirits,"[{'id': 'empty-placeholder', 'label': '&nbsp;', 'labelLengthWithoutTags': 1}, {'id': 'exclusive', 'label': 'ONLY@BCL', 'labelLengthWithoutTags': 8}]",True,,,1004,1024,1289,27.299999999999997,272961.0,0.33249999999999996,21049.624060150378,0.025252525252525252
456,bcls,product,427383,0.35400322,DUNCAN TAYLOR RARE AULD - INVERGORDON GRAIN,,,Whisky,,[],,394.99,,,,,,,['BCL Select'],,,427383,,[],,25,2024-03-11 19:10:01,Highland,1,['05060294581048'],False,,0.7,[],DUNCAN TAYLOR RARE AULD - INVERGORDON GRAIN,,United Kingdom,False,Scotland,3,3,,,False,3.0, INVERGORDON GRAIN,0.474,,True,['BCL Select'],C,,DUNCAN TAYLOR RARE AULD ,GB,,Single Malt Scotch Whisky,Whisky / Whiskey,False,False,1,394.99,,,,,duncan taylor rare auld - invergordon grain,,,,Spirits,"[{'id': 'empty-placeholder', 'label': '&nbsp;', 'labelLengthWithoutTags': 1}, {'id': 'exclusive', 'label': 'ONLY@BCL', 'labelLengthWithoutTags': 8}]",False,,,1004,1024,1289,17.5,9874.75,0.3318,1190.446051838457,0.015151515151515152
457,bcls,product,427375,0.3639408,DUNCAN TAYLOR RARE AULD - NORTH BRITISH,,,Whisky,,[],,349.99,,,,,,,['BCL Select'],,,427375,,[],,5,2024-03-11 19:10:01,Lowland,1,['05056510000585'],False,,0.7,[],DUNCAN TAYLOR RARE AULD - NORTH BRITISH,,United Kingdom,False,Scotland,3,3,,,False,2.0, NORTH BRITISH,0.547,,True,['BCL Select'],C,,DUNCAN TAYLOR RARE AULD ,GB,,Single Malt Scotch Whisky,Whisky / Whiskey,False,False,1,349.99,,,,,duncan taylor rare auld - north british,,,,Spirits,"[{'id': 'empty-placeholder', 'label': '&nbsp;', 'labelLengthWithoutTags': 1}, {'id': 'exclusive', 'label': 'ONLY@BCL', 'labelLengthWithoutTags': 8}]",False,,,1004,1024,1289,3.5,1749.95,0.3829,914.0506659702272,0.010101010101010102
458,bcls,product,250140,0.3639408,EAST LONDON - SINGLE MALT WHISKY,,,Whisky,,[],,140.99,,,,,,,['BCL Select'],,,250140,,[],,381,2024-03-11 19:10:01,,1,['05060403210319'],False,,0.7,[],EAST LONDON - SINGLE MALT WHISKY,,United Kingdom,False,,3,3,,,False,38.0, SINGLE MALT WHISKY,0.47,,True,['BCL Select'],C,,EAST LONDON ,GB,,Other Country Whisky,Whisky / Whiskey,False,False,1,140.99,,,,,east london - single malt whisky,,,,Spirits,"[{'id': 'empty-placeholder', 'label': '&nbsp;', 'labelLengthWithoutTags': 1}, {'id': 'exclusive', 'label': 'ONLY@BCL', 'labelLengthWithoutTags': 8}]",True,,,1004,1024,1288,266.7,53717.19,0.32899999999999996,428.54103343465056,0.1919191919191919
459,bcls,product,862086,0.3639408,EDRADOUR - 10 YEAR OLD,,,Whisky,,[],,104.99,,,,,,,[],,,862086,,[],,153,2024-03-11 19:10:01,Highland,1,['05010739261981'],False,,0.7,[],EDRADOUR - 10 YEAR OLD,,United Kingdom,False,Scotland,2,2,,,False,23.0, 10 YEAR OLD,0.4,,False,[],SH,,EDRADOUR ,GB,,Single Malt Scotch Whisky,Whisky / Whiskey,False,False,0,104.99,,,,,edradour - 10 year old,,,,Spirits,[],True,,,1004,1024,1289,107.1,16063.47,0.27999999999999997,374.9642857142857,0.11616161616161616
460,bcls,product,444711,0.3639408,EL DORADO - 12 YEAR OLD FINEST DEMERARA,,,Rum,,[],,46.99,,,,,,,[],,,444711,,[],,1147,2024-03-11 19:10:01,,1,['05014396002222'],False,,0.75,[],EL DORADO - 12 YEAR OLD FINEST DEMERARA,,Guyana,False,,2,2,,,False,164.0, 12 YEAR OLD FINEST DEMERARA,0.4,,False,[],SR,,EL DORADO ,GY,,Amber Rum,Rum,False,False,0,46.99,,,,,el dorado - 12 year old finest demerara,,,,Spirits,[],True,,,1004,1021,1252,860.25,53897.53,0.30000000000000004,156.63333333333333,0.8282828282828283
461,bcls,product,329797,0.3639408,EL DORADO - 15 YEAR OLD SPECIAL RESERVE,,,Rum,,[],,70.99,,,,,,,[],,,329797,,[],,448,2024-03-11 19:10:01,,1,['05014396112235'],False,,0.75,[],EL DORADO - 15 YEAR OLD SPECIAL RESERVE,,Guyana,False,,2,2,,,False,62.0, 15 YEAR OLD SPECIAL RESERVE,0.4,,False,[],SR,,EL DORADO ,GY,,Amber Rum,Rum,False,False,0,70.99,,,,,el dorado - 15 year old special reserve,,,,Spirits,[],True,,,1004,1021,1252,336.0,31803.519999999997,0.30000000000000004,236.63333333333327,0.31313131313131315
462,bcls,product,460378,0.3639408,EL JIMADOR - BLANCO,,,Tequila,,[],,40.49,,,,,,,[],,,460378,,[],,3353,2024-03-11 19:10:01,,1,"['00744607168205', '00744607160209', '00744607068208']",False,,0.75,[],EL JIMADOR - BLANCO,,Mexico,False,,2,2,,,False,198.0, BLANCO,0.4,,False,[],SR,,EL JIMADOR ,MX,,Blanco/Silver Tequila,Tequila,False,False,0,40.49,,,,,el jimador - blanco,,,,Spirits,[],True,,,1004,1022,1270,2514.75,135762.97,0.30000000000000004,134.96666666666664,1.0
463,bcls,product,576744,0.35400322,EL JIMADOR - REPOSADO,,,Tequila,,[],,26.99,,,,,,,[],,,576744,,[],,2165,2024-03-11 19:10:01,,1,"['00744607069601', '00744607169608', '00744607162609']",False,,0.375,[],EL JIMADOR - REPOSADO,,Mexico,False,,2,2,,,False,171.0, REPOSADO,0.4,,False,[],SR,,EL JIMADOR ,MX,,Gold Tequila,Tequila,False,False,0,26.99,,,,,el jimador - reposado,,,,Spirits,[],True,,,1004,1022,1272,811.875,58433.35,0.15000000000000002,179.9333333333333,0.8636363636363636
464,bcls,product,410723,0.3639408,EL JIMADOR - REPOSADO,,,Tequila,,[],,87.99,,,,,,,['BCL Select'],,,410723,,[],,69,2024-03-11 19:10:01,,1,['00744607049801'],False,,1.75,[],EL JIMADOR - REPOSADO,,Mexico,False,,3,3,,,False,9.0, REPOSADO,0.4,,True,['BCL Select'],C,,EL JIMADOR ,MX,,Gold Tequila,Tequila,False,False,1,87.99,,,,,el jimador - reposado,,,,Spirits,"[{'id': 'empty-placeholder', 'label': '&nbsp;', 'labelLengthWithoutTags': 1}, {'id': 'exclusive', 'label': 'ONLY@BCL', 'labelLengthWithoutTags': 8}]",True,,,1004,1022,1272,120.75,6071.3099999999995,0.7000000000000001,125.69999999999997,0.045454545454545456
465,bcls,product,460360,0.3639408,EL JIMADOR - REPOSADO,,,Tequila,,[],,41.99,,,,,,,[],,,460360,,[],,3344,2024-03-11 19:10:01,,1,"['00744607169202', '00744607069205', '00744607162203']",False,,0.75,[],EL JIMADOR - REPOSADO,,Mexico,False,,2,2,,,False,197.0, REPOSADO,0.4,,False,[],G,,EL JIMADOR ,MX,,Gold Tequila,Tequila,False,False,0,41.99,,,,,el jimador - reposado,,,,Spirits,[],True,,,1004,1022,1272,2508.0,140414.56,0.30000000000000004,139.96666666666664,0.9949494949494949
466,bcls,product,89836,0.3639408,EL MAYOR - REPOSADO,,,Tequila,,[],,83.99,,,,,,,[],,,89836,,[],,224,2024-03-11 19:10:01,,1,['00088352124803'],False,,0.75,[],EL MAYOR - REPOSADO,,Mexico,False,,3,3,,,False,37.0, REPOSADO,0.4,,False,[],SH,,EL MAYOR ,MX,,Gold Tequila,Tequila,False,False,0,83.99,,,,,el mayor - reposado,,,,Spirits,[],True,,,1004,1022,1272,168.0,18813.76,0.30000000000000004,279.9666666666666,0.18686868686868688
467,bcls,product,499090,0.35400322,EL SILENCIO ESPADIN - MEZCAL,,,Tequila,,[],,79.99,,,,,,,[],,,499090,,[],,161,2024-03-11 19:10:01,,1,['00863415000023'],False,,0.75,[],EL SILENCIO ESPADIN - MEZCAL,,Mexico,False,,3,3,,,False,26.0, MEZCAL,0.43,,False,[],ST,,EL SILENCIO ESPADIN ,MX,,Mezcal,Tequila,False,False,0,79.99,,,,,el silencio espadin - mezcal,,,,Spirits,[],True,,,1004,1022,1273,120.75,12878.39,0.3225,248.03100775193795,0.13131313131313133
468,bcls,product,156433,0.3639408,EL TEQUILENO - REPOSADO,,,Tequila,,[],,43.99,,,,,,,[],,,156433,,[],,1785,2024-03-11 19:10:01,,1,['07501398100462'],False,,0.75,[],EL TEQUILENO - REPOSADO,,Mexico,False,,2,2,,,False,89.0, REPOSADO,0.4,,False,[],SR,,EL TEQUILENO ,MX,,Gold Tequila,Tequila,False,False,0,43.99,,,,,el tequileno - reposado,,,,Spirits,[],True,,,1004,1022,1272,1338.75,78522.15000000001,0.30000000000000004,146.63333333333333,0.4494949494949495
469,bcls,product,420222,0.35400322,ELDER BROS FARMS DISTILLERY - APPLE STRUDEL LIQUOR,,,Liqueurs,,[],,35.49,,,,,,,[],,,420222,,[],,555,2024-03-11 19:10:01,,1,['00627987906783'],False,,0.75,[],ELDER BROS FARMS DISTILLERY - APPLE STRUDEL LIQUOR,,Canada,False,,2,2,,,False,59.0, APPLE STRUDEL LIQUOR,0.2,,False,[],SH,,ELDER BROS FARMS DISTILLERY ,CA,,Fruit Liqueurs,Liqueurs,False,False,0,35.49,,,,,elder bros farms distillery - apple strudel liquor,,,,Spirits,[],True,,,1004,1019,1211,416.25,19696.95,0.15000000000000002,236.59999999999997,0.29797979797979796
470,bcls,product,16017,0.35400322,ELDER BROS FARMS DISTILLERY - ELDERFLOWER LIQUEUR,,,Liqueurs,,[],,35.49,,,,,,,[],,,16017,,[],,286,2024-03-11 19:10:01,,1,"['00612637998751', '00627987906776']",False,,0.75,[],ELDER BROS FARMS DISTILLERY - ELDERFLOWER LIQUEUR,,Canada,False,,2,2,,,False,33.0, ELDERFLOWER LIQUEUR,0.2,,False,[],SH,,ELDER BROS FARMS DISTILLERY ,CA,,Fruit Liqueurs,Liqueurs,False,False,0,35.49,,,,,elder bros farms distillery - elderflower liqueur,,,,Spirits,[],True,,,1004,1019,1211,214.5,10150.140000000001,0.15000000000000002,236.59999999999997,0.16666666666666666
471,bcls,product,443556,0.35400322,ELDERFLOWER LIQUEUR - ST GERMAIN,,,Liqueurs,,[],,6.99,,,,,,,[],,,443556,,[],,3112,2024-03-11 19:10:01,,1,"['00080480004712', '00804800047124', '00898804001022']",False,,0.05,[],ELDERFLOWER LIQUEUR - ST GERMAIN,,France,False,,2,2,,,False,78.0, ST GERMAIN,0.2,,False,[],ST,,ELDERFLOWER LIQUEUR ,FR,,Other Liqueurs,Liqueurs,False,False,0,6.99,,,,,elderflower liqueur - st germain,,,,Spirits,[],True,,,1004,1019,1213,155.60000000000002,21752.88,0.010000000000000002,698.9999999999999,0.3939393939393939
472,bcls,product,874107,0.35400322,ELDERFLOWER LIQUEUR - ST GERMAIN,,,Liqueurs,,[],True,50.99,,,2024-03-03T00:00:00.000-08:00,,,2024-03-03T00:00:00.000-08:00,['On Sale'],2024-03-31T00:00:00.000-07:00,,874107,True,[],,1737,2024-03-11 19:10:01,,1,"['00080480004699', '00898804001008']",False,,0.75,[],ELDERFLOWER LIQUEUR - ST GERMAIN,,France,False,,2,2,,,False,196.0, ST GERMAIN,0.2,,False,['On Sale'],SR,,ELDERFLOWER LIQUEUR ,FR,,Other Liqueurs,Liqueurs,False,False,0,47.99,,,,,elderflower liqueur - st germain,,2024-03-31T00:00:00.000-07:00,,Spirits,[],True,,,1004,1019,1213,1302.75,88569.63,0.15000000000000002,339.9333333333333,0.98989898989899
473,bcls,product,485956,0.35400322,ELIJAH CRAIG - RYE,,,Whisky,,[],,52.99,,,,,,,[],,,485956,,[],,157,2024-03-11 19:10:01,,1,['00096749002733'],False,,0.75,[],ELIJAH CRAIG - RYE,,USA,False,,2,2,,,False,25.0, RYE,0.47,,False,[],SH,,ELIJAH CRAIG ,US,,American Whiskey,Whisky / Whiskey,False,False,0,52.99,,,,,elijah craig - rye,,,,Spirits,[],True,,,1004,1024,1282,117.75,8319.43,0.3525,150.3262411347518,0.12626262626262627
474,bcls,product,414169,0.35400322,ELIJAH CRAIG - SMALL BATCH,,,Whisky,,[],,54.99,,,,,,,[],,,414169,,[],,1128,2024-03-11 19:10:01,,1,['00096749000067'],False,,0.75,[],ELIJAH CRAIG - SMALL BATCH,,USA,False,,2,2,,,False,84.0, SMALL BATCH,0.47,,False,[],SR,,ELIJAH CRAIG ,US,,Bourbon Whiskey,Whisky / Whiskey,False,False,0,54.99,,,,,elijah craig - small batch,,,,Spirits,[],True,,,1004,1024,1284,846.0,62028.72,0.3525,156.00000000000003,0.42424242424242425
475,bcls,product,645085,0.35400322,EMPRESS - 1908 COCKTAIL GIN,,,Gin,,[],True,48.99,,,2024-03-03T00:00:00.000-08:00,,,2024-03-03T00:00:00.000-08:00,['On Sale'],2024-03-31T00:00:00.000-07:00,,645085,True,[],,801,2024-03-11 19:10:01,,1,['00626990075349'],False,,0.75,[],EMPRESS - 1908 COCKTAIL GIN,,Canada,False,,2,2,,,False,75.0, 1908 COCKTAIL GIN,0.425,,False,['On Sale'],SH,,EMPRESS ,CA,,Dry Gin,Gin,False,False,0,44.99,,,,,empress - 1908 cocktail gin,,2024-03-31T00:00:00.000-07:00,,Spirits,[],True,,,1004,1017,1168,600.75,39240.99,0.31875,153.69411764705885,0.3787878787878788
476,bcls,product,325866,0.35400322,EMPRESS - 1908 ELDERFLOWER ROSE GIN,,,Gin,,[],,54.99,,,,,,,[],,,325866,,[],,1700,2024-03-11 19:10:01,,1,['00628451773801'],False,,0.75,[],EMPRESS - 1908 ELDERFLOWER ROSE GIN,,Canada,False,,2,2,,,False,145.0, 1908 ELDERFLOWER ROSE GIN,0.425,,False,[],SR,,EMPRESS ,CA,,Dry Gin,Gin,False,False,0,54.99,,,,,empress - 1908 elderflower rose gin,,,,Spirits,[],True,,,1004,1017,1168,1275.0,93483.0,0.31875,172.51764705882354,0.7323232323232324
477,bcls,product,6968,0.35400322,EMPRESS - 1908 INDIGO GIN,,,Gin,,[],,54.99,,,,,,,[],,,6968,,[],,2921,2024-03-11 19:10:01,,1,['00628451773108'],False,,0.75,[],EMPRESS - 1908 INDIGO GIN,,Canada,False,,2,2,,,False,195.0, 1908 INDIGO GIN,0.425,,False,[],G,,EMPRESS ,CA,,Dry Gin,Gin,False,False,0,54.99,,,,,empress - 1908 indigo gin,,,,Spirits,[],True,,,1004,1017,1168,2190.75,160625.79,0.31875,172.51764705882354,0.9848484848484849
478,bcls,product,233984,0.35400322,EMPRESS - 1908 INDIGO GIN,,,Gin,,[],,30.49,,,,,,,[],,,233984,,[],,1628,2024-03-11 19:10:01,,1,"['00628451773214', '00628451773177']",False,,0.375,[],EMPRESS - 1908 INDIGO GIN,,Canada,False,,2,2,,,False,126.0, 1908 INDIGO GIN,0.425,,False,[],SR,,EMPRESS ,CA,,Dry Gin,Gin,False,False,0,30.49,,,,,empress - 1908 indigo gin,,,,Spirits,[],True,,,1004,1017,1168,610.5,49637.719999999994,0.159375,191.30980392156863,0.6363636363636364
479,bcls,product,806364,0.35400322,ER GUO TOU - BEIJING NIU LAN SHAN XINXIN,,,Asian Spirits,,[],,23.29,,,,,,,[],,,806364,,[],,1013,2024-03-11 19:10:01,,1,['06906151600462'],False,,0.5,[],ER GUO TOU - BEIJING NIU LAN SHAN XINXIN,,China,False,,2,2,,,False,64.0, BEIJING NIU LAN SHAN XINXIN,0.42,,False,[],SR,,ER GUO TOU ,CN,,China Spirits,Other Spirits,False,False,0,23.29,,,,,er guo tou - beijing niu lan shan xinxin,,,,Spirits,[],True,,,1004,1016,1064,506.5,23592.77,0.21,110.9047619047619,0.32323232323232326
480,bcls,product,46623,0.35400322,ER GUO TOU - SHAO JIU,,,Asian Spirits,,[],,21.29,,,,,,,[],,,46623,,[],,981,2024-03-11 19:10:01,,1,['06906151900982'],False,,0.5,[],ER GUO TOU - SHAO JIU,,China,False,,2,2,,,False,75.0, SHAO JIU,0.56,,False,[],SR,,ER GUO TOU ,CN,,China Spirits,Other Spirits,False,False,0,21.29,,,,,er guo tou - shao jiu,,,,Spirits,[],True,,,1004,1016,1064,490.5,20885.489999999998,0.28,76.03571428571428,0.3787878787878788
481,bcls,product,864645,0.35400322,ER GUO TOU - SHAO JIU,,,Asian Spirits,,[],,5.79,,,,,,,[],,,864645,,[],,867,2024-03-11 19:10:01,,1,['00000069020001'],False,,0.1,[],ER GUO TOU - SHAO JIU,,China,False,,2,2,,,False,28.0, SHAO JIU,0.56,,False,[],SR,,ER GUO TOU ,CN,,China Spirits,Other Spirits,False,False,0,5.79,,,,,er guo tou - shao jiu,,,,Spirits,[],True,,,1004,1016,1064,86.7,5019.93,0.05600000000000001,103.39285714285712,0.1414141414141414
482,bcls,product,70763,0.35400322,ESPOLON - BLANCO,,,Tequila,,[],,44.99,,,,,,,[],,,70763,,[],,1399,2024-03-11 19:10:01,,1,['00721059707503'],False,,0.75,[],ESPOLON - BLANCO,,Mexico,False,,2,2,,,False,169.0, BLANCO,0.4,,False,[],SR,,ESPOLON ,MX,,Blanco/Silver Tequila,Tequila,False,False,0,44.99,,,,,espolon - blanco,,,,Spirits,[],True,,,1004,1022,1270,1049.25,62941.01,0.30000000000000004,149.96666666666664,0.8535353535353535
483,bcls,product,682914,0.35400322,ESPOLON - REPOSADO,,,Tequila,,[],True,46.99,,,2024-03-03T00:00:00.000-08:00,,,2024-03-03T00:00:00.000-08:00,['On Sale'],2024-03-31T00:00:00.000-07:00,,682914,True,[],,1481,2024-03-11 19:10:01,,1,['00721059707510'],False,,0.75,[],ESPOLON - REPOSADO,,Mexico,False,,2,2,,,False,182.0, REPOSADO,0.4,,False,['On Sale'],SR,,ESPOLON ,MX,,Gold Tequila,Tequila,False,False,0,42.99,,,,,espolon - reposado,,2024-03-31T00:00:00.000-07:00,,Spirits,[],True,,,1004,1022,1272,1110.75,69592.19,0.30000000000000004,156.63333333333333,0.9191919191919192
484,bcls,product,450254,0.3639408,EVAN WILLIAMS - KENTUCKY BOURBON,,,Whisky,,[],,28.49,,,,,,,['BCL Select'],,,450254,,[],,2237,2024-03-11 19:10:01,,1,['00096749021345'],False,,0.75,[],EVAN WILLIAMS - KENTUCKY BOURBON,,USA,False,,2,2,,,False,144.0, KENTUCKY BOURBON,0.43,,True,['BCL Select'],C,,EVAN WILLIAMS ,US,,Bourbon Whiskey,Whisky / Whiskey,False,False,0,28.49,,,,,evan williams - kentucky bourbon,,,,Spirits,"[{'id': 'empty-placeholder', 'label': '&nbsp;', 'labelLengthWithoutTags': 1}, {'id': 'exclusive', 'label': 'ONLY@BCL', 'labelLengthWithoutTags': 8}]",True,,,1004,1024,1284,1677.75,63732.13,0.3225,88.34108527131782,0.7272727272727273
485,bcls,product,47787,0.3639408,EVAN WILLIAMS - ORIGINAL SOUTHERN EGG NOG,,,Other Spirits,,[],True,22.99,,,2024-03-03T00:00:00.000-08:00,,,2024-03-03T00:00:00.000-08:00,['On Sale'],2024-03-31T00:00:00.000-07:00,,47787,True,[],,23,2024-03-11 19:10:01,,1,['00096749025336'],False,,0.75,[],EVAN WILLIAMS - ORIGINAL SOUTHERN EGG NOG,,USA,False,,3,3,,,False,4.0, ORIGINAL SOUTHERN EGG NOG,0.15,,False,['On Sale'],SH,,EVAN WILLIAMS ,US,,Flavoured Spirits,Other Spirits,False,False,1,19.97,,,,,evan williams - original southern egg nog,,2024-03-31T00:00:00.000-07:00,,Spirits,[],True,,,1004,1020,1238,17.25,528.77,0.11249999999999999,204.35555555555555,0.020202020202020204
486,bcls,product,77821,0.35400322,FANDANGO - MEZCAL,,,Tequila,,[],True,54.99,,,2024-03-03T00:00:00.000-08:00,,,2024-03-03T00:00:00.000-08:00,['On Sale'],2024-03-31T00:00:00.000-07:00,,77821,True,[],,1257,2024-03-11 19:10:01,,1,"['07502214400025', '07502213348502']",False,,0.75,[],FANDANGO - MEZCAL,,Mexico,False,,2,2,,,False,118.0, MEZCAL,0.4,,False,['On Sale'],SR,,FANDANGO ,MX,,Mezcal,Tequila,False,False,0,49.99,,,,,fandango - mezcal,,2024-03-31T00:00:00.000-07:00,,Spirits,[],True,,,1004,1022,1273,942.75,69122.43000000001,0.30000000000000004,183.29999999999998,0.5959595959595959
487,bcls,product,763284,0.35400322,FEN CHIEW,,,Asian Spirits,,[],,25.79,,,,,,,[],,,763284,,[],,370,2024-03-11 19:10:01,,1,['06903431110024'],False,,0.375,[],FEN CHIEW,,China,False,,2,2,,,False,26.0,FEN CHIEW,0.53,,False,[],SR,,,CN,,China Spirits,Other Spirits,False,False,0,25.79,,,,,fen chiew,,,,Spirits,[],True,,,1004,1016,1064,138.75,9542.3,0.19875,129.76100628930817,0.13131313131313133
488,bcls,product,897801,0.35400322,FEN CHIEW,,,Asian Spirits,,[],,50.29,,,,,,,[],,,897801,,[],,294,2024-03-11 19:10:01,,1,['06903431110529'],False,,0.75,[],FEN CHIEW,,China,False,,2,2,,,False,19.0,FEN CHIEW,0.53,,False,[],SH,,,CN,,China Spirits,Other Spirits,False,False,0,50.29,,,,,fen chiew,,,,Spirits,[],False,,,1004,1016,1064,220.5,14785.26,0.3975,126.51572327044025,0.09595959595959595
489,bcls,product,629360,0.35400322,FEN CHIEW - 10 YEAR OLD,,,Asian Spirits,,[],,64.79,,,,,,,[],,,629360,,[],,190,2024-03-11 19:10:01,,1,"['06903431134976', '06903431100131']",False,,0.5,[],FEN CHIEW - 10 YEAR OLD,,China,False,,2,2,,,False,20.0, 10 YEAR OLD,0.53,,False,[],SR,,FEN CHIEW ,CN,,China Spirits,Other Spirits,False,False,0,64.79,,,,,fen chiew - 10 year old,,,,Spirits,[],True,,,1004,1016,1064,95.0,12310.1,0.265,244.49056603773587,0.10101010101010101
490,bcls,product,143172,0.35400322,FEN JIU - 30 YEAR OLD,,,Asian Spirits,,[],,160.99,,,,,,,[],,,143172,,[],,159,2024-03-11 19:10:01,,1,['06903431138707'],False,,0.5,[],FEN JIU - 30 YEAR OLD,,China,False,,2,2,,,False,19.0, 30 YEAR OLD,0.48,,False,[],SH,,FEN JIU ,CN,,China Spirits,Other Spirits,False,False,0,160.99,,,,,fen jiu - 30 year old,,,,Spirits,[],True,,,1004,1016,1064,79.5,25597.41,0.24,670.7916666666667,0.09595959595959595
491,bcls,product,674119,0.35400322,FERNET BRANCA BITTERS,,,Liqueurs,,[],,34.49,,,,,,,[],,,674119,,[],,1650,2024-03-11 19:10:01,,1,['00400002201458'],False,,0.5,[],FERNET BRANCA BITTERS,,Italy,False,,2,2,,,False,154.0,FERNET BRANCA BITTERS,0.39,,False,[],SR,,,IT,,Anise And Herbal/Spice Liqueurs,Liqueurs,False,False,0,34.49,,,,,fernet branca bitters,,,,Spirits,[],True,,,1004,1019,1208,825.0,56908.5,0.195,176.8717948717949,0.7777777777777778
492,bcls,product,409000,0.3639408,FERRAND - 10 GENERATIONS COGNAC YEAR OF THE RABBIT,,,Grape and Fruit Brandy,,[],,125.99,,,,,,,[],,,409000,,[],,36,2024-03-11 19:10:01,,1,['00695521153566'],False,,0.75,[],FERRAND - 10 GENERATIONS COGNAC YEAR OF THE RABBIT,,France,False,,3,3,,,False,7.0, 10 GENERATIONS COGNAC YEAR OF THE RABBIT,0.44,,False,[],ST,,FERRAND ,FR,,Cognac,Cognac,False,False,0,125.99,,,,,ferrand - 10 generations cognac year of the rabbit,,,,Spirits,[],True,,,1004,1018,1172,27.0,4535.639999999999,0.33,381.78787878787875,0.03535353535353535
493,bcls,product,186109,0.3639408,FETTERCAIRN - 12 YEAR OLD,,,Whisky,,[],,99.99,,,,,,,[],,,186109,,[],,453,2024-03-11 19:10:01,Highland,1,['05013967013957'],False,,0.7,[],FETTERCAIRN - 12 YEAR OLD,,United Kingdom,False,Scotland,3,3,,,False,53.0, 12 YEAR OLD,0.4,,False,[],SH,,FETTERCAIRN ,GB,,Single Malt Scotch Whisky,Whisky / Whiskey,False,False,0,99.99,,,,,fettercairn - 12 year old,,,,Spirits,[],True,,,1004,1024,1289,317.09999999999997,45295.47,0.27999999999999997,357.1071428571429,0.2676767676767677
494,bcls,product,504787,0.35400322,FIFTH GENERATION - TITO'S HANDMADE,,,Vodka,,[],True,71.99,,,2024-03-03T00:00:00.000-08:00,,,2024-03-03T00:00:00.000-08:00,"['BCL Select', 'On Sale']",2024-03-31T00:00:00.000-07:00,,504787,True,[],,1379,2024-03-11 19:10:01,,1,['00619947000037'],False,,1.75,[],FIFTH GENERATION - TITO'S HANDMADE,,USA,False,,2,2,,,False,131.0, TITO'S HANDMADE,0.4,,True,"['BCL Select', 'On Sale']",C,,FIFTH GENERATION ,US,,Straight Vodka,Vodka,False,False,0,65.99,,,,,fifth generation - titos handmade,,2024-03-31T00:00:00.000-07:00,,Spirits,"[{'id': 'empty-placeholder', 'label': '&nbsp;', 'labelLengthWithoutTags': 1}, {'id': 'exclusive', 'label': 'ONLY@BCL', 'labelLengthWithoutTags': 8}]",True,,,1004,1023,1281,2413.25,99274.20999999999,0.7000000000000001,102.84285714285713,0.6616161616161617
495,bcls,product,65011,0.3639408,FIFTH GENERATION - TITO'S HANDMADE,,,Vodka,,[],,35.99,,,,,,,[],,,65011,,[],,4229,2024-03-11 19:10:01,,1,['00619947000020'],False,,0.75,[],FIFTH GENERATION - TITO'S HANDMADE,,USA,False,,2,2,,,False,186.0, TITO'S HANDMADE,0.4,,False,[],G,,FIFTH GENERATION ,US,,Straight Vodka,Vodka,False,False,0,35.99,,,,,fifth generation - titos handmade,,,,Spirits,[],True,,,1004,1023,1281,3171.75,152201.71000000002,0.30000000000000004,119.96666666666665,0.9393939393939394
496,bcls,product,454108,0.3639408,FIFTH GENERATION - TITO'S HANDMADE,,,Vodka,,[],True,49.99,,,2024-03-03T00:00:00.000-08:00,,,2024-03-03T00:00:00.000-08:00,['On Sale'],2024-03-31T00:00:00.000-07:00,,454108,True,[],,1328,2024-03-11 19:10:01,,1,['00619947000129'],False,,1.14,[],FIFTH GENERATION - TITO'S HANDMADE,,USA,False,,2,2,,,False,118.0, TITO'S HANDMADE,0.4,,False,['On Sale'],SR,,FIFTH GENERATION ,US,,Straight Vodka,Vodka,False,False,0,46.99,,,,,fifth generation - titos handmade,,2024-03-31T00:00:00.000-07:00,,Spirits,[],True,,,1004,1023,1281,1513.9199999999998,66386.72,0.45599999999999996,109.62719298245615,0.5959595959595959
497,bcls,product,542928,0.3639408,FIFTH GENERATION - TITO'S HANDMADE,,,Vodka,,[],,17.99,,,,,,,[],,,542928,,[],,99,2024-03-11 19:10:01,,1,['00619947000051'],False,,0.375,[],FIFTH GENERATION - TITO'S HANDMADE,,USA,False,,2,2,,,False,5.0, TITO'S HANDMADE,0.4,,False,[],SR,,FIFTH GENERATION ,US,,Straight Vodka,Vodka,False,False,0,17.99,,,,,fifth generation - titos handmade,,,,Spirits,[],True,,,1004,1023,1281,37.125,1781.0099999999998,0.15000000000000002,119.93333333333331,0.025252525252525252
498,bcls,product,114967,0.35400322,FINLANDIA,,,Vodka,,[],,57.99,,,,,,,[],,,114967,,[],,1172,2024-03-11 19:10:01,,1,"['06412700021102', '06412709021103', '00081128074050']",False,,1.75,[],FINLANDIA,,Finland,False,,2,2,,,False,119.0,FINLANDIA,0.4,,False,[],SR,,,FI,,Straight Vodka,Vodka,False,False,0,57.99,,,,,finlandia,,,,Spirits,[],True,,,1004,1023,1281,2051.0,67964.28,0.7000000000000001,82.84285714285714,0.601010101010101
499,bcls,product,20362,0.3639408,FINLANDIA,,,Vodka,,[],,25.49,,,,,,,[],,,20362,,[],,2777,2024-03-11 19:10:01,,1,"['05099873003350', '06412705613005', '06412709021301']",False,,0.75,[],FINLANDIA,,Finland,False,,2,2,,,False,195.0,FINLANDIA,0.4,,False,[],G,,,FI,,Straight Vodka,Vodka,False,False,0,25.49,,,,,finlandia,,,,Spirits,[],True,,,1004,1023,1281,2082.75,70785.73,0.30000000000000004,84.96666666666665,0.9848484848484849
500,bcls,product,208629,0.3639408,FINLANDIA,,,Vodka,,[],True,37.49,,,2024-03-03T00:00:00.000-08:00,,,2024-03-03T00:00:00.000-08:00,['On Sale'],2024-03-31T00:00:00.000-07:00,,208629,True,[],,2024,2024-03-11 19:10:01,,1,"['06412709021141', '06412700021140']",False,,1.14,[],FINLANDIA,,Finland,False,,2,2,,,False,195.0,FINLANDIA,0.4,,False,['On Sale'],G,,,FI,,Straight Vodka,Vodka,False,False,0,35.49,,,,,finlandia,,2024-03-31T00:00:00.000-07:00,,Spirits,[],True,,,1004,1023,1281,2307.3599999999997,75879.76000000001,0.45599999999999996,82.21491228070177,0.9848484848484849
501,bcls,product,20832,0.35400322,FIREBALL,,,Liqueurs,,[],,48.99,,,,,,,[],,,20832,,[],,2680,2024-03-11 19:10:01,,1,['00088004401078'],False,,1.75,[],FIREBALL,,Canada,False,,2,2,,,False,182.0,FIREBALL,0.33,,False,[],SR,,,CA,,Anise And Herbal/Spice Liqueurs,Liqueurs,False,False,0,48.99,,,,,fireball,,,,Spirits,[],True,,,1004,1019,1208,4690.0,131293.2,0.5775,84.83116883116884,0.9191919191919192
502,bcls,product,118839,0.35400322,FIREBALL,,,Liqueurs,,[],,11.49,,,,,,,[],,,118839,,[],,1636,2024-03-11 19:10:01,,6,"['00088004034689', '00088004029227']",False,,0.05,[],FIREBALL,,Canada,False,,2,2,,,False,72.0,FIREBALL,0.33,,False,[],SR,,,CA,,Anise And Herbal/Spice Liqueurs,Liqueurs,False,False,0,11.49,,,,,fireball,,,,Spirits,[],True,,,1004,1019,1208,490.80000000000007,18797.64,0.09900000000000002,116.06060606060605,0.36363636363636365
503,bcls,product,306464,0.35400322,FIREBALL,,,Liqueurs,,[],,13.99,,,,,,,[],,,306464,,[],,5623,2024-03-11 19:10:01,,1,"['00088004144821', '00088004400712', '00088004144722']",False,,0.375,[],FIREBALL,,Canada,False,,2,2,,,False,198.0,FIREBALL,0.33,,False,[],G,,,CA,,Anise And Herbal/Spice Liqueurs,Liqueurs,False,False,0,13.99,,,,,fireball,,,,Spirits,[],True,,,1004,1019,1208,2108.625,78665.77,0.12375,113.05050505050505,1.0
504,bcls,product,642264,0.35400322,FIREBALL,,,Liqueurs,,[],True,33.99,,,2024-03-03T00:00:00.000-08:00,,,2024-03-03T00:00:00.000-08:00,['On Sale'],2024-03-31T00:00:00.000-07:00,,642264,True,[],,2675,2024-03-11 19:10:01,,1,['00088004400163'],False,,1.14,[],FIREBALL,,Canada,False,,2,2,,,False,187.0,FIREBALL,0.33,,False,['On Sale'],SR,,,CA,,Anise And Herbal/Spice Liqueurs,Liqueurs,False,False,0,30.99,,,,,fireball,,2024-03-31T00:00:00.000-07:00,,Spirits,[],True,,,1004,1019,1208,3049.4999999999995,90923.25,0.3762,90.35087719298247,0.9444444444444444
505,bcls,product,186625,0.3639408,FIREBALL,,,Liqueurs,,[],,1.99,,,,,,,[],,,186625,,[],,19604,2024-03-11 19:10:01,,1,"['00088004034672', '00088004144708']",False,,0.05,[],FIREBALL,,Canada,False,,2,2,,,False,183.0,FIREBALL,0.33,,False,[],SR,,,CA,,Anise And Herbal/Spice Liqueurs,Liqueurs,False,False,0,1.99,,,,,fireball,,,,Spirits,[],True,,,1004,1019,1208,980.2,39011.96,0.0165,120.6060606060606,0.9242424242424242
506,bcls,product,447953,0.3639408,FIREBALL,,,Liqueurs,,[],,24.99,,,,,,,[],,,447953,,[],,3333,2024-03-11 19:10:01,,1,"['00087000150867', '00088004146689', '00088004144746']",False,,0.75,[],FIREBALL,,Canada,False,,2,2,,,False,198.0,FIREBALL,0.33,,False,[],G,,,CA,,Anise And Herbal/Spice Liqueurs,Liqueurs,False,False,0,24.99,,,,,fireball,,,,Spirits,[],True,,,1004,1019,1208,2499.75,83291.67,0.2475,100.96969696969697,1.0
507,bcls,product,447961,0.3639408,FIREBALL,,,Liqueurs,,[],,8.99,,,,,,,[],,,447961,,[],,9616,2024-03-11 19:10:01,,1,"['00088004144753', '00088004400729', '00087000001060']",False,,0.2,[],FIREBALL,,Canada,False,,2,2,,,False,198.0,FIREBALL,0.33,,False,[],G,,,CA,,Anise And Herbal/Spice Liqueurs,Liqueurs,False,False,0,8.99,,,,,fireball,,,,Spirits,[],True,,,1004,1019,1208,1923.2,86447.84,0.066,136.21212121212122,1.0
508,bcls,product,445960,0.3639408,FIVE FARMS - SINGLE BATCH IRISH CREAM LIQUEUR,,,Liqueurs,,[],True,47.99,,,2024-03-03T00:00:00.000-08:00,,,2024-03-03T00:00:00.000-08:00,['On Sale'],2024-03-31T00:00:00.000-07:00,,445960,True,[],,721,2024-03-11 19:10:01,,1,['00085592157059'],False,,0.75,[],FIVE FARMS - SINGLE BATCH IRISH CREAM LIQUEUR,,Ireland,False,,2,2,,,False,71.0, SINGLE BATCH IRISH CREAM LIQUEUR,0.17,,False,['On Sale'],SH,,FIVE FARMS ,IE,,Cream/Dairy Liqueurs,Liqueurs,False,False,0,44.99,,,,,five farms - single batch irish cream liqueur,,2024-03-31T00:00:00.000-07:00,,Spirits,[],True,,,1004,1019,1210,540.75,34600.79,0.1275,376.3921568627451,0.35858585858585856
509,bcls,product,318946,0.3639408,FLECHA AZUL - REPOSADO,,,Tequila,,[],,95.99,,,,,,,[],,,318946,,[],,368,2024-03-11 19:10:01,,1,['00850013524020'],False,,0.75,[],FLECHA AZUL - REPOSADO,,Mexico,False,,2,2,,,False,49.0, REPOSADO,0.4,,False,[],SH,,FLECHA AZUL ,MX,,Gold Tequila,Tequila,False,False,0,95.99,,,,,flecha azul - reposado,,,,Spirits,[],True,,,1004,1022,1272,276.0,35324.32,0.30000000000000004,319.9666666666666,0.2474747474747475
510,bcls,product,134692,0.35400322,FLOR DE CANA - 12 YEAR OLD CENTENARIO,,,Rum,,[],,44.99,,,,,,,[],,,134692,,[],,1626,2024-03-11 19:10:01,,1,['00026964823967'],False,,0.75,['Kosher'],FLOR DE CANA - 12 YEAR OLD CENTENARIO,,Nicaragua,False,,2,2,,,False,118.0, 12 YEAR OLD CENTENARIO,0.4,,False,[],SR,,FLOR DE CANA ,NI,,Amber Rum,Rum,True,False,0,44.99,,,,,flor de cana - 12 year old centenario,,,,Spirits,[],True,,,1004,1021,1252,1219.5,73153.74,0.30000000000000004,149.96666666666664,0.5959595959595959
511,bcls,product,773549,0.3639408,FLOR DE CANA - 18 YEAR OLD CENTENARIO SINGLE ESTATE,,,Rum,,[],,65.99,,,,,,,[],,,773549,,[],,609,2024-03-11 19:10:01,,1,['00026964500233'],False,,0.75,[],FLOR DE CANA - 18 YEAR OLD CENTENARIO SINGLE ESTATE,,Nicaragua,False,,2,2,,,False,65.0, 18 YEAR OLD CENTENARIO SINGLE ESTATE,0.4,,False,[],SR,,FLOR DE CANA ,NI,,Amber Rum,Rum,False,False,0,65.99,,,,,flor de cana - 18 year old centenario single estate,,,,Spirits,[],True,,,1004,1021,1252,456.75,40187.909999999996,0.30000000000000004,219.9666666666666,0.3282828282828283
512,bcls,product,134676,0.35400322,FLOR DE CANA - ANEJO CLASICO 5 YEAR OLD,,,Rum,,[],True,28.99,,,2024-03-03T00:00:00.000-08:00,,,2024-03-03T00:00:00.000-08:00,['On Sale'],2024-03-31T00:00:00.000-07:00,,134676,True,[],,2868,2024-03-11 19:10:01,,1,"['00026964334227', '00026964500042']",False,,0.75,['Kosher'],FLOR DE CANA - ANEJO CLASICO 5 YEAR OLD,,Nicaragua,False,,2,2,,,False,196.0, ANEJO CLASICO 5 YEAR OLD,0.4,,False,['On Sale'],G,,FLOR DE CANA ,NI,,Amber Rum,Rum,True,False,0,26.99,,,,,flor de cana - anejo clasico 5 year old,,2024-03-31T00:00:00.000-07:00,,Spirits,[],True,,,1004,1021,1252,2151.0,83143.31999999999,0.30000000000000004,96.63333333333331,0.98989898989899
513,bcls,product,340745,0.35400322,FLOR DE CANA - GRAN RESERVA 7,,,Rum,,[],True,34.99,,,2024-03-03T00:00:00.000-08:00,,,2024-03-03T00:00:00.000-08:00,['On Sale'],2024-03-31T00:00:00.000-07:00,,340745,True,[],,2411,2024-03-11 19:10:01,,1,['00026964852745'],False,,0.75,['Kosher'],FLOR DE CANA - GRAN RESERVA 7,,Nicaragua,False,,2,2,,,False,190.0, GRAN RESERVA 7,0.4,,False,['On Sale'],SR,,FLOR DE CANA ,NI,,Amber Rum,Rum,True,False,0,31.99,,,,,flor de cana - gran reserva 7,,2024-03-31T00:00:00.000-07:00,,Spirits,[],True,,,1004,1021,1252,1808.25,84360.89,0.30000000000000004,116.63333333333333,0.9595959595959596
514,bcls,product,876334,0.35400322,FOOTHILLS - WHEAT FREE GLUTEN FREE VODKA,,,Vodka,,[],,25.49,,,,,,,[],,,876334,,[],,1106,2024-03-11 19:10:01,,1,['00776555200225'],False,,0.75,[],FOOTHILLS - WHEAT FREE GLUTEN FREE VODKA,,Canada,False,,2,2,,,False,130.0, WHEAT FREE GLUTEN FREE VODKA,0.4,,False,[],SR,,FOOTHILLS ,CA,,Straight Vodka,Vodka,False,False,0,25.49,,,,,foothills - wheat free gluten free vodka,,,,Spirits,[],True,,,1004,1023,1281,829.5,28191.94,0.30000000000000004,84.96666666666665,0.6565656565656566
515,bcls,product,147292,0.3639408,FORBIDDEN SPIRITS DISTILLING CO. - REBEL VODKA,,,Vodka,,[],,59.99,,,,,,,[],,,147292,,[],,234,2024-03-11 19:10:01,,1,['00627843557968'],False,,0.75,[],FORBIDDEN SPIRITS DISTILLING CO. - REBEL VODKA,,Canada,False,,3,3,,,False,36.0, REBEL VODKA,0.4,,False,[],SH,,FORBIDDEN SPIRITS DISTILLING CO. ,CA,,Straight Vodka,Vodka,False,False,0,59.99,,,,,forbidden spirits distilling co. - rebel vodka,,,,Spirits,[],True,,,1004,1023,1281,175.5,14037.66,0.30000000000000004,199.96666666666664,0.18181818181818182
516,bcls,product,610790,0.3639408,FORDS GIN - LONDON DRY GIN,,,Gin,,[],True,41.99,,,2024-03-03T00:00:00.000-08:00,,,2024-03-03T00:00:00.000-08:00,['On Sale'],2024-03-31T00:00:00.000-07:00,,610790,True,[],,495,2024-03-11 19:10:01,,1,"['00091037027078', '00081128005207']",False,,0.75,[],FORDS GIN - LONDON DRY GIN,,United Kingdom,False,,3,3,,,False,65.0, LONDON DRY GIN,0.45,,False,['On Sale'],SH,,FORDS GIN ,GB,,Dry Gin,Gin,False,False,0,38.99,,,,,fords gin - london dry gin,,2024-03-31T00:00:00.000-07:00,,Spirits,[],True,,,1004,1017,1168,371.25,20785.05,0.3375,124.41481481481482,0.3282828282828283
517,bcls,product,382505,0.3639408,FOREST - EARL GREY GIN,,,Gin,,[],,124.99,,,,,,,['BCL Select'],,,382505,,[],,65,2024-03-11 19:10:01,,1,['05060664180383'],False,,0.7,[],FOREST - EARL GREY GIN,,United Kingdom,False,,2,2,,,False,13.0, EARL GREY GIN,0.395,,True,['BCL Select'],C,,FOREST ,GB,,Flavoured Gin,Gin,False,False,0,124.99,,,,,forest - earl grey gin,,,,Spirits,"[{'id': 'empty-placeholder', 'label': '&nbsp;', 'labelLengthWithoutTags': 1}, {'id': 'exclusive', 'label': 'ONLY@BCL', 'labelLengthWithoutTags': 8}]",True,,,1004,1017,1167,45.5,8124.349999999999,0.27649999999999997,452.0433996383364,0.06565656565656566
518,bcls,product,447850,0.35400322,FOREST - GIN,,,Gin,,[],,125.99,,,,,,,[],,,447850,,[],,8,2024-03-11 19:10:01,,1,['00799439696877'],False,,0.7,[],FOREST - GIN,,United Kingdom,False,,3,3,,,False,2.0, GIN,0.42,,False,[],SM,,FOREST ,GB,,Dry Gin,Gin,False,False,1,125.99,,,,,forest - gin,,,,Spirits,[],True,,,1004,1017,1168,5.6,1007.92,0.294,428.5374149659864,0.010101010101010102
519,bcls,product,447857,0.35400322,FOREST - WHISKY,,,Whisky,,[],,150.99,,,,,,,[],,,447857,,[],,109,2024-03-11 19:10:01,,1,['05060664180024'],False,,0.7,[],FOREST - WHISKY,,United Kingdom,False,,3,3,,,False,21.0, WHISKY,0.47,,False,[],SM,,FOREST ,GB,,Other Country Whisky,Whisky / Whiskey,False,False,1,150.99,,,,,forest - whisky,,,,Spirits,[],True,,,1004,1024,1288,76.3,16457.91,0.32899999999999996,458.93617021276606,0.10606060606060606
520,bcls,product,605733,0.35400322,FORTY CREEK - BARREL SELECT,,,Whisky,,[],,38.49,,,,,,,[],,,605733,,[],,2684,2024-03-11 19:10:01,,1,['00069321003763'],False,,1.14,[],FORTY CREEK - BARREL SELECT,,Canada,False,,2,2,,,False,196.0, BARREL SELECT,0.4,,False,[],G,,FORTY CREEK ,CA,,Canadian Whisky,Whisky / Whiskey,False,False,0,38.49,,,,,forty creek - barrel select,,,,Spirits,[],True,,,1004,1024,1285,3059.7599999999998,103307.16,0.45599999999999996,84.40789473684212,0.98989898989899
521,bcls,product,47290,0.3639408,FORTY CREEK - BARREL SELECT,,,Whisky,,[],,15.99,,,,,,,[],,,47290,,[],,3047,2024-03-11 19:10:01,,1,['00069321003879'],False,,0.375,[],FORTY CREEK - BARREL SELECT,,Canada,False,,2,2,,,False,109.0, BARREL SELECT,0.4,,False,[],SR,,FORTY CREEK ,CA,,Canadian Whisky,Whisky / Whiskey,False,False,0,15.99,,,,,forty creek - barrel select,,,,Spirits,[],True,,,1004,1024,1285,1142.625,48721.53,0.15000000000000002,106.59999999999998,0.5505050505050505
522,bcls,product,468561,0.3639408,FORTY CREEK - BARREL SELECT,,,Whisky,,[],,56.99,,,,,,,[],,,468561,,[],,2090,2024-03-11 19:10:01,,1,['00069321003695'],False,,1.75,[],FORTY CREEK - BARREL SELECT,,Canada,False,,2,2,,,False,193.0, BARREL SELECT,0.4,,False,[],G,,FORTY CREEK ,CA,,Canadian Whisky,Whisky / Whiskey,False,False,0,56.99,,,,,forty creek - barrel select,,,,Spirits,[],True,,,1004,1024,1285,3657.5,119109.1,0.7000000000000001,81.41428571428571,0.9747474747474747
523,bcls,product,550715,0.3639408,FORTY CREEK - BARREL SELECT,,,Whisky,,[],,27.49,,,,,,,[],,,550715,,[],,3894,2024-03-11 19:10:01,,1,['00069321003022'],False,,0.75,[],FORTY CREEK - BARREL SELECT,,Canada,False,,2,2,,,False,196.0, BARREL SELECT,0.4,,False,[],G,,FORTY CREEK ,CA,,Canadian Whisky,Whisky / Whiskey,False,False,0,27.49,,,,,forty creek - barrel select,,,,Spirits,[],True,,,1004,1024,1285,2920.5,107046.06,0.30000000000000004,91.63333333333331,0.98989898989899
524,bcls,product,242167,0.3639408,FORTY CREEK - CHERRYWOOD RESERVE,,,Whisky,,[],,89.99,,,,,,,[],,,242167,,[],,142,2024-03-11 19:10:01,,1,['00069321004883'],False,,0.75,[],FORTY CREEK - CHERRYWOOD RESERVE,,Canada,False,,3,3,,,False,27.0, CHERRYWOOD RESERVE,0.45,,False,[],ST,,FORTY CREEK ,CA,,Canadian Whisky,Whisky / Whiskey,False,False,0,89.99,,,,,forty creek - cherrywood reserve,,,,Spirits,[],True,,,1004,1024,1285,106.5,12778.58,0.3375,266.63703703703703,0.13636363636363635
525,bcls,product,471235,0.35400322,FORTY CREEK - CONFEDERATION OAK RESERVE,,,Whisky,,[],,71.99,,,,,,,[],,,471235,,[],,556,2024-03-11 19:10:01,,1,['00069321004104'],False,,0.75,[],FORTY CREEK - CONFEDERATION OAK RESERVE,,Canada,False,,2,2,,,False,68.0, CONFEDERATION OAK RESERVE,0.4,,False,[],SH,,FORTY CREEK ,CA,,Canadian Whisky,Whisky / Whiskey,False,False,0,71.99,,,,,forty creek - confederation oak reserve,,,,Spirits,[],True,,,1004,1024,1285,417.0,40026.439999999995,0.30000000000000004,239.9666666666666,0.3434343434343434
526,bcls,product,443523,0.3639408,FORTY CREEK - COPPER BOLD,,,Whisky,,[],True,31.49,,,2024-03-03T00:00:00.000-08:00,,,2024-03-03T00:00:00.000-08:00,['On Sale'],2024-03-31T00:00:00.000-07:00,,443523,True,[],,1734,2024-03-11 19:10:01,,1,['00069321004210'],False,,0.75,[],FORTY CREEK - COPPER BOLD,,Canada,False,,2,2,,,False,149.0, COPPER BOLD,0.43,,False,['On Sale'],SR,,FORTY CREEK ,CA,,Canadian Whisky,Whisky / Whiskey,False,False,0,29.49,,,,,forty creek - copper bold,,2024-03-31T00:00:00.000-07:00,,Spirits,[],True,,,1004,1024,1285,1300.5,54603.659999999996,0.3225,97.64341085271317,0.7525252525252525
527,bcls,product,176779,0.35400322,FORTY CREEK - CREAM,,,Liqueurs,,[],True,39.99,,,2024-03-03T00:00:00.000-08:00,,,2024-03-03T00:00:00.000-08:00,['On Sale'],2024-03-31T00:00:00.000-07:00,,176779,True,[],,4970,2024-03-11 19:10:01,,1,['00069321004302'],False,,1.14,[],FORTY CREEK - CREAM,,Canada,False,,2,2,,,False,187.0, CREAM,0.17,,False,['On Sale'],SR,,FORTY CREEK ,CA,,Cream/Dairy Liqueurs,Liqueurs,False,False,0,37.99,,,,,forty creek - cream,,2024-03-31T00:00:00.000-07:00,,Spirits,[],True,,,1004,1019,1210,5665.799999999999,198750.30000000002,0.1938,206.3467492260062,0.9444444444444444
528,bcls,product,756007,0.3639408,FORTY CREEK - CREAM,,,Liqueurs,,[],,30.99,,,,,,,[],,,756007,,[],,5130,2024-03-11 19:10:01,,1,['00069321004173'],False,,0.75,[],FORTY CREEK - CREAM,,Canada,False,,2,2,,,False,196.0, CREAM,0.17,,False,[],G,,FORTY CREEK ,CA,,Cream/Dairy Liqueurs,Liqueurs,False,False,0,30.99,,,,,forty creek - cream,,,,Spirits,[],True,,,1004,1019,1210,3847.5,158978.69999999998,0.1275,243.05882352941174,0.98989898989899
529,bcls,product,242178,0.3639408,FORTY CREEK - CREAM BUTTER TART,,,Liqueurs,,[],,30.99,,,,,,,[],,,242178,,[],,3049,2024-03-11 19:10:01,,1,['00069321004876'],False,,0.75,[],FORTY CREEK - CREAM BUTTER TART,,Canada,False,,2,2,,,False,183.0, CREAM BUTTER TART,0.15,,False,[],SH,,FORTY CREEK ,CA,,Cream/Dairy Liqueurs,Liqueurs,False,False,0,30.99,,,,,forty creek - cream butter tart,,,,Spirits,[],True,,,1004,1019,1210,2286.75,94488.51,0.11249999999999999,275.4666666666667,0.9242424242424242
530,bcls,product,124134,0.35400322,FORTY CREEK - DOUBLE BARREL,,,Whisky,,[],,39.99,,,,,,,[],,,124134,,[],,1516,2024-03-11 19:10:01,,1,['00069321004517'],False,,0.75,[],FORTY CREEK - DOUBLE BARREL,,Canada,False,,2,2,,,False,115.0, DOUBLE BARREL,0.4,,False,[],SR,,FORTY CREEK ,CA,,Canadian Whisky,Whisky / Whiskey,False,False,0,39.99,,,,,forty creek - double barrel,,,,Spirits,[],True,,,1004,1024,1285,1137.0,60624.840000000004,0.30000000000000004,133.29999999999998,0.5808080808080808
531,bcls,product,655266,0.35400322,FORTY CREEK - HONEY SPICED,,,Whisky,,[],,26.99,,,,,,,[],,,655266,,[],,1854,2024-03-11 19:10:01,,1,['00069321004340'],False,,0.75,[],FORTY CREEK - HONEY SPICED,,Canada,False,,2,2,,,False,147.0, HONEY SPICED,0.4,,False,[],SR,,FORTY CREEK ,CA,,Canadian Whisky,Whisky / Whiskey,False,False,0,26.99,,,,,forty creek - honey spiced,,,,Spirits,[],True,,,1004,1024,1285,1390.5,50039.46,0.30000000000000004,89.96666666666665,0.7424242424242424
532,bcls,product,74755,0.35400322,FORTY CREEK - NANAIMO BAR CREAM,,,Liqueurs,,[],,30.99,,,,,,,[],,,74755,,[],,678,2024-03-11 19:10:01,,1,['00069321004708'],False,,0.75,[],FORTY CREEK - NANAIMO BAR CREAM,,Canada,False,,3,3,,,False,72.0, NANAIMO BAR CREAM,0.15,,False,[],SR,,FORTY CREEK ,CA,,Cream/Dairy Liqueurs,Liqueurs,False,False,0,30.99,,,,,forty creek - nanaimo bar cream,,,,Spirits,[],True,,,1004,1019,1210,508.5,21011.219999999998,0.11249999999999999,275.4666666666667,0.36363636363636365
533,bcls,product,442830,0.35400322,FOUR ROSES - 80 PROOF,,,Whisky,,[],True,44.99,,,2024-03-03T00:00:00.000-08:00,,,2024-03-03T00:00:00.000-08:00,['On Sale'],2024-03-31T00:00:00.000-07:00,,442830,True,[],,1032,2024-03-11 19:10:01,,1,['00040063400409'],False,,0.75,[],FOUR ROSES - 80 PROOF,,USA,False,,2,2,,,False,83.0, 80 PROOF,0.4,,False,['On Sale'],SR,,FOUR ROSES ,US,,Bourbon Whiskey,Whisky / Whiskey,False,False,0,43.99,,,,,four roses - 80 proof,,2024-03-31T00:00:00.000-07:00,,Spirits,[],True,,,1004,1024,1284,774.0,46429.68,0.30000000000000004,149.96666666666664,0.41919191919191917
534,bcls,product,169441,0.3639408,FRANGELICO,,,Liqueurs,,[],True,29.99,,,2024-03-03T00:00:00.000-08:00,,,2024-03-03T00:00:00.000-08:00,['On Sale'],2024-03-31T00:00:00.000-07:00,,169441,True,[],,2531,2024-03-11 19:10:01,,1,"['08004160681309', '08004160681507']",False,,0.75,[],FRANGELICO,,Italy,False,,2,2,,,False,195.0,FRANGELICO,0.2,,False,['On Sale'],SR,,,IT,,Nut Liqueurs,Liqueurs,False,False,0,28.49,,,,,frangelico,,2024-03-31T00:00:00.000-07:00,,Spirits,[],True,,,1004,1019,1212,1898.25,75904.69,0.15000000000000002,199.93333333333328,0.9848484848484849
535,bcls,product,330715,0.35400322,FRASER AND THOMPSON - WHISKEY,,,Whisky,,[],,62.99,,,,,,,[],,,330715,,[],,3,2024-03-11 19:10:01,,1,['00860009871007'],False,,0.75,[],FRASER AND THOMPSON - WHISKEY,,USA,False,,2,2,,,False,2.0, WHISKEY,0.42,,False,[],SH,,FRASER AND THOMPSON ,US,,Other Country Whisky,Whisky / Whiskey,False,False,0,62.99,,,,,fraser and thompson - whiskey,,,,Spirits,[],True,,,1004,1024,1288,2.25,188.97,0.315,199.96825396825398,0.010101010101010102
536,bcls,product,43083,0.35400322,FUNADOR - SHERRY CASK,,,Grape and Fruit Brandy,,[],,38.99,,,,,,,[],,,43083,,[],,2372,2024-03-11 19:10:01,,1,"['08410162100036', '08410024001556', '00080686748038']",False,,0.75,[],FUNADOR - SHERRY CASK,,Spain,False,,2,2,,,False,183.0, SHERRY CASK,0.4,,False,[],SR,,FUNADOR ,ES,,Brandy,Brandy,False,False,0,38.99,,,,,funador - sherry cask,,,,Spirits,[],True,,,1004,1018,1171,1779.0,92484.28,0.30000000000000004,129.96666666666664,0.9242424242424242
537,bcls,product,897033,0.35400322,G AND W - NUTRL,,,Vodka,,[],,34.49,,,,,,,[],,,897033,,[],,417,2024-03-11 19:10:01,,1,['00627843437147'],False,,0.75,[],G AND W - NUTRL,,Canada,False,,3,3,,,False,60.0, NUTRL,0.4,,False,[],SR,,G AND W ,CA,,Straight Vodka,Vodka,False,False,0,34.49,,,,,g and w - nutrl,,,,Spirits,[],True,,,1004,1023,1281,312.75,14382.33,0.30000000000000004,114.96666666666665,0.30303030303030304
538,bcls,product,70375,0.3639408,G AND W DISTILLING - SID THE HANDCRAFTED VODKA,,,Vodka,,[],,30.99,,,,,,,[],,,70375,,[],,13,2024-03-11 19:10:01,,1,['00627843331810'],False,,0.75,[],G AND W DISTILLING - SID THE HANDCRAFTED VODKA,,Canada,False,,3,3,,,False,3.0, SID THE HANDCRAFTED VODKA,0.4,,False,[],SR,,G AND W DISTILLING ,CA,,Straight Vodka,Vodka,False,False,1,30.99,,,,,g and w distilling - sid the handcrafted vodka,,,,Spirits,[],True,,,1004,1023,1281,9.75,402.87,0.30000000000000004,103.29999999999998,0.015151515151515152
539,bcls,product,198677,0.3639408,G AND W DISTILLING - TEMPO ARANDANO BLUEBERRY GIN,,,Gin,,[],,34.49,,,,,,,[],,,198677,,[],,85,2024-03-11 19:10:01,,1,['00628055589488'],False,,0.75,[],G AND W DISTILLING - TEMPO ARANDANO BLUEBERRY GIN,,Canada,False,,3,3,,,False,23.0, TEMPO ARANDANO BLUEBERRY GIN,0.4,,False,[],SR,,G AND W DISTILLING ,CA,,Flavoured Gin,Gin,False,False,1,34.49,,,,,g and w distilling - tempo arandano blueberry gin,,,,Spirits,[],True,,,1004,1017,1167,63.75,2931.65,0.30000000000000004,114.96666666666665,0.11616161616161616
540,bcls,product,648188,0.35400322,G AND W DISTILLING - TEMPO RENOVO SMALL BATCH DRY GIN,,,Gin,,[],,33.99,,,,,,,[],,,648188,,[],,49,2024-03-11 19:10:01,,1,['00627843331865'],False,,0.75,[],G AND W DISTILLING - TEMPO RENOVO SMALL BATCH DRY GIN,,Canada,False,,3,3,,,False,13.0, TEMPO RENOVO SMALL BATCH DRY GIN,0.4,,False,[],SR,,G AND W DISTILLING ,CA,,Dry Gin,Gin,False,False,1,33.99,,,,,g and w distilling - tempo renovo small batch dry gin,,,,Spirits,[],True,,,1004,1017,1168,36.75,1665.51,0.30000000000000004,113.29999999999998,0.06565656565656566
541,bcls,product,225845,0.3639408,G AND W DISTILLING - WESTERN GRAINS CANADIAN WHISKY,,,Whisky,,[],,39.99,,,,,,,[],,,225845,,[],,222,2024-03-11 19:10:01,,1,['00628055589297'],False,,0.75,[],G AND W DISTILLING - WESTERN GRAINS CANADIAN WHISKY,,Canada,False,,3,3,,,False,33.0, WESTERN GRAINS CANADIAN WHISKY,0.4,,False,[],SH,,G AND W DISTILLING ,CA,,Canadian Whisky,Whisky / Whiskey,False,False,1,39.99,,,,,g and w distilling - western grains canadian whisky,,,,Spirits,[],True,,,1004,1024,1285,166.5,8877.78,0.30000000000000004,133.29999999999998,0.16666666666666666
542,bcls,product,508168,0.35400322,GALLIANO,,,Liqueurs,,[],,23.99,,,,,,,[],,,508168,,[],,2395,2024-03-11 19:10:01,,1,"['08716000966506', '03035541000414']",False,,0.375,[],GALLIANO,,Italy,False,,2,2,,,False,178.0,GALLIANO,0.3,,False,[],SR,,,IT,,Anise And Herbal/Spice Liqueurs,Liqueurs,False,False,0,23.99,,,,,galliano,,,,Spirits,[],True,,,1004,1019,1208,898.125,57456.049999999996,0.11249999999999999,213.24444444444444,0.898989898989899
543,bcls,product,57139,0.35400322,GAME OF THRONES - MORTLACH 15 YO,,,Whisky,,[],,159.99,,,,,,,[],,,57139,,[],,2,2024-03-11 19:10:01,Speyside,1,['00088076184633'],False,,0.75,[],GAME OF THRONES - MORTLACH 15 YO,,United Kingdom,False,Scotland,3,3,,,False,1.0, MORTLACH 15 YO,0.46,,False,[],ST,,GAME OF THRONES ,GB,,Single Malt Scotch Whisky,Whisky / Whiskey,False,False,0,159.99,,,,,game of thrones - mortlach 15 yo,,,,Spirits,[],True,,,1004,1024,1289,1.5,319.98,0.34500000000000003,463.7391304347826,0.005050505050505051
544,bcls,product,279775,0.35400322,GEORGE REMUS STRAIGHT - BOURBON WHISKEY,,,Whisky,,[],,89.99,,,,,,,[],,,279775,,[],,11,2024-03-11 19:10:01,,1,['00854054008075'],False,,0.75,[],GEORGE REMUS STRAIGHT - BOURBON WHISKEY,,USA,False,,3,3,,,False,3.0, BOURBON WHISKEY,0.47,,False,[],SM,,GEORGE REMUS STRAIGHT ,US,,Bourbon Whiskey,Whisky / Whiskey,False,False,0,89.99,,,,,george remus straight - bourbon whiskey,,,,Spirits,[],True,,,1004,1024,1284,8.25,989.89,0.3525,255.29078014184398,0.015151515151515152
545,bcls,product,3558,0.35400322,GIBSONS - FINEST RARE 12 YEAR OLD,,,Whisky,,[],,35.99,,,,,,,[],,,3558,,[],,3174,2024-03-11 19:10:01,,1,"['00622153110049', '00083664870387', '00683899110045']",False,,0.75,[],GIBSONS - FINEST RARE 12 YEAR OLD,,Canada,False,,2,2,,,False,195.0, FINEST RARE 12 YEAR OLD,0.4,,False,[],G,,GIBSONS ,CA,,Canadian Whisky,Whisky / Whiskey,False,False,0,35.99,,,,,gibsons - finest rare 12 year old,,,,Spirits,[],True,,,1004,1024,1285,2380.5,114232.26000000001,0.30000000000000004,119.96666666666665,0.9848484848484849
546,bcls,product,8854,0.3639408,GIBSONS - FINEST RARE 12 YEAR OLD,,,Whisky,,[],True,51.99,,,2024-03-03T00:00:00.000-08:00,,,2024-03-03T00:00:00.000-08:00,['On Sale'],2024-03-31T00:00:00.000-07:00,,8854,True,[],,1943,2024-03-11 19:10:01,,1,"['00083664870400', '00622153110063', '00683899110069']",False,,1.14,[],GIBSONS - FINEST RARE 12 YEAR OLD,,Canada,False,,2,2,,,False,194.0, FINEST RARE 12 YEAR OLD,0.4,,False,['On Sale'],G,,GIBSONS ,CA,,Canadian Whisky,Whisky / Whiskey,False,False,0,48.29,,,,,gibsons - finest rare 12 year old,,2024-03-31T00:00:00.000-07:00,,Spirits,[],True,,,1004,1024,1285,2215.02,101016.57,0.45599999999999996,114.01315789473685,0.9797979797979798
547,bcls,product,200741,0.3639408,GIBSONS - FINEST RARE 12 YEAR OLD,,,Whisky,,[],,72.99,,,,,,,[],,,200741,,[],,1799,2024-03-11 19:10:01,,1,"['00683899110076', '00622153110070', '00083664870417']",False,,1.75,[],GIBSONS - FINEST RARE 12 YEAR OLD,,Canada,False,,2,2,,,False,175.0, FINEST RARE 12 YEAR OLD,0.4,,False,[],G,,GIBSONS ,CA,,Canadian Whisky,Whisky / Whiskey,False,False,0,72.99,,,,,gibsons - finest rare 12 year old,,,,Spirits,[],True,,,1004,1024,1285,3148.25,131309.00999999998,0.7000000000000001,104.27142857142856,0.8838383838383839
548,bcls,product,189209,0.35400322,GIBSONS FINEST STERLING,,,Whisky,,[],,41.49,,,,,,,[],,,189209,,[],,1685,2024-03-11 19:10:01,,1,"['00083664870349', '00683899111066', '00622153111060']",False,,1.14,[],GIBSONS FINEST STERLING,,Canada,False,,2,2,,,False,183.0,GIBSONS FINEST STERLING,0.4,,False,[],SR,,,CA,,Canadian Whisky,Whisky / Whiskey,False,False,0,41.49,,,,,gibsons finest sterling,,,,Spirits,[],True,,,1004,1024,1285,1920.8999999999999,69910.65000000001,0.45599999999999996,90.98684210526316,0.9242424242424242
549,bcls,product,189217,0.35400322,GIBSONS FINEST STERLING,,,Whisky,,[],True,28.99,,,2024-03-03T00:00:00.000-08:00,,,2024-03-03T00:00:00.000-08:00,['On Sale'],2024-03-31T00:00:00.000-07:00,,189217,True,[],,1963,2024-03-11 19:10:01,,1,"['00622153111046', '00083664870325', '00683899111042']",False,,0.75,[],GIBSONS FINEST STERLING,,Canada,False,,2,2,,,False,172.0,GIBSONS FINEST STERLING,0.4,,False,['On Sale'],SR,,,CA,,Canadian Whisky,Whisky / Whiskey,False,False,0,26.99,,,,,gibsons finest sterling,,2024-03-31T00:00:00.000-07:00,,Spirits,[],True,,,1004,1024,1285,1472.25,56907.369999999995,0.30000000000000004,96.63333333333331,0.8686868686868687
550,bcls,product,215038,0.3639408,GIBSONS FINEST STERLING,,,Whisky,,[],,62.99,,,,,,,[],,,215038,,[],,1224,2024-03-11 19:10:01,,1,"['00683899111073', '00083664870356', '00622153111077']",False,,1.75,[],GIBSONS FINEST STERLING,,Canada,False,,2,2,,,False,136.0,GIBSONS FINEST STERLING,0.4,,False,[],SR,,,CA,,Canadian Whisky,Whisky / Whiskey,False,False,0,62.99,,,,,gibsons finest sterling,,,,Spirits,[],True,,,1004,1024,1285,2142.0,77099.76000000001,0.7000000000000001,89.98571428571428,0.6868686868686869
551,bcls,product,1255,0.35400322,GILBEYS - LONDON DRY,,,Gin,,[],,23.49,,,,,,,[],,,1255,,[],,1545,2024-03-11 19:10:01,,1,['00776103000543'],False,,0.75,[],GILBEYS - LONDON DRY,,Canada,False,,2,2,,,False,129.0, LONDON DRY,0.4,,False,[],G,,GILBEYS ,CA,,Dry Gin,Gin,False,False,0,23.49,,,,,gilbeys - london dry,,,,Spirits,[],True,,,1004,1017,1168,1158.75,36292.049999999996,0.30000000000000004,78.29999999999998,0.6515151515151515
552,bcls,product,201251,0.35400322,GLAYVA,,,Liqueurs,,[],,43.99,,,,,,,[],,,201251,,[],,1907,2024-03-11 19:10:01,,1,"['05011311779023', '00087647136064']",False,,0.75,[],GLAYVA,,United Kingdom,False,,2,2,,,False,168.0,GLAYVA,0.35,,False,[],SR,,,GB,,Whiskey Liqueurs,Liqueurs,False,False,0,43.99,,,,,glayva,,,,Spirits,[],True,,,1004,1019,1214,1430.25,83888.93000000001,0.26249999999999996,167.58095238095243,0.8484848484848485
553,bcls,product,652453,0.3639408,GLEN GARIOCH - 12 YEAR OLD,,,Whisky,,[],True,67.99,,,2024-03-03T00:00:00.000-08:00,,,2024-03-03T00:00:00.000-08:00,['On Sale'],2024-03-31T00:00:00.000-07:00,,652453,True,[],,537,2024-03-11 19:10:01,Highland,1,"['05010496002193', '00850483000796']",False,,0.75,[],GLEN GARIOCH - 12 YEAR OLD,,United Kingdom,False,Scotland,2,2,,,False,77.0, 12 YEAR OLD,0.48,,False,['On Sale'],SR,,GLEN GARIOCH ,GB,,Single Malt Scotch Whisky,Whisky / Whiskey,False,False,0,64.99,,,,,glen garioch - 12 year old,,2024-03-31T00:00:00.000-07:00,,Spirits,[],True,,,1004,1024,1289,402.75,36510.63,0.36,188.86111111111111,0.3888888888888889
554,bcls,product,224499,0.3639408,GLEN GRANT - 12 YEAR OLD,,,Whisky,,[],,74.99,,,,,,,[],,,224499,,[],,676,2024-03-11 19:10:01,Speyside,1,['00721059002349'],False,,0.75,[],GLEN GRANT - 12 YEAR OLD,,United Kingdom,False,Scotland,2,2,,,False,81.0, 12 YEAR OLD,0.43,,False,[],SR,,GLEN GRANT ,GB,,Single Malt Scotch Whisky,Whisky / Whiskey,False,False,0,74.99,,,,,glen grant - 12 year old,,,,Spirits,[],True,,,1004,1024,1289,507.0,50693.24,0.3225,232.5271317829457,0.4090909090909091
555,bcls,product,426896,0.35400322,GLEN GRANT - 15 YEAR OLD,,,Whisky,,[],,94.99,,,,,,,[],,,426896,,[],,711,2024-03-11 19:10:01,Speyside,1,['00721059002639'],False,,0.75,[],GLEN GRANT - 15 YEAR OLD,,United Kingdom,False,Scotland,2,2,,,False,73.0, 15 YEAR OLD,0.5,,False,[],SH,,GLEN GRANT ,GB,,Single Malt Scotch Whisky,Whisky / Whiskey,False,False,0,94.99,,,,,glen grant - 15 year old,,,,Spirits,[],True,,,1004,1024,1289,533.25,67537.89,0.375,253.30666666666664,0.3686868686868687
556,bcls,product,224496,0.35400322,GLEN GRANT - 18 YEAR OLD,,,Whisky,,[],,194.99,,,,,,,[],,,224496,,[],,398,2024-03-11 19:10:01,Speyside,1,['00721059002370'],False,,0.75,[],GLEN GRANT - 18 YEAR OLD,,United Kingdom,False,Scotland,2,2,,,False,48.0, 18 YEAR OLD,0.43,,False,[],SH,,GLEN GRANT ,GB,,Single Malt Scotch Whisky,Whisky / Whiskey,False,False,0,194.99,,,,,glen grant - 18 year old,,,,Spirits,[],True,,,1004,1024,1289,298.5,77606.02,0.3225,604.6201550387597,0.24242424242424243
557,bcls,product,437412,0.35400322,GLEN GRANT - 60YO DENNIS MALCOLM ANNIVERSARY EDITION,,,Whisky,,[],,36000.0,,,,,,,['BCL Select'],,,437412,,[],,2,2024-03-11 19:10:01,Speyside,1,['05024576000221'],False,,0.75,[],GLEN GRANT - 60YO DENNIS MALCOLM ANNIVERSARY EDITION,,United Kingdom,False,Scotland,3,3,,,False,2.0, 60YO DENNIS MALCOLM ANNIVERSARY EDITION,0.528,,True,['BCL Select'],C,,GLEN GRANT ,GB,,Single Malt Scotch Whisky,Whisky / Whiskey,False,False,0,36000.0,,,,,glen grant - 60yo dennis malcolm anniversary edition,,,,Spirits,"[{'id': 'empty-placeholder', 'label': '&nbsp;', 'labelLengthWithoutTags': 1}, {'id': 'exclusive', 'label': 'ONLY@BCL', 'labelLengthWithoutTags': 8}]",True,,,1004,1024,1289,1.5,72000.0,0.396,90909.09090909091,0.010101010101010102
558,bcls,product,223233,0.3639408,GLEN GRANT PRIVATE COLLECTION 1948 - GORDON AND MACPHAIL,,,Whisky,,[],,39000.0,,,,,,,['BCL Select'],,,223233,,[],,2,2024-03-11 19:10:01,Speyside,1,['05020613070967'],False,,0.7,[],GLEN GRANT PRIVATE COLLECTION 1948 - GORDON AND MACPHAIL,,United Kingdom,False,Scotland,2,2,,,False,2.0, GORDON AND MACPHAIL,0.486,,True,['BCL Select'],C,,GLEN GRANT PRIVATE COLLECTION 1948 ,GB,,Single Malt Scotch Whisky,Whisky / Whiskey,False,False,0,39000.0,,,,,glen grant private collection 1948 - gordon and macphail,,,,Spirits,"[{'id': 'empty-placeholder', 'label': '&nbsp;', 'labelLengthWithoutTags': 1}, {'id': 'exclusive', 'label': 'ONLY@BCL', 'labelLengthWithoutTags': 8}]",True,,,1004,1024,1289,1.4,78000.0,0.34019999999999995,114638.44797178132,0.010101010101010102
559,bcls,product,98809,0.3639408,GLEN GRANT PRIVATE COLLECTION 1965 - GORDON AND MACPHAIL,,,Whisky,,[],,11650.0,,,,,,,['BCL Select'],,,98809,,[],,2,2024-03-11 19:10:01,Speyside,1,['05020613072305'],False,,0.7,[],GLEN GRANT PRIVATE COLLECTION 1965 - GORDON AND MACPHAIL,,United Kingdom,False,Scotland,3,3,,,False,2.0, GORDON AND MACPHAIL,0.474,,True,['BCL Select'],C,,GLEN GRANT PRIVATE COLLECTION 1965 ,GB,,Single Malt Scotch Whisky,Whisky / Whiskey,False,False,1,11650.0,,,,,glen grant private collection 1965 - gordon and macphail,,,,Spirits,"[{'id': 'empty-placeholder', 'label': '&nbsp;', 'labelLengthWithoutTags': 1}, {'id': 'exclusive', 'label': 'ONLY@BCL', 'labelLengthWithoutTags': 8}]",True,,,1004,1024,1289,1.4,23300.0,0.3318,35111.51295961423,0.010101010101010102
560,bcls,product,267658,0.3639408,GLEN GRANT RARE VINTAGE 1950 - GORDON AND MACPHAIL,,,Whisky,,[],,7950.0,,,,,,,['BCL Select'],,,267658,,[],,2,2024-03-11 19:10:01,Speyside,1,['05020613373020'],False,,0.7,[],GLEN GRANT RARE VINTAGE 1950 - GORDON AND MACPHAIL,,United Kingdom,False,Scotland,3,3,,,False,2.0, GORDON AND MACPHAIL,0.4,,True,['BCL Select'],C,,GLEN GRANT RARE VINTAGE 1950 ,GB,,Single Malt Scotch Whisky,Whisky / Whiskey,False,False,1,7950.0,,,,,glen grant rare vintage 1950 - gordon and macphail,,,,Spirits,"[{'id': 'empty-placeholder', 'label': '&nbsp;', 'labelLengthWithoutTags': 1}, {'id': 'exclusive', 'label': 'ONLY@BCL', 'labelLengthWithoutTags': 8}]",True,,,1004,1024,1289,1.4,15900.0,0.27999999999999997,28392.857142857145,0.010101010101010102
561,bcls,product,448826,0.35400322,GLEN SCOTIA - 10 YEAR OLD,,,Whisky,,[],,79.99,,,,,,,['BCL Select'],,,448826,,[],,339,2024-03-11 19:10:01,Campbeltown,1,"['05016840772262', '00814065021791']",False,,0.7,[],GLEN SCOTIA - 10 YEAR OLD,,United Kingdom,False,Scotland,3,3,,,False,38.0, 10 YEAR OLD,0.4,,True,['BCL Select'],C,,GLEN SCOTIA ,GB,,Single Malt Scotch Whisky,Whisky / Whiskey,False,False,0,79.99,,,,,glen scotia - 10 year old,,,,Spirits,"[{'id': 'empty-placeholder', 'label': '&nbsp;', 'labelLengthWithoutTags': 1}, {'id': 'exclusive', 'label': 'ONLY@BCL', 'labelLengthWithoutTags': 8}]",True,,,1004,1024,1289,237.29999999999998,27116.609999999997,0.27999999999999997,285.67857142857144,0.1919191919191919
562,bcls,product,269220,0.35400322,GLENALLACHIE - 10 YO CASK STRENGTH BATCH 9,,,Whisky,,[],,136.99,,,,,,,['BCL Select'],,,269220,,[],,5,2024-03-11 19:10:01,Speyside,1,['05060568326184'],False,,0.7,[],GLENALLACHIE - 10 YO CASK STRENGTH BATCH 9,,United Kingdom,False,Scotland,3,3,,,False,2.0, 10 YO CASK STRENGTH BATCH 9,0.581,,True,['BCL Select'],C,,GLENALLACHIE ,GB,,Single Malt Scotch Whisky,Whisky / Whiskey,False,False,0,136.99,,,,,glenallachie - 10 yo cask strength batch 9,,,,Spirits,"[{'id': 'empty-placeholder', 'label': '&nbsp;', 'labelLengthWithoutTags': 1}, {'id': 'exclusive', 'label': 'ONLY@BCL', 'labelLengthWithoutTags': 8}]",True,,,1004,1024,1289,3.5,684.95,0.40669999999999995,336.83304647160077,0.010101010101010102
563,bcls,product,250371,0.3639408,GLENALLACHIE - 8 YEAR OLD,,,Whisky,,[],,96.99,,,,,,,[],,,250371,,[],,12,2024-03-11 19:10:01,Speyside,1,"['05060568324906', '05060568324685']",False,,0.7,[],GLENALLACHIE - 8 YEAR OLD,,United Kingdom,False,Scotland,3,3,,,False,2.0, 8 YEAR OLD,0.46,,False,[],SM,,GLENALLACHIE ,GB,,Single Malt Scotch Whisky,Whisky / Whiskey,False,False,0,96.99,,,,,glenallachie - 8 year old,,,,Spirits,[],True,,,1004,1024,1289,8.399999999999999,1163.8799999999999,0.322,301.2111801242236,0.010101010101010102
564,bcls,product,375207,0.35400322,GLENALLACHIE - SINGLE MALT SCOTCH WHISKY CUVEE WINE CASK FIN,,,Whisky,,[],,129.99,,,,,,,['BCL Select'],,,375207,,[],,103,2024-03-11 19:10:01,Speyside,1,['05060568325422'],False,,0.7,[],GLENALLACHIE - SINGLE MALT SCOTCH WHISKY CUVEE WINE CASK FIN,,United Kingdom,False,Scotland,3,3,,,False,32.0, SINGLE MALT SCOTCH WHISKY CUVEE WINE CASK FIN,0.48,,True,['BCL Select'],C,,GLENALLACHIE ,GB,,Single Malt Scotch Whisky,Whisky / Whiskey,False,False,0,129.99,,,,,glenallachie - single malt scotch whisky cuvee wine cask fin,,,,Spirits,"[{'id': 'empty-placeholder', 'label': '&nbsp;', 'labelLengthWithoutTags': 1}, {'id': 'exclusive', 'label': 'ONLY@BCL', 'labelLengthWithoutTags': 8}]",True,,,1004,1024,1289,72.1,13388.970000000001,0.33599999999999997,386.87500000000006,0.16161616161616163
565,bcls,product,336415,0.3639408,GLENCADAM - AMERICAN OAK RESERVE SINGLE MALT WHISKY,,,Whisky,,[],,95.99,,,,,,,['BCL Select'],,,336415,,[],,547,2024-03-11 19:10:01,Highland,1,['05021349705642'],False,,0.7,[],GLENCADAM - AMERICAN OAK RESERVE SINGLE MALT WHISKY,,United Kingdom,False,Scotland,3,3,,,False,55.0, AMERICAN OAK RESERVE SINGLE MALT WHISKY,0.4,,True,['BCL Select'],C,,GLENCADAM ,GB,,Single Malt Scotch Whisky,Whisky / Whiskey,False,False,0,95.99,,,,,glencadam - american oak reserve single malt whisky,,,,Spirits,"[{'id': 'empty-placeholder', 'label': '&nbsp;', 'labelLengthWithoutTags': 1}, {'id': 'exclusive', 'label': 'ONLY@BCL', 'labelLengthWithoutTags': 8}]",True,,,1004,1024,1289,382.9,52506.53,0.27999999999999997,342.8214285714286,0.2777777777777778
566,bcls,product,316883,0.35400322,GLENCADAM - RESERVA ANDALUCIA OLOROSO SHERRY CASK SINGLE MAL,,,Whisky,,[],,114.99,,,,,,,['BCL Select'],,,316883,,[],,463,2024-03-11 19:10:01,Highland,1,['05021349704126'],False,,0.7,[],GLENCADAM - RESERVA ANDALUCIA OLOROSO SHERRY CASK SINGLE MAL,,United Kingdom,False,Scotland,3,3,,,False,52.0, RESERVA ANDALUCIA OLOROSO SHERRY CASK SINGLE MAL,0.46,,True,['BCL Select'],C,,GLENCADAM ,GB,,Single Malt Scotch Whisky,Whisky / Whiskey,False,False,0,114.99,,,,,glencadam - reserva andalucia oloroso sherry cask single mal,,,,Spirits,"[{'id': 'empty-placeholder', 'label': '&nbsp;', 'labelLengthWithoutTags': 1}, {'id': 'exclusive', 'label': 'ONLY@BCL', 'labelLengthWithoutTags': 8}]",True,,,1004,1024,1289,324.09999999999997,53240.369999999995,0.322,357.111801242236,0.26262626262626265
567,bcls,product,501984,0.3639408,GLENDALOUGH - 7 YEAR OLD SINGLE MALT MIZUNARA WHISKEY,,,Whisky,,[],,136.99,,,,,,,[],,,501984,,[],,177,2024-03-11 19:10:01,,1,['05391537391101'],False,,0.75,[],GLENDALOUGH - 7 YEAR OLD SINGLE MALT MIZUNARA WHISKEY,,Ireland,False,,2,2,,,False,33.0, 7 YEAR OLD SINGLE MALT MIZUNARA WHISKEY,0.46,,False,[],ST,,GLENDALOUGH ,IE,,Irish Whiskey,Whisky / Whiskey,False,False,0,136.99,,,,,glendalough - 7 year old single malt mizunara whiskey,,,,Spirits,[],True,,,1004,1024,1287,132.75,24247.230000000003,0.34500000000000003,397.07246376811594,0.16666666666666666
568,bcls,product,12912,0.3639408,GLENDALOUGH - DOUBLE BARREL,,,Whisky,,[],,49.99,,,,,,,[],,,12912,,[],,1111,2024-03-11 19:10:01,,1,"['00799439682177', '05391537390005']",False,,0.75,[],GLENDALOUGH - DOUBLE BARREL,,Ireland,False,,2,2,,,False,88.0, DOUBLE BARREL,0.42,,False,[],SR,,GLENDALOUGH ,IE,,Irish Whiskey,Whisky / Whiskey,False,False,0,49.99,,,,,glendalough - double barrel,,,,Spirits,[],True,,,1004,1024,1287,833.25,55538.89,0.315,158.6984126984127,0.4444444444444444
569,bcls,product,4677,0.3639408,GLENDALOUGH WILD BOTANICAL GIN,,,Gin,,[],True,49.99,,,2024-03-03T00:00:00.000-08:00,,,2024-03-03T00:00:00.000-08:00,['On Sale'],2024-03-31T00:00:00.000-07:00,,4677,True,[],,663,2024-03-11 19:10:01,,1,"['00797776188482', '05391537390050', '05391537391231']",False,,0.75,[],GLENDALOUGH WILD BOTANICAL GIN,,Ireland,False,,2,2,,,False,82.0,GLENDALOUGH WILD BOTANICAL GIN,0.41,,False,['On Sale'],SH,,,IE,,Dry Gin,Gin,False,False,0,43.99,,,,,glendalough wild botanical gin,,2024-03-31T00:00:00.000-07:00,,Spirits,[],True,,,1004,1017,1168,497.25,33143.37,0.3075,162.56910569105693,0.41414141414141414
570,bcls,product,413410,0.35400322,GLENDRONACH - 12 YEAR OLD,,,Whisky,,[],,115.99,,,,,,,[],,,413410,,[],,301,2024-03-11 19:10:01,Highland,1,['00081128002114'],False,,0.75,[],GLENDRONACH - 12 YEAR OLD,,United Kingdom,False,Scotland,2,2,,,False,39.0, 12 YEAR OLD,0.43,,False,[],SR,,GLENDRONACH ,GB,,Single Malt Scotch Whisky,Whisky / Whiskey,False,False,0,115.99,,,,,glendronach - 12 year old,,,,Spirits,[],True,,,1004,1024,1289,225.75,34912.99,0.3225,359.65891472868213,0.19696969696969696
571,bcls,product,394646,0.35400322,GLENDRONACH - 15 YEAR OLD REVIVAL,,,Whisky,,[],,199.99,,,,,,,['BCL Select'],,,394646,,[],,9,2024-03-11 19:10:01,Highland,1,['00808755034345'],False,,0.7,[],GLENDRONACH - 15 YEAR OLD REVIVAL,,USA,False,Scotland,2,2,,,False,3.0, 15 YEAR OLD REVIVAL,0.46,,True,['BCL Select'],C,,GLENDRONACH ,US,,Single Malt Scotch Whisky,Whisky / Whiskey,False,False,0,199.99,,,,,glendronach - 15 year old revival,,,,Spirits,"[{'id': 'empty-placeholder', 'label': '&nbsp;', 'labelLengthWithoutTags': 1}, {'id': 'exclusive', 'label': 'ONLY@BCL', 'labelLengthWithoutTags': 8}]",True,,,1004,1024,1289,6.3,1799.91,0.322,621.0869565217391,0.015151515151515152
572,bcls,product,437795,0.3639408,GLENDRONACH - 2011 10 YEAR OLD,,,Whisky,,[],,90.99,,,,,,,[],,,437795,,[],,415,2024-03-11 19:10:01,Highland,1,"['05060716141027', '05060716144530']",False,,0.7,[],GLENDRONACH - 2011 10 YEAR OLD,,United Kingdom,False,Scotland,2,2,,,False,55.0, 2011 10 YEAR OLD,0.43,,False,[],SH,,GLENDRONACH ,GB,,Single Malt Scotch Whisky,Whisky / Whiskey,False,False,0,90.99,,,,,glendronach - 2011 10 year old,,,,Spirits,[],True,,,1004,1024,1289,290.5,37760.85,0.301,302.2923588039867,0.2777777777777778
573,bcls,product,62255,0.3639408,GLENDRONACH - 50 YO,,,Whisky,,[],,38000.0,,,,,,,['BCL Select'],,,62255,,[],,1,2024-03-11 19:10:01,Speyside,1,['05060716142505'],False,,0.7,[],GLENDRONACH - 50 YO,,United Kingdom,False,Scotland,3,3,,,False,1.0, 50 YO,0.43799999999999994,,True,['BCL Select'],C,,GLENDRONACH ,GB,,Single Malt Scotch Whisky,Whisky / Whiskey,False,False,0,38000.0,,,,,glendronach - 50 yo,,,,Spirits,"[{'id': 'empty-placeholder', 'label': '&nbsp;', 'labelLengthWithoutTags': 1}, {'id': 'exclusive', 'label': 'ONLY@BCL', 'labelLengthWithoutTags': 8}]",True,,,1004,1024,1289,0.7,38000.0,0.30659999999999993,123939.98695368561,0.005050505050505051
574,bcls,product,125930,0.35400322,GLENFARCLAS - 105 CASK STRENGTH,,,Whisky,,[],,144.99,,,,,,,[],,,125930,,[],,366,2024-03-11 19:10:01,Speyside,1,['05018066105701'],False,,0.7,[],GLENFARCLAS - 105 CASK STRENGTH,,United Kingdom,False,Scotland,2,2,,,False,53.0, 105 CASK STRENGTH,0.6,,False,[],SH,,GLENFARCLAS ,GB,,Single Malt Scotch Whisky,Whisky / Whiskey,False,False,0,144.99,,,,,glenfarclas - 105 cask strength,,,,Spirits,[],True,,,1004,1024,1289,256.2,53066.340000000004,0.42,345.2142857142857,0.2676767676767677
575,bcls,product,510354,0.3639408,GLENFARCLAS - 12 YEAR OLD,,,Whisky,,[],True,110.99,,,2024-03-03T00:00:00.000-08:00,,,2024-03-03T00:00:00.000-08:00,['On Sale'],2024-03-31T00:00:00.000-07:00,,510354,True,[],,797,2024-03-11 19:10:01,Speyside,1,['05018066112433'],False,,0.7,[],GLENFARCLAS - 12 YEAR OLD,,United Kingdom,False,Scotland,2,2,,,False,101.0, 12 YEAR OLD,0.43,,False,['On Sale'],SR,,GLENFARCLAS ,GB,,Single Malt Scotch Whisky,Whisky / Whiskey,False,False,0,99.99,,,,,glenfarclas - 12 year old,,2024-03-31T00:00:00.000-07:00,,Spirits,[],True,,,1004,1024,1289,557.9,88459.03,0.301,368.7375415282392,0.51010101010101
576,bcls,product,134270,0.3639408,GLENFARCLAS - 17 YEAR OLD,,,Whisky,,[],,214.99,,,,,,,[],,,134270,,[],,667,2024-03-11 19:10:01,Speyside,1,['05018066174318'],False,,0.7,[],GLENFARCLAS - 17 YEAR OLD,,United Kingdom,False,Scotland,2,2,,,False,88.0, 17 YEAR OLD,0.43,,False,[],SR,,GLENFARCLAS ,GB,,Single Malt Scotch Whisky,Whisky / Whiskey,False,False,0,214.99,,,,,glenfarclas - 17 year old,,,,Spirits,[],True,,,1004,1024,1289,466.9,143398.33000000002,0.301,714.2524916943522,0.4444444444444444
577,bcls,product,468355,0.35400322,GLENFARCLAS - 1976 FAMILY CASKS WINTER 2015 CASK 3110,,,Whisky,,[],,8000.0,,,,,,,['BCL Select'],,,468355,,[],,1,2024-03-11 19:10:01,Highland,1,['05018066015765'],False,,0.7,[],GLENFARCLAS - 1976 FAMILY CASKS WINTER 2015 CASK 3110,,United Kingdom,False,Scotland,3,3,,,False,1.0, 1976 FAMILY CASKS WINTER 2015 CASK 3110,0.45899999999999996,,True,['BCL Select'],C,,GLENFARCLAS ,GB,,Single Malt Scotch Whisky,Whisky / Whiskey,False,False,1,8000.0,,,,,glenfarclas - 1976 family casks winter 2015 cask 3110,,,,Spirits,"[{'id': 'empty-placeholder', 'label': '&nbsp;', 'labelLengthWithoutTags': 1}, {'id': 'exclusive', 'label': 'ONLY@BCL', 'labelLengthWithoutTags': 8}]",True,,,1004,1024,1289,0.7,8000.0,0.3213,24898.848428260197,0.005050505050505051
578,bcls,product,484261,0.3639408,GLENFARCLAS - 25 YEAR OLD,,,Whisky,,[],,450.99,,,,,,,[],,,484261,,[],,192,2024-03-11 19:10:01,Speyside,1,['05018066254317'],False,,0.7,[],GLENFARCLAS - 25 YEAR OLD,,United Kingdom,False,Scotland,2,2,,,False,29.0, 25 YEAR OLD,0.43,,False,[],SH,,GLENFARCLAS ,GB,,Single Malt Scotch Whisky,Whisky / Whiskey,False,False,0,450.99,,,,,glenfarclas - 25 year old,,,,Spirits,[],True,,,1004,1024,1289,134.39999999999998,86590.08,0.301,1498.3056478405317,0.14646464646464646
579,bcls,product,134643,0.3639408,GLENFARCLAS - 30 YEARS OLD,,,Whisky,,[],,1100.0,,,,,,,[],,,134643,,[],,40,2024-03-11 19:10:01,Speyside,1,['05018066304319'],False,,0.7,[],GLENFARCLAS - 30 YEARS OLD,,United Kingdom,False,Scotland,3,3,,,False,11.0, 30 YEARS OLD,0.43,,False,[],ST,,GLENFARCLAS ,GB,,Single Malt Scotch Whisky,Whisky / Whiskey,False,False,0,1100.0,,,,,glenfarclas - 30 years old,,,,Spirits,[],True,,,1004,1024,1289,28.0,44000.0,0.301,3654.4850498338874,0.05555555555555555
580,bcls,product,189290,0.35400322,GLENFARCLAS - 40 YEAR OLD,,,Whisky,,[],,2100.0,,,,,,,[],,,189290,,[],,44,2024-03-11 19:10:01,Speyside,1,['05018066094067'],False,,0.7,[],GLENFARCLAS - 40 YEAR OLD,,United Kingdom,False,Scotland,3,3,,,False,11.0, 40 YEAR OLD,0.43,,False,[],ST,,GLENFARCLAS ,GB,,Single Malt Scotch Whisky,Whisky / Whiskey,False,False,0,2100.0,,,,,glenfarclas - 40 year old,,,,Spirits,[],True,,,1004,1024,1289,30.799999999999997,92400.0,0.301,6976.7441860465115,0.05555555555555555
581,bcls,product,451099,0.3639408,GLENFARCLAS - 50 YEAR OLD,,,Whisky,,[],,15400.0,,,,,,,['BCL Select'],,,451099,,[],,3,2024-03-11 19:10:01,Highland,1,['05018066200420'],False,,0.7,[],GLENFARCLAS - 50 YEAR OLD,,United Kingdom,False,Scotland,3,3,,,False,2.0, 50 YEAR OLD,0.5,,True,['BCL Select'],C,,GLENFARCLAS ,GB,,Single Malt Scotch Whisky,Whisky / Whiskey,False,False,0,15400.0,,,,,glenfarclas - 50 year old,,,,Spirits,"[{'id': 'empty-placeholder', 'label': '&nbsp;', 'labelLengthWithoutTags': 1}, {'id': 'exclusive', 'label': 'ONLY@BCL', 'labelLengthWithoutTags': 8}]",True,,,1004,1024,1289,2.0999999999999996,46200.0,0.35,44000.0,0.010101010101010102
582,bcls,product,377898,0.35400322,GLENFARCLAS - FAMILY CASK 1963 A14 CASK 178,,,Whisky,,[],,14000.0,,,,,,,['BCL Select'],,,377898,,[],,1,2024-03-11 19:10:01,Highland,1,['05018066013631'],False,,0.7,[],GLENFARCLAS - FAMILY CASK 1963 A14 CASK 178,,United Kingdom,False,Scotland,3,3,,,False,1.0, FAMILY CASK 1963 A14 CASK 178,0.451,,True,['BCL Select'],C,,GLENFARCLAS ,GB,,Single Malt Scotch Whisky,Whisky / Whiskey,False,False,0,14000.0,,,,,glenfarclas - family cask 1963 a14 cask 178,,,,Spirits,"[{'id': 'empty-placeholder', 'label': '&nbsp;', 'labelLengthWithoutTags': 1}, {'id': 'exclusive', 'label': 'ONLY@BCL', 'labelLengthWithoutTags': 8}]",True,,,1004,1024,1289,0.7,14000.0,0.3157,44345.898004434595,0.005050505050505051
583,bcls,product,46678,0.35400322,GLENFARCLAS - FAMILY CASK 1971 SP17 CASK 151,,,Whisky,,[],,11280.0,,,,,,,['BCL Select'],,,46678,,[],,1,2024-03-11 19:10:01,Highland,1,['05018066017714'],False,,0.7,[],GLENFARCLAS - FAMILY CASK 1971 SP17 CASK 151,,United Kingdom,False,Scotland,3,3,,,False,1.0, FAMILY CASK 1971 SP17 CASK 151,0.47,,True,['BCL Select'],C,,GLENFARCLAS ,GB,,Single Malt Scotch Whisky,Whisky / Whiskey,False,False,1,11280.0,,,,,glenfarclas - family cask 1971 sp17 cask 151,,,,Spirits,"[{'id': 'empty-placeholder', 'label': '&nbsp;', 'labelLengthWithoutTags': 1}, {'id': 'exclusive', 'label': 'ONLY@BCL', 'labelLengthWithoutTags': 8}]",True,,,1004,1024,1289,0.7,11280.0,0.32899999999999996,34285.71428571429,0.005050505050505051
584,bcls,product,377906,0.3639408,GLENFARCLAS - FAMILY CASK 1973 W15 CASK 4794,,,Whisky,,[],,11400.0,,,,,,,['BCL Select'],,,377906,,[],,1,2024-03-11 19:10:01,Highland,1,['05018066015734'],False,,0.7,[],GLENFARCLAS - FAMILY CASK 1973 W15 CASK 4794,,United Kingdom,False,Scotland,3,3,,,False,1.0, FAMILY CASK 1973 W15 CASK 4794,0.486,,True,['BCL Select'],C,,GLENFARCLAS ,GB,,Single Malt Scotch Whisky,Whisky / Whiskey,False,False,0,11400.0,,,,,glenfarclas - family cask 1973 w15 cask 4794,,,,Spirits,"[{'id': 'empty-placeholder', 'label': '&nbsp;', 'labelLengthWithoutTags': 1}, {'id': 'exclusive', 'label': 'ONLY@BCL', 'labelLengthWithoutTags': 8}]",True,,,1004,1024,1289,0.7,11400.0,0.34019999999999995,33509.700176366845,0.005050505050505051
585,bcls,product,46692,0.3639408,GLENFARCLAS - FAMILY CASK 1983 W18 CASK 28,,,Whisky,,[],,3100.0,,,,,,,[],,,46692,,[],,3,2024-03-11 19:10:01,Speyside,1,['05018066020837'],False,,0.7,[],GLENFARCLAS - FAMILY CASK 1983 W18 CASK 28,,United Kingdom,False,Scotland,3,3,,,False,3.0, FAMILY CASK 1983 W18 CASK 28,0.488,,False,[],SM,,GLENFARCLAS ,GB,,Single Malt Scotch Whisky,Whisky / Whiskey,False,False,0,3100.0,,,,,glenfarclas - family cask 1983 w18 cask 28,,,,Spirits,[],True,,,1004,1024,1289,2.0999999999999996,9300.0,0.34159999999999996,9074.941451990633,0.015151515151515152
586,bcls,product,377948,0.3639408,GLENFARCLAS - FAMILY CASK 1990 S22 CASK 5125,,,Whisky,,[],,1625.0,,,,,,,['BCL Select'],,,377948,,[],,1,2024-03-11 19:10:01,Speyside,1,['05018066220381'],False,,0.7,[],GLENFARCLAS - FAMILY CASK 1990 S22 CASK 5125,,United Kingdom,False,Scotland,2,2,,,False,1.0, FAMILY CASK 1990 S22 CASK 5125,0.513,,True,['BCL Select'],C,,GLENFARCLAS ,GB,,Single Malt Scotch Whisky,Whisky / Whiskey,False,False,0,1625.0,,,,,glenfarclas - family cask 1990 s22 cask 5125,,,,Spirits,"[{'id': 'empty-placeholder', 'label': '&nbsp;', 'labelLengthWithoutTags': 1}, {'id': 'exclusive', 'label': 'ONLY@BCL', 'labelLengthWithoutTags': 8}]",True,,,1004,1024,1289,0.7,1625.0,0.3591,4525.201893622947,0.005050505050505051
587,bcls,product,377917,0.3639408,GLENFARCLAS - FAMILY CASK 1991 S22 CASK 5679,,,Whisky,,[],,1600.0,,,,,,,['BCL Select'],,,377917,,[],,1,2024-03-11 19:10:01,Speyside,1,['05018066220398'],False,,0.7,[],GLENFARCLAS - FAMILY CASK 1991 S22 CASK 5679,,United Kingdom,False,Scotland,3,3,,,False,1.0, FAMILY CASK 1991 S22 CASK 5679,0.556,,True,['BCL Select'],C,,GLENFARCLAS ,GB,,Single Malt Scotch Whisky,Whisky / Whiskey,False,False,0,1600.0,,,,,glenfarclas - family cask 1991 s22 cask 5679,,,,Spirits,"[{'id': 'empty-placeholder', 'label': '&nbsp;', 'labelLengthWithoutTags': 1}, {'id': 'exclusive', 'label': 'ONLY@BCL', 'labelLengthWithoutTags': 8}]",True,,,1004,1024,1289,0.7,1600.0,0.3892,4110.996916752312,0.005050505050505051
588,bcls,product,377893,0.35400322,GLENFARCLAS - FAMILY CASK 1993 S22 CASK 4439,,,Whisky,,[],,1450.0,,,,,,,['BCL Select'],,,377893,,[],,4,2024-03-11 19:10:01,Speyside,1,['05018066220411'],False,,0.7,[],GLENFARCLAS - FAMILY CASK 1993 S22 CASK 4439,,United Kingdom,False,Scotland,3,3,,,False,3.0, FAMILY CASK 1993 S22 CASK 4439,0.5379999999999999,,True,['BCL Select'],C,,GLENFARCLAS ,GB,,Single Malt Scotch Whisky,Whisky / Whiskey,False,False,0,1450.0,,,,,glenfarclas - family cask 1993 s22 cask 4439,,,,Spirits,"[{'id': 'empty-placeholder', 'label': '&nbsp;', 'labelLengthWithoutTags': 1}, {'id': 'exclusive', 'label': 'ONLY@BCL', 'labelLengthWithoutTags': 8}]",True,,,1004,1024,1289,2.8,5800.0,0.37659999999999993,3850.2389803505052,0.015151515151515152
589,bcls,product,53361,0.3639408,GLENFIDDICH - 12 YEAR OLD,,,Whisky,,[],,149.99,,,,,,,['BCL Select'],,,53361,,[],,428,2024-03-11 19:10:01,Speyside,1,"['05010327301020', '00083664107308', '05010327351018']",False,,1.75,[],GLENFIDDICH - 12 YEAR OLD,,United Kingdom,False,Scotland,2,2,,,False,64.0, 12 YEAR OLD,0.4,,True,['BCL Select'],C,,GLENFIDDICH ,GB,,Single Malt Scotch Whisky,Whisky / Whiskey,False,False,0,149.99,,,,,glenfiddich - 12 year old,,,,Spirits,"[{'id': 'empty-placeholder', 'label': '&nbsp;', 'labelLengthWithoutTags': 1}, {'id': 'exclusive', 'label': 'ONLY@BCL', 'labelLengthWithoutTags': 8}]",True,,,1004,1024,1289,749.0,64195.72,0.7000000000000001,214.27142857142857,0.32323232323232326
590,bcls,product,118775,0.3639408,GLENFIDDICH - 14YO BOURBON BARREL RESERVE,,,Whisky,,[],,85.99,,,,,,,[],,,118775,,[],,640,2024-03-11 19:10:01,Speyside,1,"['05010327324333', '00083664873463']",False,,0.75,['Kosher'],GLENFIDDICH - 14YO BOURBON BARREL RESERVE,,United Kingdom,False,Scotland,2,2,,,False,96.0, 14YO BOURBON BARREL RESERVE,0.43,,False,[],SR,,GLENFIDDICH ,GB,,Single Malt Scotch Whisky,Whisky / Whiskey,True,False,0,85.99,,,,,glenfiddich - 14yo bourbon barrel reserve,,,,Spirits,[],True,,,1004,1024,1289,480.0,55033.6,0.3225,266.63565891472865,0.48484848484848486
591,bcls,product,530352,0.35400322,GLENFIDDICH - 18 YO,,,Whisky,,['New'],,209.99,,,,,,,[],,,530352,,['New'],,313,2024-03-11 19:10:01,Speyside,1,"['05010327325132', '05010327324142', '05010327365183']",False,,0.75,[],GLENFIDDICH - 18 YO,,United Kingdom,False,Scotland,2,2,,,False,45.0, 18 YO,0.4,,False,[],SH,,GLENFIDDICH ,GB,,Single Malt Scotch Whisky,Whisky / Whiskey,False,False,0,209.99,,,"[{'urlAlias': '/promotion/new-arrivals', 'name': 'New For You', 'promoCode': '2023NEW', 'published': True, 'shortName': 'New'}]","[{'urlAlias': '/promotion/new-arrivals', 'name': 'New For You', 'promoCode': '2023NEW', 'published': True, 'shortName': 'New'}]",glenfiddich - 18 yo,,,,Spirits,"[{'id': 'empty-placeholder', 'label': '&nbsp;', 'labelLengthWithoutTags': 1}, {'id': 'featured', 'label': 'FEATURED', 'labelLengthWithoutTags': 8}]",True,,,1004,1024,1289,234.75,65726.87000000001,0.30000000000000004,699.9666666666666,0.22727272727272727
592,bcls,product,177562,0.3639408,GLENFIDDICH - FIRE AND CANE,,,Whisky,,[],,85.99,,,,,,,[],,,177562,,[],,554,2024-03-11 19:10:01,Speyside,1,"['05010327305585', '05010327304274']",False,,0.75,['Kosher'],GLENFIDDICH - FIRE AND CANE,,United Kingdom,False,Scotland,2,2,,,False,69.0, FIRE AND CANE,0.43,,False,[],SH,,GLENFIDDICH ,GB,,Single Malt Scotch Whisky,Whisky / Whiskey,True,False,0,85.99,,,,,glenfiddich - fire and cane,,,,Spirits,[],True,,,1004,1024,1289,415.5,47638.46,0.3225,266.63565891472865,0.3484848484848485
593,bcls,product,530345,0.3639408,GLENFIDDICH - SOLERA RESERVE 15 YEAR OLD,,,Whisky,,[],,105.99,,,,,,,[],,,530345,,[],,976,2024-03-11 19:10:01,Speyside,1,['05010327325125'],False,,0.75,[],GLENFIDDICH - SOLERA RESERVE 15 YEAR OLD,,United Kingdom,False,Scotland,2,2,,,False,144.0, SOLERA RESERVE 15 YEAR OLD,0.4,,False,[],SR,,GLENFIDDICH ,GB,,Single Malt Scotch Whisky,Whisky / Whiskey,False,False,0,105.99,,,,,glenfiddich - solera reserve 15 year old,,,,Spirits,[],True,,,1004,1024,1289,732.0,103446.23999999999,0.30000000000000004,353.29999999999995,0.7272727272727273
594,bcls,product,229443,0.35400322,GLENFIDDICH SPECIAL RESERVE - 12 YEAR OLD,,,Whisky,,[],,107.99,,,,,,,[],,,229443,,[],,1368,2024-03-11 19:10:01,Speyside,1,"['05010327303048', '05010327322001']",False,,1.14,[],GLENFIDDICH SPECIAL RESERVE - 12 YEAR OLD,,United Kingdom,False,Scotland,2,2,,,False,191.0, 12 YEAR OLD,0.4,,False,[],G,,GLENFIDDICH SPECIAL RESERVE ,GB,,Single Malt Scotch Whisky,Whisky / Whiskey,False,False,0,107.99,,,,,glenfiddich special reserve - 12 year old,,,,Spirits,[],True,,,1004,1024,1289,1559.5199999999998,147730.32,0.45599999999999996,236.8201754385965,0.9646464646464646
595,bcls,product,252312,0.35400322,GLENFIDDICH SPECIAL RESERVE - 12 YEAR OLD,,,Whisky,,[],,41.49,,,,,,,[],,,252312,,[],,2929,2024-03-11 19:10:01,Speyside,1,"['05010327307077', '05010327000237', '05010327307244']",False,,0.375,[],GLENFIDDICH SPECIAL RESERVE - 12 YEAR OLD,,United Kingdom,False,Scotland,2,2,,,False,172.0, 12 YEAR OLD,0.4,,False,[],G,,GLENFIDDICH SPECIAL RESERVE ,GB,,Single Malt Scotch Whisky,Whisky / Whiskey,False,False,0,41.49,,,,,glenfiddich special reserve - 12 year old,,,,Spirits,[],True,,,1004,1024,1289,1098.375,121524.21,0.15000000000000002,276.59999999999997,0.8686868686868687
596,bcls,product,12385,0.3639408,GLENFIDDICH SPECIAL RESERVE - 12 YEAR OLD,,,Whisky,,[],,73.99,,,,,,,[],,,12385,,[],,2551,2024-03-11 19:10:01,Speyside,1,['05010327000176'],False,,0.75,[],GLENFIDDICH SPECIAL RESERVE - 12 YEAR OLD,,United Kingdom,False,Scotland,2,2,,,False,196.0, 12 YEAR OLD,0.4,,False,[],G,,GLENFIDDICH SPECIAL RESERVE ,GB,,Single Malt Scotch Whisky,Whisky / Whiskey,False,False,0,73.99,,,,,glenfiddich special reserve - 12 year old,,,,Spirits,[],True,,,1004,1024,1289,1913.25,188748.49,0.30000000000000004,246.63333333333327,0.98989898989899
597,bcls,product,302781,0.3639408,GLENGLASSAUGH - 12 YEAR OLD,,,Whisky,,[],,104.99,,,,,,,[],,,302781,,[],,233,2024-03-11 19:10:01,Highland,1,['05060716144202'],False,,0.7,[],GLENGLASSAUGH - 12 YEAR OLD,,United Kingdom,False,Scotland,2,2,,,False,37.0, 12 YEAR OLD,0.45,,False,[],SH,,GLENGLASSAUGH ,GB,,Single Malt Scotch Whisky,Whisky / Whiskey,False,False,0,104.99,,,,,glenglassaugh - 12 year old,,,,Spirits,[],False,,,1004,1024,1289,163.1,24462.67,0.315,333.3015873015873,0.18686868686868688
598,bcls,product,439386,0.35400322,GLENGLASSAUGH - 50 YEAR OLD,,,Whisky,,[],,9400.0,,,,,,,['BCL Select'],,,439386,,[],,1,2024-03-11 19:10:01,Speyside,1,['05060716140747'],False,,0.7,[],GLENGLASSAUGH - 50 YEAR OLD,,United Kingdom,False,Scotland,3,3,,,False,1.0, 50 YEAR OLD,0.405,,True,['BCL Select'],C,,GLENGLASSAUGH ,GB,,Single Malt Scotch Whisky,Whisky / Whiskey,False,False,0,9400.0,,,,,glenglassaugh - 50 year old,,,,Spirits,"[{'id': 'empty-placeholder', 'label': '&nbsp;', 'labelLengthWithoutTags': 1}, {'id': 'exclusive', 'label': 'ONLY@BCL', 'labelLengthWithoutTags': 8}]",True,,,1004,1024,1289,0.7,9400.0,0.2835,33156.96649029983,0.005050505050505051
599,bcls,product,324205,0.35400322,GLENGOYNE - 15 YEARS OLD,,,Whisky,,[],,174.99,,,,,,,[],,,324205,,[],,88,2024-03-11 19:10:01,Highland,1,['05010852050936'],False,,0.7,[],GLENGOYNE - 15 YEARS OLD,,United Kingdom,False,Scotland,3,3,,,False,25.0, 15 YEARS OLD,0.43,,False,[],SM,,GLENGOYNE ,GB,,Single Malt Scotch Whisky,Whisky / Whiskey,False,False,0,174.99,,,,,glengoyne - 15 years old,,,,Spirits,[],True,,,1004,1024,1289,61.599999999999994,15399.12,0.301,581.3621262458472,0.12626262626262627
600,bcls,product,235521,0.3639408,GLENKINCHIE - 27 YO SPECIAL RELEASE 2023,,,Whisky,,[],,525.0,,,,,,,['BCL Select'],,,235521,,[],,63,2024-03-11 19:10:01,Lowland,1,['00088076188778'],False,,0.75,[],GLENKINCHIE - 27 YO SPECIAL RELEASE 2023,,United Kingdom,False,Scotland,3,3,,,False,9.0, 27 YO SPECIAL RELEASE 2023,0.583,,True,['BCL Select'],C,,GLENKINCHIE ,GB,,Single Malt Scotch Whisky,Whisky / Whiskey,False,False,0,525.0,,,,,glenkinchie - 27 yo special release 2023,,,,Spirits,"[{'id': 'empty-placeholder', 'label': '&nbsp;', 'labelLengthWithoutTags': 1}, {'id': 'exclusive', 'label': 'ONLY@BCL', 'labelLengthWithoutTags': 8}]",True,,,1004,1024,1289,47.25,33075.0,0.43724999999999997,1200.6861063464837,0.045454545454545456
601,bcls,product,531752,0.35400322,GLENLIVET -  14 YEAR OLD COGNAC CASK SINGLE MALT SCOTCH,,,Whisky,,[],,89.99,,,,,,,[],,,531752,,[],,901,2024-03-11 19:10:01,Speyside,1,['00080432114926'],False,,0.75,[],GLENLIVET -  14 YEAR OLD COGNAC CASK SINGLE MALT SCOTCH,,United Kingdom,False,Scotland,2,2,,,False,94.0,  14 YEAR OLD COGNAC CASK SINGLE MALT SCOTCH,0.4,,False,[],SR,,GLENLIVET ,GB,,Single Malt Scotch Whisky,Whisky / Whiskey,False,False,0,89.99,,,,,glenlivet -  14 year old cognac cask single malt scotch,,,,Spirits,[],True,,,1004,1024,1289,675.75,81080.98999999999,0.30000000000000004,299.9666666666666,0.47474747474747475
602,bcls,product,21097,0.35400322,GLENLIVET - 12 YEAR OLD,,,Whisky,,[],,77.99,,,,,,,[],,,21097,,[],,3477,2024-03-11 19:10:01,Speyside,1,"['05000299213414', '00080432400630', '00087000007093']",False,,0.75,[],GLENLIVET - 12 YEAR OLD,,United Kingdom,False,Scotland,2,2,,,False,198.0, 12 YEAR OLD,0.4,,False,[],G,,GLENLIVET ,GB,,Single Malt Scotch Whisky,Whisky / Whiskey,False,False,0,77.99,,,,,glenlivet - 12 year old,,,,Spirits,[],True,,,1004,1024,1289,2607.75,271171.23,0.30000000000000004,259.9666666666666,1.0
603,bcls,product,868380,0.3639408,GLENLIVET - 12 YEAR OLD,,,Whisky,,[],True,108.99,,,2024-03-03T00:00:00.000-08:00,,,2024-03-03T00:00:00.000-08:00,['On Sale'],2024-03-31T00:00:00.000-07:00,,868380,True,[],,717,2024-03-11 19:10:01,Speyside,1,['00080432101377'],False,,1.14,[],GLENLIVET - 12 YEAR OLD,,United Kingdom,False,Scotland,2,2,,,False,84.0, 12 YEAR OLD,0.4,,False,['On Sale'],SR,,GLENLIVET ,GB,,Single Malt Scotch Whisky,Whisky / Whiskey,False,False,0,104.49,,,,,glenlivet - 12 year old,,2024-03-31T00:00:00.000-07:00,,Spirits,[],True,,,1004,1024,1289,817.3799999999999,78145.83,0.45599999999999996,239.01315789473685,0.42424242424242425
604,bcls,product,603050,0.3639408,GLENLIVET - 15 YEAR OLD FRENCH OAK RESERVE,,,Whisky,,[],True,108.99,,,2024-03-03T00:00:00.000-08:00,,,2024-03-03T00:00:00.000-08:00,['On Sale'],2024-03-31T00:00:00.000-07:00,,603050,True,[],,1252,2024-03-11 19:10:01,Speyside,1,['00080432100783'],False,,0.75,[],GLENLIVET - 15 YEAR OLD FRENCH OAK RESERVE,,United Kingdom,False,Scotland,2,2,,,False,146.0, 15 YEAR OLD FRENCH OAK RESERVE,0.4,,False,['On Sale'],SR,,GLENLIVET ,GB,,Single Malt Scotch Whisky,Whisky / Whiskey,False,False,0,104.49,,,,,glenlivet - 15 year old french oak reserve,,2024-03-31T00:00:00.000-07:00,,Spirits,[],True,,,1004,1024,1289,939.0,136455.47999999998,0.30000000000000004,363.29999999999995,0.7373737373737373
605,bcls,product,335901,0.3639408,GLENLIVET - 18 YEAR OLD,,,Whisky,,[],,170.99,,,,,,,[],,,335901,,[],,1074,2024-03-11 19:10:01,Speyside,1,"['00080432400661', '00087000006256', '05000299278277']",False,,0.75,[],GLENLIVET - 18 YEAR OLD,,United Kingdom,False,Scotland,2,2,,,False,137.0, 18 YEAR OLD,0.4,,False,[],SR,,GLENLIVET ,GB,,Single Malt Scotch Whisky,Whisky / Whiskey,False,False,0,170.99,,,,,glenlivet - 18 year old,,,,Spirits,[],True,,,1004,1024,1289,805.5,183643.26,0.30000000000000004,569.9666666666666,0.6919191919191919
606,bcls,product,179473,0.3639408,GLENLIVET - 21 YEAR OLD SAMPLE ROOM,,,Whisky,,[],,425.99,,,,,,,[],,,179473,,[],,222,2024-03-11 19:10:01,Speyside,1,['00080432101513'],False,,0.75,[],GLENLIVET - 21 YEAR OLD SAMPLE ROOM,,United Kingdom,False,Scotland,2,2,,,False,55.0, 21 YEAR OLD SAMPLE ROOM,0.43,,False,[],SR,,GLENLIVET ,GB,,Single Malt Scotch Whisky,Whisky / Whiskey,False,False,0,425.99,,,,,glenlivet - 21 year old sample room,,,,Spirits,[],True,,,1004,1024,1289,166.5,94569.78,0.3225,1320.8992248062016,0.2777777777777778
607,bcls,product,59077,0.35400322,GLENLIVET - CARIBBEAN RESERVE,,,Whisky,,[],True,69.99,,,2024-03-03T00:00:00.000-08:00,,,2024-03-03T00:00:00.000-08:00,['On Sale'],2024-03-31T00:00:00.000-07:00,,59077,True,[],,538,2024-03-11 19:10:01,Speyside,1,['00080432115763'],False,,0.75,[],GLENLIVET - CARIBBEAN RESERVE,,United Kingdom,False,Scotland,2,2,,,False,78.0, CARIBBEAN RESERVE,0.4,,False,['On Sale'],SR,,GLENLIVET ,GB,,Single Malt Scotch Whisky,Whisky / Whiskey,False,False,0,65.99,,,,,glenlivet - caribbean reserve,,2024-03-31T00:00:00.000-07:00,,Spirits,[],True,,,1004,1024,1289,403.5,37654.619999999995,0.30000000000000004,233.29999999999995,0.3939393939393939
608,bcls,product,272369,0.3639408,GLENLIVET - FOUNDER'S RESERVE,,,Whisky,,[],,98.99,,,,,,,[],,,272369,,[],,1135,2024-03-11 19:10:01,Speyside,1,['05000299295267'],False,,1.14,[],GLENLIVET - FOUNDER'S RESERVE,,United Kingdom,False,Scotland,2,2,,,False,110.0, FOUNDER'S RESERVE,0.4,,False,[],SR,,GLENLIVET ,GB,,Single Malt Scotch Whisky,Whisky / Whiskey,False,False,0,98.99,,,,,glenlivet - founders reserve,,,,Spirits,[],True,,,1004,1024,1289,1293.8999999999999,112353.65,0.45599999999999996,217.08333333333334,0.5555555555555556
609,bcls,product,647834,0.3639408,GLENLIVET - FOUNDER'S RESERVE,,,Whisky,,[],True,69.99,,,2024-03-03T00:00:00.000-08:00,,,2024-03-03T00:00:00.000-08:00,['On Sale'],2024-03-31T00:00:00.000-07:00,,647834,True,[],,2600,2024-03-11 19:10:01,Speyside,1,['05000299609354'],False,,0.75,[],GLENLIVET - FOUNDER'S RESERVE,,United Kingdom,False,Scotland,2,2,,,False,194.0, FOUNDER'S RESERVE,0.4,,False,['On Sale'],G,,GLENLIVET ,GB,,Single Malt Scotch Whisky,Whisky / Whiskey,False,False,0,66.99,,,,,glenlivet - founders reserve,,2024-03-31T00:00:00.000-07:00,,Spirits,[],True,,,1004,1024,1289,1950.0,181974.0,0.30000000000000004,233.29999999999995,0.9797979797979798
610,bcls,product,749341,0.3639408,GLENLIVET - FOUNDER'S RESERVE,,,Whisky,,[],,39.49,,,,,,,[],,,749341,,[],,1876,2024-03-11 19:10:01,Speyside,1,['05000299612521'],False,,0.375,[],GLENLIVET - FOUNDER'S RESERVE,,United Kingdom,False,Scotland,2,2,,,False,139.0, FOUNDER'S RESERVE,0.4,,False,[],SR,,GLENLIVET ,GB,,Single Malt Scotch Whisky,Whisky / Whiskey,False,False,0,39.49,,,,,glenlivet - founders reserve,,,,Spirits,[],True,,,1004,1024,1289,703.5,74083.24,0.15000000000000002,263.26666666666665,0.702020202020202
611,bcls,product,168992,0.35400322,GLENLIVET - FOUNDER'S RESERVE SCOTCH WHISKY,,,Whisky,,[],,143.99,,,,,,,[],,,168992,,[],,504,2024-03-11 19:10:01,Speyside,1,['05000299612927'],False,,1.75,[],GLENLIVET - FOUNDER'S RESERVE SCOTCH WHISKY,,United Kingdom,False,Scotland,2,2,,,False,64.0, FOUNDER'S RESERVE SCOTCH WHISKY,0.4,,False,[],SR,,GLENLIVET ,GB,,Single Malt Scotch Whisky,Whisky / Whiskey,False,False,0,143.99,,,,,glenlivet - founders reserve scotch whisky,,,,Spirits,[],True,,,1004,1024,1289,882.0,72570.96,0.7000000000000001,205.7,0.32323232323232326
612,bcls,product,223236,0.35400322,GLENLIVET PRIVATE COLLECTION 1954 - GORDON AND MACPHAIL,,,Whisky,,[],,22999.0,,,,,,,['BCL Select'],,,223236,,[],,1,2024-03-11 19:10:01,Speyside,1,['05020613068087'],False,,0.7,[],GLENLIVET PRIVATE COLLECTION 1954 - GORDON AND MACPHAIL,,United Kingdom,False,Scotland,3,3,,,False,1.0, GORDON AND MACPHAIL,0.41,,True,['BCL Select'],C,,GLENLIVET PRIVATE COLLECTION 1954 ,GB,,Single Malt Scotch Whisky,Whisky / Whiskey,False,False,1,22999.0,,,,,glenlivet private collection 1954 - gordon and macphail,,,,Spirits,"[{'id': 'empty-placeholder', 'label': '&nbsp;', 'labelLengthWithoutTags': 1}, {'id': 'exclusive', 'label': 'ONLY@BCL', 'labelLengthWithoutTags': 8}]",True,,,1004,1024,1289,0.7,22999.0,0.287,80135.88850174217,0.005050505050505051
613,bcls,product,35923,0.35400322,GLENLIVET RARE VINTAGE 1946 - GORDON AND MACPHAIL,,,Whisky,,[],,10250.0,,,,,,,['BCL Select'],,,35923,,[],,1,2024-03-11 19:10:01,Speyside,1,[],False,,0.7,[],GLENLIVET RARE VINTAGE 1946 - GORDON AND MACPHAIL,,United Kingdom,False,Scotland,3,3,,,False,1.0, GORDON AND MACPHAIL,0.4,,True,['BCL Select'],C,,GLENLIVET RARE VINTAGE 1946 ,GB,,Single Malt Scotch Whisky,Whisky / Whiskey,False,False,1,10250.0,,,,,glenlivet rare vintage 1946 - gordon and macphail,,,,Spirits,"[{'id': 'empty-placeholder', 'label': '&nbsp;', 'labelLengthWithoutTags': 1}, {'id': 'exclusive', 'label': 'ONLY@BCL', 'labelLengthWithoutTags': 8}]",True,,,1004,1024,1289,0.7,10250.0,0.27999999999999997,36607.14285714286,0.005050505050505051
614,bcls,product,94052,0.3639408,GLENMORANGIE - 10 YEAR OLD THE ORIGINAL,,,Whisky,,[],,74.99,,,,,,,[],,,94052,,[],,1812,2024-03-11 19:10:01,Highland,1,"['05010494921915', '05010494451016', '00081753820695', '05010494560183', '05010494450200', '05010494962949']",False,,0.75,[],GLENMORANGIE - 10 YEAR OLD THE ORIGINAL,,United Kingdom,False,Scotland,2,2,,,False,192.0, 10 YEAR OLD THE ORIGINAL,0.4,,False,[],G,,GLENMORANGIE ,GB,,Single Malt Scotch Whisky,Whisky / Whiskey,False,False,0,74.99,,,,,glenmorangie - 10 year old the original,,,,Spirits,[],True,,,1004,1024,1289,1359.0,135881.88,0.30000000000000004,249.9666666666666,0.9696969696969697
615,bcls,product,848754,0.35400322,GLENMORANGIE - 12 YEAR OLD LASANTA SHERRY CASK FINISH,,,Whisky,,[],,96.99,,,,,,,[],,,848754,,[],,725,2024-03-11 19:10:01,Highland,1,"['05010494963335', '00081753810863', '05010494917949']",False,,0.75,[],GLENMORANGIE - 12 YEAR OLD LASANTA SHERRY CASK FINISH,,United Kingdom,False,Scotland,2,2,,,False,88.0, 12 YEAR OLD LASANTA SHERRY CASK FINISH,0.43,,False,[],SR,,GLENMORANGIE ,GB,,Single Malt Scotch Whisky,Whisky / Whiskey,False,False,0,96.99,,,,,glenmorangie - 12 year old lasanta sherry cask finish,,,,Spirits,[],True,,,1004,1024,1289,543.75,70317.75,0.3225,300.74418604651163,0.4444444444444444
616,bcls,product,410972,0.3639408,GLENMORANGIE - 12 YEAR OLD PALO CORTADO,,,Whisky,,[],,99.99,,,,,,,['BCL Select'],,,410972,,[],,3,2024-03-11 19:10:01,Highland,1,['05010494979862'],False,,0.75,[],GLENMORANGIE - 12 YEAR OLD PALO CORTADO,,United Kingdom,False,Scotland,3,3,,,False,1.0, 12 YEAR OLD PALO CORTADO,0.46,,True,['BCL Select'],C,,GLENMORANGIE ,GB,,Single Malt Scotch Whisky,Whisky / Whiskey,False,False,1,99.99,,,,,glenmorangie - 12 year old palo cortado,,,,Spirits,"[{'id': 'empty-placeholder', 'label': '&nbsp;', 'labelLengthWithoutTags': 1}, {'id': 'exclusive', 'label': 'ONLY@BCL', 'labelLengthWithoutTags': 8}]",True,,,1004,1024,1289,2.25,299.96999999999997,0.34500000000000003,289.8260869565217,0.005050505050505051
617,bcls,product,99449,0.35400322,GLENMORANGIE - 14 YEAR OLD QUINTA RUBAN,,,Whisky,,[],,106.99,,,,,,,[],,,99449,,[],,721,2024-03-11 19:10:01,Highland,1,"['05010494963588', '05010494951820']",False,,0.75,[],GLENMORANGIE - 14 YEAR OLD QUINTA RUBAN,,United Kingdom,False,Scotland,2,2,,,False,92.0, 14 YEAR OLD QUINTA RUBAN,0.46,,False,[],SR,,GLENMORANGIE ,GB,,Single Malt Scotch Whisky,Whisky / Whiskey,False,False,0,106.99,,,,,glenmorangie - 14 year old quinta ruban,,,,Spirits,[],True,,,1004,1024,1289,540.75,77139.79,0.34500000000000003,310.11594202898544,0.46464646464646464
618,bcls,product,57698,0.35400322,GLENMORANGIE - 15 YEAR OLD THE CADBOLL ESTATE,,,Whisky,,[],,144.99,,,,,,,['BCL Select'],,,57698,,[],,3,2024-03-11 19:10:01,Islay,1,"['05010494960549', '05010494983210', '05010494971644', '05010494971705']",False,,0.75,[],GLENMORANGIE - 15 YEAR OLD THE CADBOLL ESTATE,,United Kingdom,False,Scotland,3,3,,,False,2.0, 15 YEAR OLD THE CADBOLL ESTATE,0.43,,True,['BCL Select'],C,,GLENMORANGIE ,GB,,Single Malt Scotch Whisky,Whisky / Whiskey,False,False,0,144.99,,,,,glenmorangie - 15 year old the cadboll estate,,,,Spirits,"[{'id': 'empty-placeholder', 'label': '&nbsp;', 'labelLengthWithoutTags': 1}, {'id': 'exclusive', 'label': 'ONLY@BCL', 'labelLengthWithoutTags': 8}]",True,,,1004,1024,1289,2.25,434.97,0.3225,449.58139534883725,0.010101010101010102
619,bcls,product,285734,0.35400322,GLENMORANGIE - 18 YEAR OLD,,,Whisky,,[],,249.99,,,,,,,[],,,285734,,[],,44,2024-03-11 19:10:01,Highland,1,"['05010494564839', '05010494470208']",False,,0.75,[],GLENMORANGIE - 18 YEAR OLD,,United Kingdom,False,Scotland,2,2,,,False,8.0, 18 YEAR OLD,0.43,,False,[],SR,,GLENMORANGIE ,GB,,Single Malt Scotch Whisky,Whisky / Whiskey,False,False,0,249.99,,,,,glenmorangie - 18 year old,,,,Spirits,[],True,,,1004,1024,1289,33.0,10999.560000000001,0.3225,775.1627906976744,0.04040404040404041
620,bcls,product,340006,0.3639408,GLENMORANGIE - A TALE OF TOKYO,,,Whisky,,[],,125.99,,,,,,,['BCL Select'],,,340006,,[],,15,2024-03-11 19:10:01,Highland,1,['05010494985504'],False,,0.75,[],GLENMORANGIE - A TALE OF TOKYO,,United Kingdom,False,Scotland,3,3,,,False,3.0, A TALE OF TOKYO,0.46,,True,['BCL Select'],C,,GLENMORANGIE ,GB,,Single Malt Scotch Whisky,Whisky / Whiskey,False,False,0,125.99,,,,,glenmorangie - a tale of tokyo,,,,Spirits,"[{'id': 'empty-placeholder', 'label': '&nbsp;', 'labelLengthWithoutTags': 1}, {'id': 'exclusive', 'label': 'ONLY@BCL', 'labelLengthWithoutTags': 8}]",True,,,1004,1024,1289,11.25,1889.85,0.34500000000000003,365.1884057971014,0.015151515151515152
621,bcls,product,420925,0.3639408,GLENMORANGIE - GRAND VINTAGE 1998,,,Whisky,,[],,1400.0,,,,,,,['BCL Select'],,,420925,,[],,3,2024-03-11 19:10:01,Highland,1,['05010494977097'],False,,0.75,[],GLENMORANGIE - GRAND VINTAGE 1998,,United Kingdom,False,Scotland,3,3,,,False,3.0, GRAND VINTAGE 1998,0.43,,True,['BCL Select'],C,,GLENMORANGIE ,GB,,Single Malt Scotch Whisky,Whisky / Whiskey,False,False,0,1400.0,,,,,glenmorangie - grand vintage 1998,,,,Spirits,"[{'id': 'empty-placeholder', 'label': '&nbsp;', 'labelLengthWithoutTags': 1}, {'id': 'exclusive', 'label': 'ONLY@BCL', 'labelLengthWithoutTags': 8}]",True,,,1004,1024,1289,2.25,4200.0,0.3225,4341.085271317829,0.015151515151515152
622,bcls,product,169581,0.35400322,GLENMORANGIE - NECTAR D'OR SAUTERNES CASK FINISH,,,Whisky,,[],,119.99,,,,,,,[],,,169581,,[],,684,2024-03-11 19:10:01,Highland,1,"['05010494904468', '00081753810887', '05010494951844', '03185370662076', '05010494563184']",False,,0.75,[],GLENMORANGIE - NECTAR D'OR SAUTERNES CASK FINISH,,United Kingdom,False,Scotland,2,2,,,False,113.0, NECTAR D'OR SAUTERNES CASK FINISH,0.46,,False,[],SR,,GLENMORANGIE ,GB,,Single Malt Scotch Whisky,Whisky / Whiskey,False,False,0,119.99,,,,,glenmorangie - nectar dor sauternes cask finish,,,,Spirits,[],True,,,1004,1024,1289,513.0,82073.16,0.34500000000000003,347.7971014492753,0.5707070707070707
623,bcls,product,502914,0.35400322,GLENMORANGIE - SIGNET,,,Whisky,,[],,334.99,,,,,,,[],,,502914,,[],,141,2024-03-11 19:10:01,Other Scotch Regions,1,"['00081753814052', '05010494574838']",False,,0.75,[],GLENMORANGIE - SIGNET,,United Kingdom,False,Scotland,2,2,,,False,24.0, SIGNET,0.46,,False,[],SH,,GLENMORANGIE ,GB,,Single Malt Scotch Whisky,Whisky / Whiskey,False,False,0,334.99,,,,,glenmorangie - signet,,,,Spirits,[],True,,,1004,1024,1289,105.75,47233.590000000004,0.34500000000000003,970.9855072463768,0.12121212121212122
624,bcls,product,110282,0.3639408,GLENMORANGIE - X,,,Whisky,,[],,62.99,,,,,,,['BCL Select'],,,110282,,[],,584,2024-03-11 19:10:01,Highland,1,['05010494970401'],False,,0.75,[],GLENMORANGIE - X,,United Kingdom,False,Scotland,3,3,,,False,80.0, X,0.4,,True,['BCL Select'],C,,GLENMORANGIE ,GB,,Single Malt Scotch Whisky,Whisky / Whiskey,False,False,0,62.99,,,,,glenmorangie - x,,,,Spirits,"[{'id': 'empty-placeholder', 'label': '&nbsp;', 'labelLengthWithoutTags': 1}, {'id': 'exclusive', 'label': 'ONLY@BCL', 'labelLengthWithoutTags': 8}]",True,,,1004,1024,1289,438.0,36786.16,0.30000000000000004,209.96666666666664,0.40404040404040403
625,bcls,product,168586,0.3639408,GLENROTHES - 12 YEAR OLD,,,Whisky,,[],True,79.99,,,2024-03-03T00:00:00.000-08:00,,,2024-03-03T00:00:00.000-08:00,"['BCL Select', 'On Sale']",2024-03-31T00:00:00.000-07:00,,168586,True,[],,560,2024-03-11 19:10:01,Speyside,1,['00812066022625'],False,,0.75,[],GLENROTHES - 12 YEAR OLD,,United Kingdom,False,Scotland,2,2,,,False,69.0, 12 YEAR OLD,0.4,,True,"['BCL Select', 'On Sale']",C,,GLENROTHES ,GB,,Single Malt Scotch Whisky,Whisky / Whiskey,False,False,0,72.99,,,,,glenrothes - 12 year old,,2024-03-31T00:00:00.000-07:00,,Spirits,"[{'id': 'empty-placeholder', 'label': '&nbsp;', 'labelLengthWithoutTags': 1}, {'id': 'exclusive', 'label': 'ONLY@BCL', 'labelLengthWithoutTags': 8}]",True,,,1004,1024,1289,420.0,44794.399999999994,0.30000000000000004,266.63333333333327,0.3484848484848485
626,bcls,product,201649,0.3639408,GLENROTHES - 18 YEAR OLD,,,Whisky,,[],,319.99,,,,,,,['BCL Select'],,,201649,,[],,255,2024-03-11 19:10:01,Speyside,1,['00812066022649'],False,,0.75,[],GLENROTHES - 18 YEAR OLD,,United Kingdom,False,Scotland,3,3,,,False,46.0, 18 YEAR OLD,0.43,,True,['BCL Select'],C,,GLENROTHES ,GB,,Single Malt Scotch Whisky,Whisky / Whiskey,False,False,0,319.99,,,,,glenrothes - 18 year old,,,,Spirits,"[{'id': 'empty-placeholder', 'label': '&nbsp;', 'labelLengthWithoutTags': 1}, {'id': 'exclusive', 'label': 'ONLY@BCL', 'labelLengthWithoutTags': 8}]",True,,,1004,1024,1289,191.25,81597.45,0.3225,992.2170542635658,0.23232323232323232
627,bcls,product,176027,0.3639408,GLENROTHES - 25 YEAR OLD,,,Whisky,,[],,1500.0,,,,,,,['BCL Select'],,,176027,,[],,36,2024-03-11 19:10:01,Speyside,1,['00812066022656'],False,,0.75,[],GLENROTHES - 25 YEAR OLD,,United Kingdom,False,Scotland,3,3,,,False,6.0, 25 YEAR OLD,0.43,,True,['BCL Select'],C,,GLENROTHES ,GB,,Single Malt Scotch Whisky,Whisky / Whiskey,False,False,0,1500.0,,,,,glenrothes - 25 year old,,,,Spirits,"[{'id': 'empty-placeholder', 'label': '&nbsp;', 'labelLengthWithoutTags': 1}, {'id': 'exclusive', 'label': 'ONLY@BCL', 'labelLengthWithoutTags': 8}]",True,,,1004,1024,1289,27.0,54000.0,0.3225,4651.162790697675,0.030303030303030304
628,bcls,product,965533,0.35400322,GLENROTHES - BOURBON CASK RESERVE,,,Whisky,,[],True,69.99,,,2024-03-03T00:00:00.000-08:00,,,2024-03-03T00:00:00.000-08:00,['On Sale'],2024-03-31T00:00:00.000-07:00,,965533,True,[],,431,2024-03-11 19:10:01,Speyside,1,['00087229176020'],False,,0.75,[],GLENROTHES - BOURBON CASK RESERVE,,United Kingdom,False,Scotland,2,2,,,False,61.0, BOURBON CASK RESERVE,0.4,,False,['On Sale'],SH,,GLENROTHES ,GB,,Single Malt Scotch Whisky,Whisky / Whiskey,False,False,0,64.99,,,,,glenrothes - bourbon cask reserve,,2024-03-31T00:00:00.000-07:00,,Spirits,[],True,,,1004,1024,1289,323.25,30165.69,0.30000000000000004,233.29999999999995,0.30808080808080807
629,bcls,product,48929,0.3639408,GOLDSTREAM - WHISKY,,,Whisky,,[],,45.49,,,,,,,[],,,48929,,[],,384,2024-03-11 19:10:01,,1,['00626990354703'],False,,0.75,[],GOLDSTREAM - WHISKY,,Canada,False,,2,2,,,False,40.0, WHISKY,0.4,,False,[],SH,,GOLDSTREAM ,CA,,Canadian Whisky,Whisky / Whiskey,False,False,0,45.49,,,,,goldstream - whisky,,,,Spirits,[],True,,,1004,1024,1285,288.0,17468.16,0.30000000000000004,151.63333333333333,0.20202020202020202
630,bcls,product,211477,0.3639408,GOLDSTREAM VODKA,,,Vodka,,[],,30.99,,,,,,,[],,,211477,,[],,699,2024-03-11 19:10:01,,1,['00626990354642'],False,,0.75,[],GOLDSTREAM VODKA,,Canada,False,,2,2,,,False,67.0,GOLDSTREAM VODKA,0.4,,False,[],SH,,,CA,,Straight Vodka,Vodka,False,False,0,30.99,,,,,goldstream vodka,,,,Spirits,[],True,,,1004,1023,1281,524.25,21662.01,0.30000000000000004,103.29999999999998,0.3383838383838384
631,bcls,product,62872,0.35400322,GOLF LIQUOR,,,Asian Spirits,,[],True,299.99,,,2024-03-03T00:00:00.000-08:00,,,2024-03-03T00:00:00.000-08:00,['On Sale'],2024-03-31T00:00:00.000-07:00,,62872,True,[],,1405,2024-03-11 19:10:01,,1,['06902952890019'],False,,0.5,[],GOLF LIQUOR,,China,False,,2,2,,,False,35.0,GOLF LIQUOR,0.53,,False,['On Sale'],SR,,,CN,,China Spirits,Other Spirits,False,False,0,254.97,,,,,golf liquor,,2024-03-31T00:00:00.000-07:00,,Spirits,[],True,,,1004,1016,1064,702.5,421485.95,0.265,1132.0377358490566,0.17676767676767677
632,bcls,product,158226,0.3639408,GOODERHAM AND WORTS 49 WELLINGTON - CANADIAN WHISKY,,,Whisky,,[],,89.99,,,,,,,[],,,158226,,[],,28,2024-03-11 19:10:01,,1,['00048415540858'],False,,0.75,[],GOODERHAM AND WORTS 49 WELLINGTON - CANADIAN WHISKY,,Canada,False,,3,3,,,False,7.0, CANADIAN WHISKY,0.49,,False,[],SM,,GOODERHAM AND WORTS 49 WELLINGTON ,CA,,Canadian Whisky,Whisky / Whiskey,False,False,1,89.99,,,,,gooderham and worts 49 wellington - canadian whisky,,,,Spirits,[],True,,,1004,1024,1285,21.0,2519.72,0.3675,244.87074829931973,0.03535353535353535
633,bcls,product,436207,0.35400322,GORDON AND MACPHAIL - BENROMACH 40 YEAR OLD CASK STRENGTH,,,Whisky,,[],,3100.0,,,,,,,['BCL Select'],,,436207,,[],,1,2024-03-11 19:10:01,Speyside,1,['00747020924311'],False,,0.7,[],GORDON AND MACPHAIL - BENROMACH 40 YEAR OLD CASK STRENGTH,,United Kingdom,False,Scotland,3,3,,,False,1.0, BENROMACH 40 YEAR OLD CASK STRENGTH,0.5710000000000001,,True,['BCL Select'],C,,GORDON AND MACPHAIL ,GB,,Single Malt Scotch Whisky,Whisky / Whiskey,False,False,0,3100.0,,,,,gordon and macphail - benromach 40 year old cask strength,,,,Spirits,"[{'id': 'empty-placeholder', 'label': '&nbsp;', 'labelLengthWithoutTags': 1}, {'id': 'exclusive', 'label': 'ONLY@BCL', 'labelLengthWithoutTags': 8}]",True,,,1004,1024,1289,0.7,3100.0,0.3997,7755.816862646985,0.005050505050505051
634,bcls,product,98792,0.3639408,GORDON AND MACPHAIL - BENROMACH LIMITED EDITION 50YO,,,Whisky,,[],,17000.0,,,,,,,['BCL Select'],,,98792,,[],,1,2024-03-11 19:10:01,Speyside,1,['05020613073869'],False,,0.7,[],GORDON AND MACPHAIL - BENROMACH LIMITED EDITION 50YO,,United Kingdom,False,Scotland,3,3,,,False,1.0, BENROMACH LIMITED EDITION 50YO,0.446,,True,['BCL Select'],C,,GORDON AND MACPHAIL ,GB,,Single Malt Scotch Whisky,Whisky / Whiskey,False,False,0,17000.0,,,,,gordon and macphail - benromach limited edition 50yo,,,,Spirits,"[{'id': 'empty-placeholder', 'label': '&nbsp;', 'labelLengthWithoutTags': 1}, {'id': 'exclusive', 'label': 'ONLY@BCL', 'labelLengthWithoutTags': 8}]",True,,,1004,1024,1289,0.7,17000.0,0.3122,54452.27418321589,0.005050505050505051
635,bcls,product,194305,0.35400322,GORDON'S - PREMIUM PINK,,,Gin,,[],,24.99,,,,,,,[],,,194305,,[],,2068,2024-03-11 19:10:01,,1,['00082000790600'],False,,0.75,[],GORDON'S - PREMIUM PINK,,Canada,False,,2,2,,,False,196.0, PREMIUM PINK,0.375,,False,[],SR,,GORDON'S ,CA,,Flavoured Gin,Gin,False,False,0,24.99,,,,,gordons - premium pink,,,,Spirits,[],True,,,1004,1017,1167,1551.0,51679.32,0.28125,88.85333333333332,0.98989898989899
636,bcls,product,425567,0.35400322,GORDON'S - SUNSET ORANGE,,,Gin,,[],,25.49,,,,,,,[],,,425567,,[],,475,2024-03-11 19:10:01,,1,['00082000801955'],False,,0.75,[],GORDON'S - SUNSET ORANGE,,Canada,False,,3,3,,,False,56.0, SUNSET ORANGE,0.375,,False,[],SH,,GORDON'S ,CA,,Flavoured Gin,Gin,False,False,0,25.49,,,,,gordons - sunset orange,,,,Spirits,[],True,,,1004,1017,1167,356.25,12107.75,0.28125,90.63111111111111,0.2828282828282828
637,bcls,product,3913,0.35400322,GORDONS - LONDON DRY,,,Gin,,[],,14.99,,,,,,,[],,,3913,,[],,3004,2024-03-11 19:10:01,,1,['00622153139026'],False,,0.375,[],GORDONS - LONDON DRY,,Canada,False,,2,2,,,False,144.0, LONDON DRY,0.4,,False,[],G,,GORDONS ,CA,,Dry Gin,Gin,False,False,0,14.99,,,,,gordons - london dry,,,,Spirits,[],True,,,1004,1017,1168,1126.5,45029.96,0.15000000000000002,99.93333333333332,0.7272727272727273
638,bcls,product,111021,0.35400322,GORDONS - LONDON DRY,,,Gin,,[],,55.99,,,,,,,[],,,111021,,[],,1511,2024-03-11 19:10:01,,1,['00622153139071'],False,,1.75,[],GORDONS - LONDON DRY,,Canada,False,,2,2,,,False,194.0, LONDON DRY,0.4,,False,[],G,,GORDONS ,CA,,Dry Gin,Gin,False,False,0,55.99,,,,,gordons - london dry,,,,Spirits,[],True,,,1004,1017,1168,2644.25,84600.89,0.7000000000000001,79.98571428571428,0.9797979797979798
639,bcls,product,802,0.3639408,GORDONS - LONDON DRY,,,Gin,,[],,35.99,,,,,,,[],,,802,,[],,2455,2024-03-11 19:10:01,,1,['00622153139064'],False,,1.14,[],GORDONS - LONDON DRY,,Canada,False,,2,2,,,False,174.0, LONDON DRY,0.4,,False,[],G,,GORDONS ,CA,,Dry Gin,Gin,False,False,0,35.99,,,,,gordons - london dry,,,,Spirits,[],True,,,1004,1017,1168,2798.7,88355.45000000001,0.45599999999999996,78.92543859649123,0.8787878787878788
640,bcls,product,1040,0.3639408,GORDONS - LONDON DRY,,,Gin,,[],,24.99,,,,,,,[],,,1040,,[],,2400,2024-03-11 19:10:01,,1,['00622153139040'],False,,0.75,[],GORDONS - LONDON DRY,,Canada,False,,2,2,,,False,198.0, LONDON DRY,0.4,,False,[],G,,GORDONS ,CA,,Dry Gin,Gin,False,False,0,24.99,,,,,gordons - london dry,,,,Spirits,[],True,,,1004,1017,1168,1800.0,59975.99999999999,0.30000000000000004,83.29999999999998,1.0
641,bcls,product,367672,0.3639408,GOSLING'S - BLACK SEAL,,,Rum,,[],,33.99,,,,,,,[],,,367672,,[],,2109,2024-03-11 19:10:01,,1,"['00721094199059', '00721094199028']",False,,0.75,[],GOSLING'S - BLACK SEAL,,Canada,False,,2,2,,,False,169.0, BLACK SEAL,0.4,,False,[],SR,,GOSLING'S ,CA,,Dark Rum,Rum,False,False,0,33.99,,,,,goslings - black seal,,,,Spirits,[],True,,,1004,1021,1253,1581.75,71684.91,0.30000000000000004,113.29999999999998,0.8535353535353535
642,bcls,product,78002,0.3639408,GRAN CENTENARIO ANEJO,,,Tequila,,[],,55.99,,,,,,,[],,,78002,,[],,631,2024-03-11 19:10:01,,1,['00811538014038'],False,,0.75,[],GRAN CENTENARIO ANEJO,,Mexico,False,,2,2,,,False,95.0,GRAN CENTENARIO ANEJO,0.4,,False,[],SR,,,MX,,Gold Tequila,Tequila,False,False,0,55.99,,,,,gran centenario anejo,,,,Spirits,[],True,,,1004,1022,1272,473.25,35329.69,0.30000000000000004,186.63333333333333,0.4797979797979798
643,bcls,product,77999,0.3639408,GRAN CENTENARIO PLATA,,,Tequila,,[],True,42.99,,,2024-03-03T00:00:00.000-08:00,,,2024-03-03T00:00:00.000-08:00,['On Sale'],2024-03-31T00:00:00.000-07:00,,77999,True,[],,2058,2024-03-11 19:10:01,,1,['00811538014137'],False,,0.75,[],GRAN CENTENARIO PLATA,,Mexico,False,,2,2,,,False,126.0,GRAN CENTENARIO PLATA,0.4,,False,['On Sale'],SR,,,MX,,Blanco/Silver Tequila,Tequila,False,False,0,39.99,,,,,gran centenario plata,,2024-03-31T00:00:00.000-07:00,,Spirits,[],True,,,1004,1022,1270,1543.5,88473.42,0.30000000000000004,143.29999999999998,0.6363636363636364
644,bcls,product,388400,0.3639408,GRAN CORAMINO - CRISTALINO,,,Tequila,,[],,79.99,,,,,,,[],,,388400,,[],,89,2024-03-11 19:10:01,,1,['00818844022849'],False,,0.75,[],GRAN CORAMINO - CRISTALINO,,Mexico,False,,2,2,,,False,23.0, CRISTALINO,0.4,,False,[],SM,,GRAN CORAMINO ,MX,,Blanco/Silver Tequila,Tequila,False,False,0,79.99,,,,,gran coramino - cristalino,,,,Spirits,[],True,,,1004,1022,1270,66.75,7119.11,0.30000000000000004,266.63333333333327,0.11616161616161616
645,bcls,product,12195,0.35400322,GRAND MARNIER - CORDON ROUGE,,,Liqueurs,,[],True,26.49,,,2024-03-03T00:00:00.000-08:00,,,2024-03-03T00:00:00.000-08:00,['On Sale'],2024-03-31T00:00:00.000-07:00,,12195,True,[],,3214,2024-03-11 19:10:01,,1,['03018300003284'],False,,0.375,[],GRAND MARNIER - CORDON ROUGE,,France,False,,2,2,,,False,197.0, CORDON ROUGE,0.4,,False,['On Sale'],SR,,GRAND MARNIER ,FR,,Fruit Liqueurs,Liqueurs,False,False,0,24.49,,,,,grand marnier - cordon rouge,,2024-03-31T00:00:00.000-07:00,,Spirits,[],True,,,1004,1019,1211,1205.25,85138.86,0.15000000000000002,176.59999999999997,0.9949494949494949
646,bcls,product,228031,0.35400322,GRAND MARNIER - CORDON ROUGE,,,Liqueurs,,[],,15.79,,,,,,,[],,,228031,,[],,4700,2024-03-11 19:10:01,,1,['03018300000580'],False,,0.2,[],GRAND MARNIER - CORDON ROUGE,,France,False,,2,2,,,False,192.0, CORDON ROUGE,0.4,,False,[],SR,,GRAND MARNIER ,FR,,Fruit Liqueurs,Liqueurs,False,False,0,15.79,,,,,grand marnier - cordon rouge,,,,Spirits,[],True,,,1004,1019,1211,940.0,74213.0,0.08000000000000002,197.37499999999994,0.9696969696969697
647,bcls,product,1784,0.3639408,GRAND MARNIER - CORDON ROUGE,,,Liqueurs,,[],,48.49,,,,,,,[],,,1784,,[],,6093,2024-03-11 19:10:01,,1,"['03018300012477', '03018300000191']",False,,0.75,[],GRAND MARNIER - CORDON ROUGE,,France,False,,2,2,,,False,197.0, CORDON ROUGE,0.4,,False,[],G,,GRAND MARNIER ,FR,,Fruit Liqueurs,Liqueurs,False,True,0,48.49,,,,,grand marnier - cordon rouge,,,,Spirits,[],True,,,1004,1019,1211,4569.75,295449.57,0.30000000000000004,161.63333333333333,0.9949494949494949
648,bcls,product,292714,0.3639408,GRAND MARNIER - CORDON ROUGE,,,Liqueurs,,[],,69.99,,,,,,,[],,,292714,,[],,1776,2024-03-11 19:10:01,,1,"['03018300014488', '03018300007589']",False,,1.14,[],GRAND MARNIER - CORDON ROUGE,,France,False,,2,2,,,False,192.0, CORDON ROUGE,0.4,,False,[],G,,GRAND MARNIER ,FR,,Fruit Liqueurs,Liqueurs,False,False,0,69.99,,,,,grand marnier - cordon rouge,,,,Spirits,[],True,,,1004,1019,1211,2024.6399999999999,124302.23999999999,0.45599999999999996,153.48684210526315,0.9696969696969697
649,bcls,product,108704,0.35400322,GRAND MARNIER - CUVEE DE CENTENAIRE,,,Liqueurs,,[],,139.99,,,,,,,[],,,108704,,[],,129,2024-03-11 19:10:01,,1,"['03018300019711', '03018300002096']",False,,0.75,[],GRAND MARNIER - CUVEE DE CENTENAIRE,,France,False,,2,2,,,False,18.0, CUVEE DE CENTENAIRE,0.4,,False,[],ST,,GRAND MARNIER ,FR,,Fruit Liqueurs,Liqueurs,False,True,0,139.99,,,,,grand marnier - cuvee de centenaire,,,,Spirits,[],True,,,1004,1019,1211,96.75,18058.710000000003,0.30000000000000004,466.63333333333327,0.09090909090909091
650,bcls,product,525261,0.3639408,GRAND MARNIER - CUVEE LOUIS ALEXANDRE,,,Liqueurs,,[],,94.99,,,,,,,[],,,525261,,[],,349,2024-03-11 19:10:01,,1,"['03018300009705', '03018300020618']",False,,0.75,[],GRAND MARNIER - CUVEE LOUIS ALEXANDRE,,France,False,,2,2,,,False,42.0, CUVEE LOUIS ALEXANDRE,0.4,,False,[],ST,,GRAND MARNIER ,FR,,Fruit Liqueurs,Liqueurs,False,True,0,94.99,,,,,grand marnier - cuvee louis alexandre,,,,Spirits,[],True,,,1004,1019,1211,261.75,33151.509999999995,0.30000000000000004,316.63333333333327,0.21212121212121213
651,bcls,product,437415,0.3639408,GRAND MARNIER - CUVEE REVELATION,,,Liqueurs,,[],,625.0,,,,,,,[],,,437415,,[],,20,2024-03-11 19:10:01,,1,['03018300020939'],False,,0.75,[],GRAND MARNIER - CUVEE REVELATION,,France,False,,2,2,,,False,5.0, CUVEE REVELATION,0.4,,False,[],SM,,GRAND MARNIER ,FR,,Fruit Liqueurs,Liqueurs,False,True,0,625.0,,,,,grand marnier - cuvee revelation,,,,Spirits,[],True,,,1004,1019,1211,15.0,12500.0,0.30000000000000004,2083.333333333333,0.025252525252525252
652,bcls,product,480960,0.3639408,GRAND MARNIER - GIFT PACK,,,Liqueurs,,[],,46.99,,,,,,,[],,,480960,,[],,5,2024-03-11 19:10:01,,1,['03018300020960'],False,,0.75,[],GRAND MARNIER - GIFT PACK,,France,False,,3,3,,,False,3.0, GIFT PACK,0.4,,False,[],SM,,GRAND MARNIER ,FR,,Fruit Liqueurs,Liqueurs,False,False,1,46.99,,,,,grand marnier - gift pack,,,,Spirits,[],True,,,1004,1019,1211,3.75,234.95000000000002,0.30000000000000004,156.63333333333333,0.015151515151515152
653,bcls,product,376299,0.3639408,GRAND MARNIER - QUINTESSENCE IN BACCARAT CARAFE,,,Liqueurs,,[],,5600.0,,,,,,,[],,,376299,,[],,1,2024-03-11 19:10:01,,1,['03018300020830'],False,,0.75,[],GRAND MARNIER - QUINTESSENCE IN BACCARAT CARAFE,,France,False,,3,3,,,False,1.0, QUINTESSENCE IN BACCARAT CARAFE,0.4,,False,[],SM,,GRAND MARNIER ,FR,,Fruit Liqueurs,Liqueurs,False,False,0,5600.0,,,,,grand marnier - quintessence in baccarat carafe,,,,Spirits,[],True,,,1004,1019,1211,0.75,5600.0,0.30000000000000004,18666.666666666664,0.005050505050505051
654,bcls,product,64824,0.35400322,GRAND MAYAN - ULTRA AGED,,,Tequila,,[],,170.99,,,,,,,[],,,64824,,[],,494,2024-03-11 19:10:01,,1,"['00793573863713', '00081240059317']",False,,0.75,[],GRAND MAYAN - ULTRA AGED,,Mexico,False,,2,2,,,False,91.0, ULTRA AGED,0.4,,False,[],SR,,GRAND MAYAN ,MX,,Gold Tequila,Tequila,False,False,0,170.99,,,,,grand mayan - ultra aged,,,,Spirits,[],True,,,1004,1022,1272,370.5,84469.06,0.30000000000000004,569.9666666666666,0.4595959595959596
655,bcls,product,112370,0.35400322,GRANT'S - SHERRY CASK 8 YO,,,Whisky,,[],,45.99,,,,,,,[],,,112370,,[],,115,2024-03-11 19:10:01,,1,['05010327154510'],False,,0.75,[],GRANT'S - SHERRY CASK 8 YO,,United Kingdom,False,,3,3,,,False,15.0, SHERRY CASK 8 YO,0.4,,False,[],SR,,GRANT'S ,GB,,Blended Scotch Whisky,Whisky / Whiskey,False,False,0,45.99,,,,,grants - sherry cask 8 yo,,,,Spirits,[],True,,,1004,1024,1283,86.25,5288.85,0.30000000000000004,153.29999999999998,0.07575757575757576
656,bcls,product,129031,0.35400322,GRANT'S - TRIPLE WOOD,,,Whisky,,[],,41.49,,,,,,,[],,,129031,,[],,1620,2024-03-11 19:10:01,,1,['05010327000305'],False,,1.14,[],GRANT'S - TRIPLE WOOD,,United Kingdom,False,,2,2,,,False,191.0, TRIPLE WOOD,0.4,,False,[],G,,GRANT'S ,GB,,Blended Scotch Whisky,Whisky / Whiskey,False,False,0,41.49,,,,,grants - triple wood,,,,Spirits,[],True,,,1004,1024,1283,1846.8,67213.8,0.45599999999999996,90.98684210526316,0.9646464646464646
657,bcls,product,31112,0.3639408,GRANT'S - TRIPLE WOOD,,,Whisky,,[],,28.99,,,,,,,[],,,31112,,[],,2416,2024-03-11 19:10:01,,1,['05010327000060'],False,,0.75,[],GRANT'S - TRIPLE WOOD,,United Kingdom,False,,2,2,,,False,195.0, TRIPLE WOOD,0.4,,False,[],SR,,GRANT'S ,GB,,Blended Scotch Whisky,Whisky / Whiskey,False,False,0,28.99,,,,,grants - triple wood,,,,Spirits,[],True,,,1004,1024,1283,1812.0,70039.84,0.30000000000000004,96.63333333333331,0.9848484848484849
658,bcls,product,247056,0.3639408,GRANT'S - TRIPLE WOOD,,,Whisky,,[],,59.99,,,,,,,[],,,247056,,[],,1140,2024-03-11 19:10:01,,1,"['05010327000312', '00083664100507']",False,,1.75,[],GRANT'S - TRIPLE WOOD,,United Kingdom,False,,2,2,,,False,163.0, TRIPLE WOOD,0.4,,False,[],G,,GRANT'S ,GB,,Blended Scotch Whisky,Whisky / Whiskey,False,False,0,59.99,,,,,grants - triple wood,,,,Spirits,[],True,,,1004,1024,1283,1995.0,68388.6,0.7000000000000001,85.69999999999999,0.8232323232323232
659,bcls,product,63220,0.3639408,GRANT'S - TRIPLE WOOD 12 YO,,,Whisky,,[],True,65.99,,,2024-03-03T00:00:00.000-08:00,,,2024-03-03T00:00:00.000-08:00,['On Sale'],2024-03-31T00:00:00.000-07:00,,63220,True,[],,833,2024-03-11 19:10:01,,1,['05010327204451'],False,,0.75,[],GRANT'S - TRIPLE WOOD 12 YO,,United Kingdom,False,,3,3,,,False,79.0, TRIPLE WOOD 12 YO,0.4,,False,['On Sale'],SH,,GRANT'S ,GB,,Blended Scotch Whisky,Whisky / Whiskey,False,False,0,61.99,,,,,grants - triple wood 12 yo,,2024-03-31T00:00:00.000-07:00,,Spirits,[],True,,,1004,1024,1283,624.75,54969.67,0.30000000000000004,219.9666666666666,0.398989898989899
660,bcls,product,432468,0.3639408,GRAPPA - BOTTEGA ALEXANDER,,,Grape and Fruit Brandy,,[],,39.99,,,,,,,[],,,432468,,[],,673,2024-03-11 19:10:01,,1,"['08005829057107', '08005829000097']",False,,0.7,[],GRAPPA - BOTTEGA ALEXANDER,,Italy,False,,2,2,,,False,86.0, BOTTEGA ALEXANDER,0.38,,False,[],SR,,GRAPPA ,IT,,Grappa And Marc,Other Spirits,False,False,0,39.99,,,,,grappa - bottega alexander,,,,Spirits,[],True,,,1004,1018,1174,471.09999999999997,26913.27,0.26599999999999996,150.33834586466168,0.43434343434343436
661,bcls,product,227207,0.3639408,GRAPPA - LUXARDO EUGANEA,,,Grape and Fruit Brandy,,[],,36.99,,,,,,,[],,,227207,,[],,652,2024-03-11 19:10:01,,1,['08000353006249'],False,,0.75,[],GRAPPA - LUXARDO EUGANEA,,Italy,False,,2,2,,,False,57.0, LUXARDO EUGANEA,0.4,,False,[],SR,,GRAPPA ,IT,,Grappa And Marc,Other Spirits,False,False,0,36.99,,,,,grappa - luxardo euganea,,,,Spirits,[],True,,,1004,1018,1174,489.0,24117.48,0.30000000000000004,123.29999999999998,0.2878787878787879
662,bcls,product,523480,0.35400322,GRAPPA DI MOSCATO - MASCHIO BENIAMINO,,,Grape and Fruit Brandy,,[],,39.99,,,,,,,[],,,523480,,[],,422,2024-03-11 19:10:01,,1,['08004595028861'],False,,0.7,[],GRAPPA DI MOSCATO - MASCHIO BENIAMINO,,Italy,False,,2,2,,,False,55.0, MASCHIO BENIAMINO,0.4,,False,[],SR,,GRAPPA DI MOSCATO ,IT,,Grappa And Marc,Other Spirits,False,False,0,39.99,,,,,grappa di moscato - maschio beniamino,,,,Spirits,[],True,,,1004,1018,1174,295.4,16875.780000000002,0.27999999999999997,142.82142857142858,0.2777777777777778
663,bcls,product,75309,0.3639408,GRAPPA OPTIMA - NONINO,,,Grape and Fruit Brandy,,[],,57.99,,,,,,,[],,,75309,,[],,185,2024-03-11 19:10:01,,1,['08002092011027'],False,,0.7,[],GRAPPA OPTIMA - NONINO,,Italy,False,,2,2,,,False,23.0, NONINO,0.41,,False,[],ST,,GRAPPA OPTIMA ,IT,,Brandy,Brandy,False,False,0,57.99,,,,,grappa optima - nonino,,,,Spirits,[],True,,,1004,1018,1171,129.5,10728.15,0.287,202.05574912891987,0.11616161616161616
664,bcls,product,234864,0.35400322,GREY GOOSE,,,Vodka,,[],,16.99,,,,,,,[],,,234864,,[],,1760,2024-03-11 19:10:01,,1,"['00080480981266', '00804809812662', '00080480280048']",False,,0.2,[],GREY GOOSE,,France,False,,2,2,,,,116.0,GREY GOOSE,0.4,,False,[],SR,,,FR,,Straight Vodka,Vodka,,False,0,16.99,,,,,grey goose,,,,Spirits,[],True,,,1004,1023,1281,352.0,29902.399999999998,0.08000000000000002,212.37499999999994,0.5858585858585859
665,bcls,product,324657,0.35400322,GREY GOOSE,,,Vodka,,[],,109.99,,,,,,,[],,,324657,,[],,1598,2024-03-11 19:10:01,,1,"['00083089550178', '00080480280000']",False,,1.75,[],GREY GOOSE,,France,False,,2,2,,,False,147.0,GREY GOOSE,0.4,,False,[],SR,,,FR,,Straight Vodka,Vodka,False,False,0,109.99,,,,,grey goose,,,,Spirits,[],True,,,1004,1023,1281,2796.5,175764.02,0.7000000000000001,157.1285714285714,0.7424242424242424
666,bcls,product,547661,0.35400322,GREY GOOSE,,,Vodka,,[],,50.99,,,,,,,[],,,547661,,[],,5190,2024-03-11 19:10:01,,1,"['05010677850209', '00083089550000']",False,,0.75,[],GREY GOOSE,,France,False,,2,2,,,False,197.0,GREY GOOSE,0.4,,False,[],G,,,FR,,Straight Vodka,Vodka,False,False,0,50.99,,,,,grey goose,,,,Spirits,[],True,,,1004,1023,1281,3892.5,264638.10000000003,0.30000000000000004,169.96666666666664,0.9949494949494949
667,bcls,product,268664,0.3639408,GREY GOOSE,,,Vodka,,[],,28.49,,,,,,,[],,,268664,,[],,2934,2024-03-11 19:10:01,,1,"['00083089550352', '00080480280031']",False,,0.375,[],GREY GOOSE,,France,False,,2,2,,,False,178.0,GREY GOOSE,0.4,,False,[],SR,,,FR,,Straight Vodka,Vodka,False,False,0,28.49,,,,,grey goose,,,,Spirits,[],True,,,1004,1023,1281,1100.25,83589.65999999999,0.15000000000000002,189.9333333333333,0.898989898989899
668,bcls,product,585547,0.3639408,GREY GOOSE,,,Vodka,,[],,75.99,,,,,,,[],,,585547,,[],,1657,2024-03-11 19:10:01,,1,"['00080480982294', '05010677859165']",False,,1.14,[],GREY GOOSE,,France,False,,2,2,,,False,172.0,GREY GOOSE,0.4,,False,[],G,,,FR,,Straight Vodka,Vodka,False,False,0,75.99,,,,,grey goose,,,,Spirits,[],True,,,1004,1023,1281,1888.9799999999998,125915.43,0.45599999999999996,166.64473684210526,0.8686868686868687
669,bcls,product,588467,0.3639408,GREY GOOSE,,,Vodka,,[],,6.99,,,,,,,[],,,588467,,[],,10649,2024-03-11 19:10:01,,1,"['00080480280178', '00080480280055']",False,,0.05,[],GREY GOOSE,,France,False,,2,2,,,False,116.0,GREY GOOSE,0.4,,False,[],SR,,,FR,,Straight Vodka,Vodka,False,False,0,6.99,,,,,grey goose,,,,Spirits,[],True,,,1004,1023,1281,532.45,74436.51000000001,0.020000000000000004,349.49999999999994,0.5858585858585859
670,bcls,product,772350,0.3639408,GREY GOOSE,,,Vodka,,[],,419.99,,,,,,,[],,,772350,,[],,245,2024-03-11 19:10:01,,1,['05010677856003'],False,,4.5,[],GREY GOOSE,,France,False,,2,2,,,False,109.0,GREY GOOSE,0.4,,False,[],SR,,,FR,,Straight Vodka,Vodka,False,False,0,419.99,,,,,grey goose,,,,Spirits,[],True,,,1004,1023,1281,1102.5,102897.55,1.8,233.32777777777778,0.5505050505050505
671,bcls,product,48009,0.35400322,GREY GOOSE - LE CITRON,,,Vodka,,[],,51.99,,,,,,,['BCL Select'],,,48009,,[],,632,2024-03-11 19:10:01,,1,"['00083089570008', '00080480282042']",False,,0.75,[],GREY GOOSE - LE CITRON,,France,False,,2,2,,,False,61.0, LE CITRON,0.4,,True,['BCL Select'],C,,GREY GOOSE ,FR,,Flavoured Vodka,Vodka,False,False,0,51.99,,,,,grey goose - le citron,,,,Spirits,"[{'id': 'empty-placeholder', 'label': '&nbsp;', 'labelLengthWithoutTags': 1}, {'id': 'exclusive', 'label': 'ONLY@BCL', 'labelLengthWithoutTags': 8}]",True,,,1004,1023,1280,474.0,32857.68,0.30000000000000004,173.29999999999998,0.30808080808080807
672,bcls,product,888988,0.3639408,GUANGDONG MI JIU,,,Asian Spirits,,[],,18.99,,,,,,,[],,,888988,,[],,314,2024-03-11 19:10:01,,1,['06921098886397'],False,,0.75,[],GUANGDONG MI JIU,,China,False,,2,2,,,False,29.0,GUANGDONG MI JIU,0.29,,False,[],SH,,,CN,,China Spirits,Other Spirits,False,False,0,18.99,,,,,guangdong mi jiu,,,,Spirits,[],True,,,1004,1016,1064,235.5,5962.86,0.21749999999999997,87.3103448275862,0.14646464646464646
673,bcls,product,425819,0.35400322,GUJINGGONG - YUANJIANG HAPINESS,,,Asian Spirits,,[],,67.99,,,,,,,[],,,425819,,[],,150,2024-03-11 19:10:01,,1,"['06902018770491', '06902018774536']",False,,0.5,[],GUJINGGONG - YUANJIANG HAPINESS,,China,False,,2,2,,,False,15.0, YUANJIANG HAPINESS,0.5,,False,[],SH,,GUJINGGONG ,CN,,China Spirits,Other Spirits,False,False,0,67.99,,,,,gujinggong - yuanjiang hapiness,,,,Spirits,[],True,,,1004,1016,1064,75.0,10198.5,0.25,271.96,0.07575757575757576
674,bcls,product,211833,0.3639408,HAKU - VODKA,,,Vodka,,[],True,47.99,,,2024-03-03T00:00:00.000-08:00,,,2024-03-03T00:00:00.000-08:00,['On Sale'],2024-03-31T00:00:00.000-07:00,,211833,True,[],,733,2024-03-11 19:10:01,,1,['00080686958024'],False,,0.75,[],HAKU - VODKA,,Japan,False,,2,2,,,False,88.0, VODKA,0.4,,False,['On Sale'],SR,,HAKU ,JP,,Straight Vodka,Vodka,False,False,0,44.99,,,,,haku - vodka,,2024-03-31T00:00:00.000-07:00,,Spirits,[],True,,,1004,1023,1281,549.75,35176.67,0.30000000000000004,159.96666666666664,0.4444444444444444
675,bcls,product,402511,0.3639408,HALLASAN - ORIGINAL SOJU,,,Asian Spirits,,[],,8.99,,,,,,,[],,,402511,,[],,2788,2024-03-11 19:10:01,,1,"['08801798000027', '08801798031021']",False,,0.36,[],HALLASAN - ORIGINAL SOJU,,Korea - South,False,,2,2,,,False,57.0, ORIGINAL SOJU,0.21,,False,[],SH,,HALLASAN ,KR,,Korea Spirits,Other Spirits,False,False,0,8.99,,,,,hallasan - original soju,,,,Spirits,[],True,,,1004,1016,1065,1003.68,25064.12,0.0756,118.91534391534391,0.2878787878787879
676,bcls,product,165112,0.3639408,HAPPII,,,Asian Spirits,,[],,12.49,,,,,,,[],,,165112,,[],,525,2024-03-11 19:10:01,,1,['06921093098719'],False,,0.375,[],HAPPII,,China,False,,2,2,,,False,31.0,HAPPII,0.34,,False,[],SR,,,CN,,China Spirits,Other Spirits,False,False,0,12.49,,,,,happii,,,,Spirits,[],True,,,1004,1016,1064,196.875,6557.25,0.1275,97.96078431372548,0.15656565656565657
677,bcls,product,222554,0.3639408,HAVANA CLUB - 3 YEAR OLD ANEJO,,,Rum,,[],True,28.49,,,2024-03-03T00:00:00.000-08:00,,,2024-03-03T00:00:00.000-08:00,['On Sale'],2024-03-31T00:00:00.000-07:00,,222554,True,[],,2495,2024-03-11 19:10:01,,1,['08501110080248'],False,,0.75,[],HAVANA CLUB - 3 YEAR OLD ANEJO,,Cuba,False,,2,2,,,False,177.0, 3 YEAR OLD ANEJO,0.4,,False,['On Sale'],SR,,HAVANA CLUB ,CU,,White Rum,Rum,False,False,0,26.99,,,,,havana club - 3 year old anejo,,2024-03-31T00:00:00.000-07:00,,Spirits,[],True,,,1004,1021,1256,1871.25,71082.55,0.30000000000000004,94.96666666666665,0.8939393939393939
678,bcls,product,53140,0.3639408,HAVANA CLUB - 7 YEAR OLD,,,Rum,,[],,37.49,,,,,,,[],,,53140,,[],,2512,2024-03-11 19:10:01,,1,['08501110080446'],False,,0.75,[],HAVANA CLUB - 7 YEAR OLD,,Cuba,False,,2,2,,,False,185.0, 7 YEAR OLD,0.4,,False,[],SR,,HAVANA CLUB ,CU,,Amber Rum,Rum,False,False,0,37.49,,,,,havana club - 7 year old,,,,Spirits,[],True,,,1004,1021,1252,1884.0,94174.88,0.30000000000000004,124.96666666666665,0.9343434343434344
679,bcls,product,443903,0.35400322,HAVANA CLUB - ANEJO RESERVA,,,Rum,,[],,29.49,,,,,,,[],,,443903,,[],,1572,2024-03-11 19:10:01,,1,['08501110080644'],False,,0.75,[],HAVANA CLUB - ANEJO RESERVA,,Cuba,False,,2,2,,,False,147.0, ANEJO RESERVA,0.4,,False,[],SR,,HAVANA CLUB ,CU,,Amber Rum,Rum,False,False,0,29.49,,,,,havana club - anejo reserva,,,,Spirits,[],True,,,1004,1021,1252,1179.0,46358.28,0.30000000000000004,98.29999999999998,0.7424242424242424
680,bcls,product,530634,0.3639408,HAVANA CLUB - ANEJO RESERVA,,,Rum,,[],,42.99,,,,,,,[],,,530634,,[],,927,2024-03-11 19:10:01,,1,['08501110080682'],False,,1.14,[],HAVANA CLUB - ANEJO RESERVA,,Cuba,False,,2,2,,,False,130.0, ANEJO RESERVA,0.4,,False,[],SR,,HAVANA CLUB ,CU,,Amber Rum,Rum,False,False,0,42.99,,,,,havana club - anejo reserva,,,,Spirits,[],True,,,1004,1021,1252,1056.78,39851.73,0.45599999999999996,94.2763157894737,0.6565656565656566
681,bcls,product,107362,0.35400322,HAVANA CLUB - CUBAN SMOKY,,,Rum,,[],True,40.99,,,2024-03-03T00:00:00.000-08:00,,,2024-03-03T00:00:00.000-08:00,['On Sale'],2024-03-31T00:00:00.000-07:00,,107362,True,[],,198,2024-03-11 19:10:01,,1,['08501110081931'],False,,0.75,[],HAVANA CLUB - CUBAN SMOKY,,Cuba,False,,3,3,,,False,27.0, CUBAN SMOKY,0.4,,False,['On Sale'],SH,,HAVANA CLUB ,CU,,Dark Rum,Rum,False,False,0,37.97,,,,,havana club - cuban smoky,,2024-03-31T00:00:00.000-07:00,,Spirits,[],True,,,1004,1021,1253,148.5,8116.02,0.30000000000000004,136.63333333333333,0.13636363636363635
682,bcls,product,452391,0.3639408,HAYMAN'S - SLOE GIN,,,Gin,,[],True,42.99,,,2024-03-03T00:00:00.000-08:00,,,2024-03-03T00:00:00.000-08:00,['On Sale'],2024-03-31T00:00:00.000-07:00,,452391,True,[],,456,2024-03-11 19:10:01,,1,['05021692650132'],False,,0.7,[],HAYMAN'S - SLOE GIN,,United Kingdom,False,,2,2,,,False,59.0, SLOE GIN,0.26,,False,['On Sale'],SR,,HAYMAN'S ,GB,,Flavoured Gin,Gin,False,False,0,40.99,,,,,haymans - sloe gin,,2024-03-31T00:00:00.000-07:00,,Spirits,[],True,,,1004,1017,1167,319.2,19603.440000000002,0.182,236.20879120879124,0.29797979797979796
683,bcls,product,363240,0.3639408,HEAVEN'S DOOR - BOOTLEG SERIES VOLUME IV,,,Whisky,,[],,1100.0,,,,,,,['BCL Select'],,,363240,,[],,4,2024-03-11 19:10:01,,1,"['00810098402040', '00696852142731']",False,,0.75,[],HEAVEN'S DOOR - BOOTLEG SERIES VOLUME IV,,USA,False,,3,3,,,False,3.0, BOOTLEG SERIES VOLUME IV,0.5558,,True,['BCL Select'],C,,HEAVEN'S DOOR ,US,,American Whiskey,Whisky / Whiskey,False,False,0,1100.0,,,,,heavens door - bootleg series volume iv,,,,Spirits,"[{'id': 'empty-placeholder', 'label': '&nbsp;', 'labelLengthWithoutTags': 1}, {'id': 'exclusive', 'label': 'ONLY@BCL', 'labelLengthWithoutTags': 8}]",True,,,1004,1024,1282,3.0,4400.0,0.41684999999999994,2638.8389108792135,0.015151515151515152
684,bcls,product,138118,0.35400322,HEAVEN'S DOOR - TENNESSEE STRAIGHT BOURBON,,,Whisky,,[],,94.99,,,,,,,[],,,138118,,[],,422,2024-03-11 19:10:01,,1,['00816136022621'],False,,0.75,[],HEAVEN'S DOOR - TENNESSEE STRAIGHT BOURBON,,USA,False,,2,2,,,False,58.0, TENNESSEE STRAIGHT BOURBON,0.46,,False,[],SH,,HEAVEN'S DOOR ,US,,Bourbon Whiskey,Whisky / Whiskey,False,False,0,94.99,,,,,heavens door - tennessee straight bourbon,,,,Spirits,[],True,,,1004,1024,1284,316.5,40085.78,0.34500000000000003,275.3333333333333,0.29292929292929293
685,bcls,product,435011,0.3639408,HENDRICK'S - FLORA ADORA GIN,,,Gin,,[],,59.99,,,,,,,[],,,435011,,[],,645,2024-03-11 19:10:01,,1,['05010327704173'],False,,0.75,[],HENDRICK'S - FLORA ADORA GIN,,United Kingdom,False,,2,2,,,False,72.0, FLORA ADORA GIN,0.4,,False,[],SH,,HENDRICK'S ,GB,,Other Gin,Gin,False,False,0,59.99,,,,,hendricks - flora adora gin,,,,Spirits,[],True,,,1004,1017,1169,483.75,38693.55,0.30000000000000004,199.96666666666664,0.36363636363636365
686,bcls,product,393807,0.3639408,HENDRICK'S - NEPTUNIA GIN,,,Gin,,[],,59.99,,,,,,,[],,,393807,,[],,1049,2024-03-11 19:10:01,,1,['05010327704159'],False,,0.75,[],HENDRICK'S - NEPTUNIA GIN,,United Kingdom,False,,2,2,,,False,126.0, NEPTUNIA GIN,0.434,,False,[],SR,,HENDRICK'S ,GB,,Other Gin,Gin,False,False,0,59.99,,,,,hendricks - neptunia gin,,,,Spirits,[],True,,,1004,1017,1169,786.75,62929.51,0.3255,184.30107526881721,0.6363636363636364
687,bcls,product,543173,0.35400322,HENDRICK'S GIN,,,Gin,,[],,30.49,,,,,,,[],,,543173,,[],,970,2024-03-11 19:10:01,,1,['05010327717029'],False,,0.375,[],HENDRICK'S GIN,,United Kingdom,False,,2,2,,,False,91.0,HENDRICK'S GIN,0.44,,False,[],SR,,,GB,,Dry Gin,Gin,False,False,0,30.49,,,,,hendricks gin,,,,Spirits,[],True,,,1004,1017,1168,363.75,29575.3,0.165,184.78787878787878,0.4595959595959596
688,bcls,product,128954,0.3639408,HENDRICK'S GIN,,,Gin,,[],,110.99,,,,,,,[],,,128954,,[],,267,2024-03-11 19:10:01,,1,['05010327701028'],False,,1.75,[],HENDRICK'S GIN,,United Kingdom,False,,3,3,,,False,54.0,HENDRICK'S GIN,0.44,,False,[],SR,,,GB,,Other Gin,Gin,False,False,0,110.99,,,,,hendricks gin,,,,Spirits,[],True,,,1004,1017,1169,467.25,29634.329999999998,0.77,144.14285714285714,0.2727272727272727
689,bcls,product,637504,0.3639408,HENDRICK'S GIN,,,Gin,,[],,55.99,,,,,,,[],,,637504,,[],,2124,2024-03-11 19:10:01,,1,['00083664990436'],False,,0.75,[],HENDRICK'S GIN,,United Kingdom,False,,2,2,,,False,198.0,HENDRICK'S GIN,0.44,,False,[],G,,,GB,,Dry Gin,Gin,False,False,0,55.99,,,,,hendricks gin,,,,Spirits,[],True,,,1004,1017,1168,1593.0,118922.76000000001,0.33,169.66666666666666,1.0
690,bcls,product,269203,0.35400322,HENNESSY - COGNAC VS HIP HOP,,,Grape and Fruit Brandy,,[],,77.99,,,,,,,['BCL Select'],,,269203,,[],,153,2024-03-11 19:10:01,,1,['03245990155515'],False,,0.75,[],HENNESSY - COGNAC VS HIP HOP,,France,False,,2,2,,,False,18.0, COGNAC VS HIP HOP,0.4,,True,['BCL Select'],C,,HENNESSY ,FR,,Cognac,Cognac,False,False,0,77.99,,,,,hennessy - cognac vs hip hop,,,,Spirits,"[{'id': 'empty-placeholder', 'label': '&nbsp;', 'labelLengthWithoutTags': 1}, {'id': 'exclusive', 'label': 'ONLY@BCL', 'labelLengthWithoutTags': 8}]",True,,,1004,1018,1172,114.75,11932.47,0.30000000000000004,259.9666666666666,0.09090909090909091
691,bcls,product,269200,0.3639408,HENNESSY - HENNESSY V.S. GOLD BOTTLE,,,Grape and Fruit Brandy,,[],,77.99,,,,,,,['BCL Select'],,,269200,,[],,274,2024-03-11 19:10:01,,1,['03245990202004'],False,,0.75,[],HENNESSY - HENNESSY V.S. GOLD BOTTLE,,France,False,,2,2,,,False,10.0, HENNESSY V.S. GOLD BOTTLE,0.4,,True,['BCL Select'],C,,HENNESSY ,FR,,Cognac,Cognac,False,False,0,77.99,,,,,hennessy - hennessy v.s. gold bottle,,,,Spirits,"[{'id': 'empty-placeholder', 'label': '&nbsp;', 'labelLengthWithoutTags': 1}, {'id': 'exclusive', 'label': 'ONLY@BCL', 'labelLengthWithoutTags': 8}]",True,,,1004,1018,1172,205.5,21369.26,0.30000000000000004,259.9666666666666,0.050505050505050504
692,bcls,product,208298,0.3639408,HENNESSY - PARADIS RARE,,,Grape and Fruit Brandy,,[],,2000.0,,,,,,,[],,,208298,,[],,60,2024-03-11 19:10:01,,1,"['03245990001119', '03245996126311', '03245991594610', '03245993423017']",False,,0.75,[],HENNESSY - PARADIS RARE,,France,False,,2,2,,,False,15.0, PARADIS RARE,0.4,,False,[],ST,,HENNESSY ,FR,,Cognac,Cognac,False,False,0,2000.0,,,,,hennessy - paradis rare,,,,Spirits,[],True,,,1004,1018,1172,45.0,120000.0,0.30000000000000004,6666.666666666666,0.07575757575757576
693,bcls,product,43703,0.35400322,HENNESSY - V.S.O.P.,,,Grape and Fruit Brandy,,[],,116.99,,,,,,,[],,,43703,,[],,1983,2024-03-11 19:10:01,,1,"['03245999484319', '03245990969402', '03245999220016', '03245998868219', '00088110151058', '03245998376318', '03245999793510', '03245990969419']",False,,0.75,[],HENNESSY - V.S.O.P.,,France,False,,2,2,,,False,141.0, V.S.O.P.,0.4,,False,[],SR,,HENNESSY ,FR,,Cognac,Cognac,False,False,0,116.99,,,,,hennessy - v.s.o.p.,,,,Spirits,[],True,,,1004,1018,1172,1487.25,231991.16999999998,0.30000000000000004,389.9666666666666,0.7121212121212122
694,bcls,product,8284,0.35400322,HENNESSY - VERY SPECIAL,,,Grape and Fruit Brandy,,[],True,77.99,,,2024-03-03T00:00:00.000-08:00,,,2024-03-03T00:00:00.000-08:00,['On Sale'],2024-03-31T00:00:00.000-07:00,,8284,True,[],,2056,2024-03-11 19:10:01,,1,"['03245996821117', '03245999793213', '03245998748504', '03245997945812', '03245996328616', '03245999574010', '03245997500219', '03245995828308', '03245994001115', '00088110150556', '03245999219812', '03245999276617', '03245998302317', '03245998798813', '03245997173314', '03245990250203']",False,,0.75,[],HENNESSY - VERY SPECIAL,,France,False,,2,2,,,False,189.0, VERY SPECIAL,0.4,,False,['On Sale'],G,,HENNESSY ,FR,,Cognac,Cognac,False,False,0,72.99,,,,,hennessy - very special,,2024-03-31T00:00:00.000-07:00,,Spirits,[],True,,,1004,1018,1172,1542.0,160347.44,0.30000000000000004,259.9666666666666,0.9545454545454546
695,bcls,product,137579,0.35400322,HENNESSY - VERY SPECIAL,,,Grape and Fruit Brandy,,[],,155.99,,,,,,,['BCL Select'],,,137579,,[],,4,2024-03-11 19:10:01,,1,['03245996851503'],False,,1.75,[],HENNESSY - VERY SPECIAL,,France,False,,2,2,,,False,1.0, VERY SPECIAL,0.4,,True,['BCL Select'],C,,HENNESSY ,FR,,Cognac,Cognac,False,False,0,155.99,,,,,hennessy - very special,,,,Spirits,"[{'id': 'empty-placeholder', 'label': '&nbsp;', 'labelLengthWithoutTags': 1}, {'id': 'exclusive', 'label': 'ONLY@BCL', 'labelLengthWithoutTags': 8}]",True,,,1004,1018,1172,7.0,623.96,0.7000000000000001,222.84285714285713,0.005050505050505051
696,bcls,product,791624,0.3639408,HENNESSY - VERY SPECIAL,,,Grape and Fruit Brandy,,[],,44.99,,,,,,,[],,,791624,,[],,1576,2024-03-11 19:10:01,,1,"['00626990191049', '03245990250302']",False,,0.375,[],HENNESSY - VERY SPECIAL,,France,False,,2,2,,,False,135.0, VERY SPECIAL,0.4,,False,[],SR,,HENNESSY ,FR,,Cognac,Cognac,False,False,0,44.99,,,,,hennessy - very special,,,,Spirits,[],True,,,1004,1018,1172,591.0,70904.24,0.15000000000000002,299.9333333333333,0.6818181818181818
697,bcls,product,419940,0.35400322,HENNESSY - VSOP HOLIDAY DELUXE,,,Grape and Fruit Brandy,,[],,144.99,,,,,,,['BCL Select'],,,419940,,[],,49,2024-03-11 19:10:01,,1,['03245999576410'],False,,0.75,[],HENNESSY - VSOP HOLIDAY DELUXE,,France,False,,2,2,,,False,11.0, VSOP HOLIDAY DELUXE,0.4,,True,['BCL Select'],C,,HENNESSY ,FR,,Cognac,Cognac,False,False,0,144.99,,,,,hennessy - vsop holiday deluxe,,,,Spirits,"[{'id': 'empty-placeholder', 'label': '&nbsp;', 'labelLengthWithoutTags': 1}, {'id': 'exclusive', 'label': 'ONLY@BCL', 'labelLengthWithoutTags': 8}]",True,,,1004,1018,1172,36.75,7104.51,0.30000000000000004,483.29999999999995,0.05555555555555555
698,bcls,product,61440,0.3639408,HENNESSY - X.O. THE ORIGINAL,,,Grape and Fruit Brandy,,[],,375.99,,,,,,,[],,,61440,,[],,645,2024-03-11 19:10:01,,1,"['00081753829278', '03245990001218', '03245999354919', '00088110153052']",False,,0.75,[],HENNESSY - X.O. THE ORIGINAL,,France,False,,2,2,,,False,102.0, X.O. THE ORIGINAL,0.4,,False,[],SR,,HENNESSY ,FR,,Cognac,Cognac,False,False,0,375.99,,,,,hennessy - x.o. the original,,,,Spirits,[],True,,,1004,1018,1172,483.75,242513.55000000002,0.30000000000000004,1253.3,0.5151515151515151
699,bcls,product,71715,0.35400322,HENNESSY - XO CNY EDITION,,,Grape and Fruit Brandy,,[],,389.99,,,,,,,['BCL Select'],,,71715,,[],,141,2024-03-11 19:10:01,,1,"['03245999779811', '03245998864419', '03245999295311', '03245990173311']",False,,0.75,[],HENNESSY - XO CNY EDITION,,France,False,,2,2,,,False,22.0, XO CNY EDITION,0.4,,True,['BCL Select'],C,,HENNESSY ,FR,,Cognac,Cognac,False,False,0,389.99,,,,,hennessy - xo cny edition,,,,Spirits,"[{'id': 'empty-placeholder', 'label': '&nbsp;', 'labelLengthWithoutTags': 1}, {'id': 'exclusive', 'label': 'ONLY@BCL', 'labelLengthWithoutTags': 8}]",True,,,1004,1018,1172,105.75,54988.590000000004,0.30000000000000004,1299.9666666666665,0.1111111111111111
700,bcls,product,452615,0.3639408,HERRADURA - REPOSADO,,,Tequila,,[],,80.99,,,,,,,[],,,452615,,[],,812,2024-03-11 19:10:01,,1,['00744607111324'],False,,0.75,[],HERRADURA - REPOSADO,,Mexico,False,,2,2,,,False,95.0, REPOSADO,0.4,,False,[],SR,,HERRADURA ,MX,,Gold Tequila,Tequila,False,False,0,80.99,,,,,herradura - reposado,,,,Spirits,[],True,,,1004,1022,1272,609.0,65763.87999999999,0.30000000000000004,269.9666666666666,0.4797979797979798
701,bcls,product,458139,0.35400322,HERRADURA - ULTRA REPOSADO CRISTALINO,,,Tequila,,[],,115.99,,,,,,,[],,,458139,,[],,98,2024-03-11 19:10:01,,1,['00744607003728'],False,,0.75,[],HERRADURA - ULTRA REPOSADO CRISTALINO,,Mexico,False,,2,2,,,False,14.0, ULTRA REPOSADO CRISTALINO,0.4,,False,[],SH,,HERRADURA ,MX,,Gold Tequila,Tequila,False,False,0,115.99,,,,,herradura - ultra reposado cristalino,,,,Spirits,[],True,,,1004,1022,1272,73.5,11367.019999999999,0.30000000000000004,386.63333333333327,0.0707070707070707
702,bcls,product,204560,0.35400322,HIGHLAND PARK - 12 YEAR OLD,,,Whisky,,[],,79.99,,,,,,,[],,,204560,,[],,1441,2024-03-11 19:10:01,Orkney Island,1,"['05010314575106', '00087236400095', '00812066020300', '05010314066703']",False,,0.75,[],HIGHLAND PARK - 12 YEAR OLD,,United Kingdom,False,Scotland,2,2,,,False,149.0, 12 YEAR OLD,0.43,,False,[],SR,,HIGHLAND PARK ,GB,,Single Malt Scotch Whisky,Whisky / Whiskey,False,False,0,79.99,,,,,highland park - 12 year old,,,,Spirits,[],True,,,1004,1024,1289,1080.75,115265.59,0.3225,248.03100775193795,0.7525252525252525
703,bcls,product,748152,0.3639408,HIGHLAND PARK - 15 YEAR OLD,,,Whisky,,[],,184.99,,,,,,,[],,,748152,,[],,282,2024-03-11 19:10:01,Highland,1,"['00087236400415', '00812066024759', '00812066024124', '05010314066604']",False,,0.75,[],HIGHLAND PARK - 15 YEAR OLD,,United Kingdom,False,Scotland,3,3,,,False,35.0, 15 YEAR OLD,0.44,,False,[],SH,,HIGHLAND PARK ,GB,,Single Malt Scotch Whisky,Whisky / Whiskey,False,False,0,184.99,,,,,highland park - 15 year old,,,,Spirits,[],True,,,1004,1024,1289,211.5,52167.18,0.33,560.5757575757576,0.17676767676767677
704,bcls,product,500231,0.3639408,HIGHLAND PARK - 18 YEAR OLD,,,Whisky,,[],True,349.99,,,2024-03-03T00:00:00.000-08:00,,,2024-03-03T00:00:00.000-08:00,['On Sale'],2024-03-31T00:00:00.000-07:00,,500231,True,[],,622,2024-03-11 19:10:01,Orkney Island,1,"['05010314005207', '05010314066802', '00083960540342', '00812066020287']",False,,0.75,[],HIGHLAND PARK - 18 YEAR OLD,,United Kingdom,False,Scotland,2,2,,,False,97.0, 18 YEAR OLD,0.43,,False,['On Sale'],SR,,HIGHLAND PARK ,GB,,Single Malt Scotch Whisky,Whisky / Whiskey,False,False,0,318.99,,,,,highland park - 18 year old,,2024-03-31T00:00:00.000-07:00,,Spirits,[],True,,,1004,1024,1289,466.5,217693.78,0.3225,1085.2403100775193,0.4898989898989899
705,bcls,product,67576,0.3639408,HIGHLAND PARK - 21 YEAR OLD,,,Whisky,,[],,649.99,,,,,,,[],,,67576,,[],,23,2024-03-11 19:10:01,Highland,1,['00812066023240'],False,,0.75,[],HIGHLAND PARK - 21 YEAR OLD,,United Kingdom,False,Scotland,2,2,,,False,6.0, 21 YEAR OLD,0.46,,False,[],SH,,HIGHLAND PARK ,GB,,Single Malt Scotch Whisky,Whisky / Whiskey,False,False,0,649.99,,,,,highland park - 21 year old,,,,Spirits,[],True,,,1004,1024,1289,17.25,14949.77,0.34500000000000003,1884.0289855072463,0.030303030303030304
706,bcls,product,500249,0.3639408,HIGHLAND PARK - 25 YEAR OLD,,,Whisky,,[],,1500.0,,,,,,,[],,,500249,,[],,9,2024-03-11 19:10:01,Highland,1,"['00812066023141', '05010314005405', '05010314066901', '00812066020331', '05010314300159', '00083960540335']",False,,0.75,[],HIGHLAND PARK - 25 YEAR OLD,,United Kingdom,False,Scotland,2,2,,,False,3.0, 25 YEAR OLD,0.46,,False,[],ST,,HIGHLAND PARK ,GB,,Single Malt Scotch Whisky,Whisky / Whiskey,False,False,0,1500.0,,,,,highland park - 25 year old,,,,Spirits,[],True,,,1004,1024,1289,6.75,13500.0,0.34500000000000003,4347.826086956521,0.015151515151515152
707,bcls,product,170274,0.35400322,HIGHLAND PARK - 30 YEAR OLD,,,Whisky,,[],,4100.0,,,,,,,['BCL Select'],,,170274,,[],,3,2024-03-11 19:10:01,Highland,1,"['00087236400378', '00812066020324', '05010314067007', '05010314300265', '00812066023158']",False,,0.75,[],HIGHLAND PARK - 30 YEAR OLD,,United Kingdom,False,Scotland,3,3,,,False,2.0, 30 YEAR OLD,0.452,,True,['BCL Select'],C,,HIGHLAND PARK ,GB,,Single Malt Scotch Whisky,Whisky / Whiskey,False,False,0,4100.0,,,,,highland park - 30 year old,,,,Spirits,"[{'id': 'empty-placeholder', 'label': '&nbsp;', 'labelLengthWithoutTags': 1}, {'id': 'exclusive', 'label': 'ONLY@BCL', 'labelLengthWithoutTags': 8}]",True,,,1004,1024,1289,2.25,12300.0,0.339,12094.395280235987,0.010101010101010102
708,bcls,product,316401,0.35400322,HIGHLAND PARK - 30 YEAR OLD,,,Whisky,,[],,4150.0,,,,,,,[],,,316401,,[],,2,2024-03-11 19:10:01,Highland,1,['00812066020454'],False,,0.75,[],HIGHLAND PARK - 30 YEAR OLD,,United Kingdom,False,Scotland,3,3,,,False,1.0, 30 YEAR OLD,0.451,,False,[],ST,,HIGHLAND PARK ,GB,,Single Malt Scotch Whisky,Whisky / Whiskey,False,False,0,4150.0,,,,,highland park - 30 year old,,,,Spirits,[],True,,,1004,1024,1289,1.5,8300.0,0.33825,12269.031781226904,0.005050505050505051
709,bcls,product,105932,0.35400322,HIGHLAND PARK - 40 YEAR OLD,,,Whisky,,[],,14000.0,,,,,,,[],,,105932,,[],,1,2024-03-11 19:10:01,Orkney Island,1,"['00812066023165', '00087236400439', '05010314302771', '05010314302764', '00812066021437']",False,,0.75,[],HIGHLAND PARK - 40 YEAR OLD,,United Kingdom,False,Scotland,2,2,,,False,1.0, 40 YEAR OLD,0.43200000000000005,,False,[],ST,,HIGHLAND PARK ,GB,,Single Malt Scotch Whisky,Whisky / Whiskey,False,False,0,14000.0,,,,,highland park - 40 year old,,,,Spirits,[],True,,,1004,1024,1289,0.75,14000.0,0.32400000000000007,43209.876543209866,0.005050505050505051
710,bcls,product,382625,0.3639408,HIGHLAND PARK - CASK STRENGTH 2023 RELEASE,,,Whisky,,[],,168.99,,,,,,,[],,,382625,,[],,105,2024-03-11 19:10:01,Highland,1,['00812066024582'],False,,0.75,[],HIGHLAND PARK - CASK STRENGTH 2023 RELEASE,,United Kingdom,False,Scotland,3,3,,,False,20.0, CASK STRENGTH 2023 RELEASE,0.643,,False,[],ST,,HIGHLAND PARK ,GB,,Single Malt Scotch Whisky,Whisky / Whiskey,False,False,0,168.99,,,,,highland park - cask strength 2023 release,,,,Spirits,[],True,,,1004,1024,1289,78.75,17743.95,0.48225,350.41990668740283,0.10101010101010101
711,bcls,product,453256,0.35400322,HIGHLAND PARK - CASK STRENGTH RELEASE NO. 3,,,Whisky,,[],,136.99,,,,,,,[],,,453256,,[],,14,2024-03-11 19:10:01,Orkney Island,1,['00812066024261'],False,,0.75,[],HIGHLAND PARK - CASK STRENGTH RELEASE NO. 3,,United Kingdom,False,Scotland,3,3,,,False,2.0, CASK STRENGTH RELEASE NO. 3,0.6409999999999999,,False,[],ST,,HIGHLAND PARK ,GB,,Single Malt Scotch Whisky,Whisky / Whiskey,False,False,1,136.99,,,,,highland park - cask strength release no. 3,,,,Spirits,[],True,,,1004,1024,1289,10.5,1917.8600000000001,0.4807499999999999,284.95059802392103,0.010101010101010102
712,bcls,product,160625,0.3639408,HIGHLAND PARK - MAGNUS,,,Whisky,,[],True,54.99,,,2024-03-03T00:00:00.000-08:00,,,2024-03-03T00:00:00.000-08:00,['On Sale'],2024-03-31T00:00:00.000-07:00,,160625,True,[],,342,2024-03-11 19:10:01,Other Scotch Regions,1,"['00812066021956', '05010314305994']",False,,0.75,[],HIGHLAND PARK - MAGNUS,,United Kingdom,False,Scotland,2,2,,,False,41.0, MAGNUS,0.4,,False,['On Sale'],SR,,HIGHLAND PARK ,GB,,Single Malt Scotch Whisky,Whisky / Whiskey,False,False,0,42.99,,,,,highland park - magnus,,2024-03-31T00:00:00.000-07:00,,Spirits,[],True,,,1004,1024,1289,256.5,18806.58,0.30000000000000004,183.29999999999998,0.20707070707070707
713,bcls,product,320648,0.3639408,HIGHLAND PARK - ORCADIAN 1968,,,Whisky,,[],,6700.0,,,,,,,['BCL Select'],,,320648,,[],,11,2024-03-11 19:10:01,Orkney Island,1,['00812066021000'],False,,0.75,[],HIGHLAND PARK - ORCADIAN 1968,,United Kingdom,False,Scotland,3,3,,,False,5.0, ORCADIAN 1968,0.456,,True,['BCL Select'],C,,HIGHLAND PARK ,GB,,Single Malt Scotch Whisky,Whisky / Whiskey,False,False,1,6700.0,,,,,highland park - orcadian 1968,,,,Spirits,"[{'id': 'empty-placeholder', 'label': '&nbsp;', 'labelLengthWithoutTags': 1}, {'id': 'exclusive', 'label': 'ONLY@BCL', 'labelLengthWithoutTags': 8}]",True,,,1004,1024,1289,8.25,73700.0,0.342,19590.6432748538,0.025252525252525252
714,bcls,product,223743,0.35400322,HIGHLAND PARK - ORCADIAN 1976,,,Whisky,,[],,5500.0,,,,,,,['BCL Select'],,,223743,,[],,1,2024-03-11 19:10:01,Orkney Island,1,['00812066021376'],False,,0.75,[],HIGHLAND PARK - ORCADIAN 1976,,United Kingdom,False,Scotland,3,3,,,False,1.0, ORCADIAN 1976,0.491,,True,['BCL Select'],C,,HIGHLAND PARK ,GB,,Single Malt Scotch Whisky,Whisky / Whiskey,False,False,1,5500.0,,,,,highland park - orcadian 1976,,,,Spirits,"[{'id': 'empty-placeholder', 'label': '&nbsp;', 'labelLengthWithoutTags': 1}, {'id': 'exclusive', 'label': 'ONLY@BCL', 'labelLengthWithoutTags': 8}]",True,,,1004,1024,1289,0.75,5500.0,0.36824999999999997,14935.505770536322,0.005050505050505051
715,bcls,product,158397,0.35400322,HIGHLAND PARK - VALFATHER,,,Whisky,,[],,89.99,,,,,,,[],,,158397,,[],,16,2024-03-11 19:10:01,Orkney Island,1,['00812066023233'],False,,0.75,[],HIGHLAND PARK - VALFATHER,,United Kingdom,False,Scotland,3,3,,,False,3.0, VALFATHER,0.47,,False,[],ST,,HIGHLAND PARK ,GB,,Single Malt Scotch Whisky,Whisky / Whiskey,False,False,1,89.99,,,,,highland park - valfather,,,,Spirits,[],True,,,1004,1024,1289,12.0,1439.84,0.3525,255.29078014184398,0.015151515151515152
716,bcls,product,778076,0.35400322,HOMBO SHUZO - MARS SHINSHU IWAI WHISKY,,,Whisky,,[],,74.99,,,,,,,[],,,778076,,[],,469,2024-03-11 19:10:01,,1,['04976881520585'],False,,0.75,[],HOMBO SHUZO - MARS SHINSHU IWAI WHISKY,,Japan,False,,2,2,,,False,58.0, MARS SHINSHU IWAI WHISKY,0.405,,False,[],SH,,HOMBO SHUZO ,JP,,Other Country Whisky,Whisky / Whiskey,False,False,0,74.99,,,,,hombo shuzo - mars shinshu iwai whisky,,,,Spirits,[],True,,,1004,1024,1288,351.75,35170.31,0.30375,246.88065843621396,0.29292929292929293
717,bcls,product,899120,0.35400322,HONG XING ER GOU TOU - 8 YEARS,,,Asian Spirits,,[],,24.29,,,,,,,[],,,899120,,[],,189,2024-03-11 19:10:01,,1,['06906785015014'],False,,0.5,[],HONG XING ER GOU TOU - 8 YEARS,,China,False,,2,2,,,False,15.0, 8 YEARS,0.53,,False,[],SR,,HONG XING ER GOU TOU ,CN,,China Spirits,Other Spirits,False,False,0,24.29,,,,,hong xing er gou tou - 8 years,,,,Spirits,[],True,,,1004,1016,1064,94.5,4590.8099999999995,0.265,91.66037735849056,0.07575757575757576
718,bcls,product,425728,0.3639408,HORNITOS BLACK BARREL,,,Tequila,,[],,48.99,,,,,,,[],,,425728,,[],,2211,2024-03-11 19:10:01,,1,"['00080686835585', '00080686845317']",False,,0.75,[],HORNITOS BLACK BARREL,,Mexico,False,,2,2,,,False,197.0,HORNITOS BLACK BARREL,0.4,,False,[],G,,,MX,,Gold Tequila,Tequila,False,False,0,48.99,,,,,hornitos black barrel,,,,Spirits,[],True,,,1004,1022,1272,1658.25,108316.89,0.30000000000000004,163.29999999999998,0.9949494949494949
719,bcls,product,187159,0.3639408,HORNITOS CRISTALINO,,,Tequila,,[],,62.99,,,,,,,[],,,187159,,[],,798,2024-03-11 19:10:01,,1,['00080686835806'],False,,0.75,[],HORNITOS CRISTALINO,,Mexico,False,,2,2,,,False,69.0,HORNITOS CRISTALINO,0.4,,False,[],SR,,,MX,,Blanco/Silver Tequila,Tequila,False,False,0,62.99,,,,,hornitos cristalino,,,,Spirits,[],True,,,1004,1022,1270,598.5,50266.020000000004,0.30000000000000004,209.96666666666664,0.3484848484848485
720,bcls,product,65185,0.35400322,HORNITOS PLATA,,,Tequila,,[],,42.99,,,,,,,[],,,65185,,[],,2914,2024-03-11 19:10:01,,1,['00080686835325'],False,,0.75,[],HORNITOS PLATA,,Mexico,False,,2,2,,,False,196.0,HORNITOS PLATA,0.4,,False,[],G,,,MX,,Blanco/Silver Tequila,Tequila,False,False,0,42.99,,,,,hornitos plata,,,,Spirits,[],True,,,1004,1022,1270,2185.5,125272.86,0.30000000000000004,143.29999999999998,0.98989898989899
721,bcls,product,187156,0.35400322,HORNITOS PLATA,,,Tequila,,[],,16.49,,,,,,,[],,,187156,,[],,3183,2024-03-11 19:10:01,,1,['00080686835301'],False,,0.2,[],HORNITOS PLATA,,Mexico,False,,2,2,,,False,161.0,HORNITOS PLATA,0.4,,False,[],SR,,,MX,,Blanco/Silver Tequila,Tequila,False,False,0,16.49,,,,,hornitos plata,,,,Spirits,[],True,,,1004,1022,1270,636.6,52487.67,0.08000000000000002,206.12499999999994,0.8131313131313131
722,bcls,product,143040,0.3639408,HORNITOS REPOSADO,,,Tequila,,[],True,44.49,,,2024-03-03T00:00:00.000-08:00,,,2024-03-03T00:00:00.000-08:00,['On Sale'],2024-03-31T00:00:00.000-07:00,,143040,True,[],,2879,2024-03-11 19:10:01,,1,"['00082422657543', '00080686835028']",False,,0.75,[],HORNITOS REPOSADO,,Mexico,False,,2,2,,,False,196.0,HORNITOS REPOSADO,0.4,,False,['On Sale'],G,,,MX,,Gold Tequila,Tequila,False,False,0,43.49,,,,,hornitos reposado,,2024-03-31T00:00:00.000-07:00,,Spirits,[],True,,,1004,1022,1272,2159.25,128086.71,0.30000000000000004,148.29999999999998,0.98989898989899
723,bcls,product,386990,0.35400322,HOWLER HEAD - WHISKEY,,,Whisky,,[],,54.99,,,,,,,[],,,386990,,[],,1181,2024-03-11 19:10:01,,1,['00850003347653'],False,,0.75,[],HOWLER HEAD - WHISKEY,,USA,False,,2,2,,,False,88.0, WHISKEY,0.4,,False,[],SH,,HOWLER HEAD ,US,,Bourbon Whiskey,Whisky / Whiskey,False,False,0,54.99,,,,,howler head - whiskey,,,,Spirits,[],True,,,1004,1024,1284,885.75,64943.19,0.30000000000000004,183.29999999999998,0.4444444444444444
724,bcls,product,56465,0.35400322,HPNOTIQ,,,Liqueurs,,[],,42.99,,,,,,,[],,,56465,,[],,874,2024-03-11 19:10:01,,1,['00736040011064'],False,,0.75,[],HPNOTIQ,,France,False,,2,2,,,False,102.0,HPNOTIQ,0.17,,False,[],SR,,,FR,,Fruit Liqueurs,Liqueurs,False,False,0,42.99,,,,,hpnotiq,,,,Spirits,[],True,,,1004,1019,1211,655.5,37573.26,0.1275,337.1764705882353,0.5151515151515151
725,bcls,product,511405,0.35400322,HUA PAI MOUTAI - 18 YEARS OLD,,,Asian Spirits,,[],,493.99,,,,,,,[],,,511405,,[],,139,2024-03-11 19:10:01,,1,['06927966000124'],False,,0.5,[],HUA PAI MOUTAI - 18 YEARS OLD,,China,False,,2,2,,,False,12.0, 18 YEARS OLD,0.53,,False,[],SH,,HUA PAI MOUTAI ,CN,,China Spirits,Other Spirits,False,False,0,493.99,,,,,hua pai moutai - 18 years old,,,,Spirits,[],True,,,1004,1016,1064,69.5,68664.61,0.265,1864.1132075471698,0.06060606060606061
726,bcls,product,390615,0.3639408,HUA PAI MOUTAI - 5 YEARS OLD,,,Asian Spirits,,[],,189.79,,,,,,,[],,,390615,,[],,208,2024-03-11 19:10:01,,1,"['06927966000100', '06927966005853']",False,,0.5,[],HUA PAI MOUTAI - 5 YEARS OLD,,China,False,,2,2,,,False,21.0, 5 YEARS OLD,0.53,,False,[],SH,,HUA PAI MOUTAI ,CN,,China Spirits,Other Spirits,False,False,0,189.79,,,,,hua pai moutai - 5 years old,,,,Spirits,[],True,,,1004,1016,1064,104.0,39476.32,0.265,716.188679245283,0.10606060606060606
727,bcls,product,40918,0.35400322,HUADU BEIJING ER GUO TOU,,,Asian Spirits,,[],,29.29,,,,,,,[],,,40918,,[],,206,2024-03-11 19:10:01,,1,['06926152518887'],False,,0.75,[],HUADU BEIJING ER GUO TOU,,China,False,,2,2,,,False,12.0,HUADU BEIJING ER GUO TOU,0.56,,False,[],SR,,,CN,,China Spirits,Other Spirits,False,False,0,29.29,,,,,huadu beijing er guo tou,,,,Spirits,[],True,,,1004,1016,1064,154.5,6033.74,0.42000000000000004,69.73809523809523,0.06060606060606061
728,bcls,product,489752,0.35400322,HWAYO - 53 SOJU,,,Asian Spirits,,[],,82.99,,,,,,,[],,,489752,,[],,203,2024-03-11 19:10:01,,1,['08809158900154'],False,,0.5,[],HWAYO - 53 SOJU,,Korea - South,False,,2,2,,,False,22.0, 53 SOJU,0.53,,False,[],ST,,HWAYO ,KR,,Korea Spirits,Other Spirits,False,False,0,82.99,,,,,hwayo - 53 soju,,,,Spirits,[],True,,,1004,1016,1065,101.5,16846.969999999998,0.265,313.16981132075466,0.1111111111111111
729,bcls,product,38524,0.3639408,HYDE - 1922 SINGLE MALT RUM FINISH IRISH WHISKEY,,,Whisky,,[],,95.99,,,,,,,['BCL Select'],,,38524,,[],,4,2024-03-11 19:10:01,,1,['05391528960125'],False,,0.75,[],HYDE - 1922 SINGLE MALT RUM FINISH IRISH WHISKEY,,Ireland,False,,3,3,,,False,2.0, 1922 SINGLE MALT RUM FINISH IRISH WHISKEY,0.46,,True,['BCL Select'],C,,HYDE ,IE,,Irish Whiskey,Whisky / Whiskey,False,False,1,95.99,,,,,hyde - 1922 single malt rum finish irish whiskey,,,,Spirits,"[{'id': 'empty-placeholder', 'label': '&nbsp;', 'labelLengthWithoutTags': 1}, {'id': 'exclusive', 'label': 'ONLY@BCL', 'labelLengthWithoutTags': 8}]",True,,,1004,1024,1287,3.0,383.96,0.34500000000000003,278.231884057971,0.010101010101010102
730,bcls,product,400754,0.3639408,ICEBERG,,,Vodka,,[],True,24.49,,,2024-03-03T00:00:00.000-08:00,,,2024-03-03T00:00:00.000-08:00,['On Sale'],2024-03-31T00:00:00.000-07:00,,400754,True,[],,2206,2024-03-11 19:10:01,,1,['00627098163341'],False,,0.75,['Kosher'],ICEBERG,,Canada,False,,2,2,,,False,156.0,ICEBERG,0.4,,False,['On Sale'],SR,,,CA,,Straight Vodka,Vodka,True,False,0,23.49,,,,,iceberg,,2024-03-31T00:00:00.000-07:00,,Spirits,[],True,,,1004,1023,1281,1654.5,54024.939999999995,0.30000000000000004,81.63333333333331,0.7878787878787878
731,bcls,product,325806,0.3639408,ILEGAL MEZCAL - JOVEN,,,Tequila,,[],,78.99,,,,,,,[],,,325806,,[],,219,2024-03-11 19:10:01,,1,['00089744757357'],False,,0.75,[],ILEGAL MEZCAL - JOVEN,,Mexico,False,,2,2,,,False,33.0, JOVEN,0.4,,False,[],ST,,ILEGAL MEZCAL ,MX,,Mezcal,Tequila,False,False,0,78.99,,,,,ilegal mezcal - joven,,,,Spirits,[],True,,,1004,1022,1273,164.25,17298.809999999998,0.30000000000000004,263.29999999999995,0.16666666666666666
732,bcls,product,136757,0.35400322,INCHGOWER - 27 YEAR OLD,,,Whisky,,[],,645.99,,,,,,,['BCL Select'],,,136757,,[],,6,2024-03-11 19:10:01,Speyside,1,['00088076182936'],False,,0.75,[],INCHGOWER - 27 YEAR OLD,,United Kingdom,False,Scotland,3,3,,,False,2.0, 27 YEAR OLD,0.5529999999999999,,True,['BCL Select'],C,,INCHGOWER ,GB,,Single Malt Scotch Whisky,Whisky / Whiskey,False,False,1,645.99,,,,,inchgower - 27 year old,,,,Spirits,"[{'id': 'empty-placeholder', 'label': '&nbsp;', 'labelLengthWithoutTags': 1}, {'id': 'exclusive', 'label': 'ONLY@BCL', 'labelLengthWithoutTags': 8}]",True,,,1004,1024,1289,4.5,3875.94,0.41474999999999995,1557.5406871609405,0.010101010101010102
733,bcls,product,593392,0.35400322,INTENSE BUTTERSCOTCH - DR. MCGILLICUDDY'S,,,Liqueurs,,[],True,19.49,,,2024-03-03T00:00:00.000-08:00,,,2024-03-03T00:00:00.000-08:00,['On Sale'],2024-03-31T00:00:00.000-07:00,,593392,True,[],,424,2024-03-11 19:10:01,,1,['00088004400699'],False,,0.75,[],INTENSE BUTTERSCOTCH - DR. MCGILLICUDDY'S,,Canada,False,,3,3,,,False,23.0, DR. MCGILLICUDDY'S,0.21,,False,['On Sale'],SH,,INTENSE BUTTERSCOTCH ,CA,,Other Liqueurs,Liqueurs,False,False,0,17.49,,,,,intense butterscotch - dr. mcgillicuddys,,2024-03-31T00:00:00.000-07:00,,Spirits,[],True,,,1004,1019,1213,318.0,8263.76,0.1575,123.74603174603173,0.11616161616161616
734,bcls,product,451094,0.3639408,INVERGORDON - 18 YEAR OLD OLD PARTICULAR DOUGLAS LAING,,,Whisky,,[],,149.99,,,,,,,['BCL Select'],,,451094,,[],,22,2024-03-11 19:10:01,Highland,1,['05014218818727'],False,,0.7,[],INVERGORDON - 18 YEAR OLD OLD PARTICULAR DOUGLAS LAING,,United Kingdom,False,Scotland,3,3,,,False,3.0, 18 YEAR OLD OLD PARTICULAR DOUGLAS LAING,0.608,,True,['BCL Select'],C,,INVERGORDON ,GB,,Single Malt Scotch Whisky,Whisky / Whiskey,False,False,1,149.99,,,,,invergordon - 18 year old old particular douglas laing,,,,Spirits,"[{'id': 'empty-placeholder', 'label': '&nbsp;', 'labelLengthWithoutTags': 1}, {'id': 'exclusive', 'label': 'ONLY@BCL', 'labelLengthWithoutTags': 8}]",True,,,1004,1024,1289,15.399999999999999,3299.78,0.4256,352.4201127819549,0.015151515151515152
735,bcls,product,56320,0.3639408,ISLE OF HARRIS - GIN,,,Gin,,[],,92.99,,,,,,,[],,,56320,,[],,333,2024-03-11 19:10:01,,1,"['00810039720004', '05060527740006']",False,,0.75,[],ISLE OF HARRIS - GIN,,United Kingdom,False,,2,2,,,False,56.0, GIN,0.45,,False,[],SR,,ISLE OF HARRIS ,GB,,Dry Gin,Gin,False,False,0,92.99,,,,,isle of harris - gin,,,,Spirits,[],True,,,1004,1017,1168,249.75,30965.67,0.3375,275.5259259259259,0.2828282828282828
736,bcls,product,2360,0.3639408,J AND B RARE,,,Whisky,,[],,28.99,,,,,,,[],,,2360,,[],,1550,2024-03-11 19:10:01,,1,['05010103800303'],False,,0.75,[],J AND B RARE,,United Kingdom,False,,2,2,,,False,131.0,J AND B RARE,0.4,,False,[],SR,,,GB,,Blended Scotch Whisky,Whisky / Whiskey,False,False,0,28.99,,,,,j and b rare,,,,Spirits,[],True,,,1004,1024,1283,1162.5,44934.5,0.30000000000000004,96.63333333333331,0.6616161616161617
737,bcls,product,3343,0.3639408,J AND B RARE,,,Whisky,,[],,39.99,,,,,,,[],,,3343,,[],,1265,2024-03-11 19:10:01,,1,['05010103800440'],False,,1.14,[],J AND B RARE,,United Kingdom,False,,2,2,,,False,140.0,J AND B RARE,0.4,,False,[],G,,,GB,,Blended Scotch Whisky,Whisky / Whiskey,False,False,0,39.99,,,,,j and b rare,,,,Spirits,[],True,,,1004,1024,1283,1442.1,50587.350000000006,0.45599999999999996,87.69736842105264,0.7070707070707071
738,bcls,product,893,0.35400322,J. P. WISER'S DELUXE,,,Whisky,,[],,27.49,,,,,,,[],,,893,,[],,5362,2024-03-11 19:10:01,,1,['00048415000307'],False,,0.75,[],J. P. WISER'S DELUXE,,Canada,False,,2,2,,,False,198.0,J. P. WISER'S DELUXE,0.4,,False,[],G,,,CA,,Canadian Whisky,Whisky / Whiskey,False,False,0,27.49,,,,,j. p. wisers deluxe,,,,Spirits,[],True,,,1004,1024,1285,4021.5,147401.38,0.30000000000000004,91.63333333333331,1.0
739,bcls,product,1800,0.35400322,J. P. WISER'S DELUXE,,,Whisky,,['Spring into Fresh Flavours'],True,39.99,,,2024-03-03T00:00:00.000-08:00,,,2024-03-03T00:00:00.000-08:00,['On Sale'],2024-03-31T00:00:00.000-07:00,,1800,True,['Spring into Fresh Flavours'],,5542,2024-03-11 19:10:01,,1,['00048415345224'],False,,1.14,[],J. P. WISER'S DELUXE,,Canada,False,,2,2,,,False,197.0,J. P. WISER'S DELUXE,0.4,,False,['On Sale'],G,,,CA,,Canadian Whisky,Whisky / Whiskey,False,False,0,37.99,,,"[{'urlAlias': '/promotion/spring', 'name': 'Spring into Fresh Flavours', 'promoCode': '2024SPRINGSEASONAL', 'published': True, 'shortName': ''}]","[{'urlAlias': '/promotion/spring', 'name': 'Spring into Fresh Flavours', 'promoCode': '2024SPRINGSEASONAL', 'published': True, 'shortName': ''}]",j. p. wisers deluxe,,2024-03-31T00:00:00.000-07:00,,Spirits,"[{'id': 'empty-placeholder', 'label': '&nbsp;', 'labelLengthWithoutTags': 1}, {'id': 'featured', 'label': 'FEATURED', 'labelLengthWithoutTags': 8}]",True,,,1004,1024,1285,6317.879999999999,221624.58000000002,0.45599999999999996,87.69736842105264,0.9949494949494949
740,bcls,product,9522,0.35400322,J. P. WISER'S DELUXE,,,Whisky,,[],True,16.49,,,2024-03-03T00:00:00.000-08:00,,,2024-03-03T00:00:00.000-08:00,['On Sale'],2024-03-31T00:00:00.000-07:00,,9522,True,[],,4682,2024-03-11 19:10:01,,1,['00048415345255'],False,,0.375,[],J. P. WISER'S DELUXE,,Canada,False,,2,2,,,False,180.0,J. P. WISER'S DELUXE,0.4,,False,['On Sale'],SR,,,CA,,Canadian Whisky,Whisky / Whiskey,False,False,0,15.49,,,,,j. p. wisers deluxe,,2024-03-31T00:00:00.000-07:00,,Spirits,[],True,,,1004,1024,1285,1755.75,77206.18,0.15000000000000002,109.93333333333331,0.9090909090909091
741,bcls,product,33928,0.3639408,J. P. WISER'S DELUXE,,,Whisky,,['Spring into Fresh Flavours'],,59.99,,,,,,,[],,,33928,,['Spring into Fresh Flavours'],,3619,2024-03-11 19:10:01,,1,['00048415000109'],False,,1.75,[],J. P. WISER'S DELUXE,,Canada,False,,2,2,,,False,195.0,J. P. WISER'S DELUXE,0.4,,False,[],G,,,CA,,Canadian Whisky,Whisky / Whiskey,False,False,0,59.99,,,"[{'urlAlias': '/promotion/spring', 'name': 'Spring into Fresh Flavours', 'promoCode': '2024SPRINGSEASONAL', 'published': True, 'shortName': ''}]","[{'urlAlias': '/promotion/spring', 'name': 'Spring into Fresh Flavours', 'promoCode': '2024SPRINGSEASONAL', 'published': True, 'shortName': ''}]",j. p. wisers deluxe,,,,Spirits,"[{'id': 'empty-placeholder', 'label': '&nbsp;', 'labelLengthWithoutTags': 1}, {'id': 'featured', 'label': 'FEATURED', 'labelLengthWithoutTags': 8}]",True,,,1004,1024,1285,6333.25,217103.81,0.7000000000000001,85.69999999999999,0.9848484848484849
742,bcls,product,263304,0.35400322,J.P. WISER'S - 10 YEAR OLD CANADIAN WHISKY,,,Whisky,,[],,32.99,,,,,,,[],,,263304,,[],,1648,2024-03-11 19:10:01,,1,['00048415000017'],False,,0.75,[],J.P. WISER'S - 10 YEAR OLD CANADIAN WHISKY,,Canada,False,,2,2,,,False,109.0, 10 YEAR OLD CANADIAN WHISKY,0.4,,False,[],SR,,J.P. WISER'S ,CA,,Canadian Whisky,Whisky / Whiskey,False,False,0,32.99,,,,,j.p. wisers - 10 year old canadian whisky,,,,Spirits,[],True,,,1004,1024,1285,1236.0,54367.520000000004,0.30000000000000004,109.96666666666665,0.5505050505050505
743,bcls,product,144860,0.35400322,J.P. WISER'S - 15 YR OLD,,,Whisky,,[],,49.99,,,,,,,[],,,144860,,[],,528,2024-03-11 19:10:01,,1,['00048415540346'],False,,0.75,[],J.P. WISER'S - 15 YR OLD,,Canada,False,,2,2,,,False,71.0, 15 YR OLD,0.4,,False,[],SR,,J.P. WISER'S ,CA,,Canadian Whisky,Whisky / Whiskey,False,False,0,49.99,,,,,j.p. wisers - 15 yr old,,,,Spirits,[],True,,,1004,1024,1285,396.0,26394.72,0.30000000000000004,166.63333333333333,0.35858585858585856
744,bcls,product,355870,0.3639408,J.P. WISER'S - DELUXE CANADIAN WHISKY YELLOWSTONE LIMITED ED,,,Whisky,,[],,27.49,,,,,,,[],,,355870,,[],,1866,2024-03-11 19:10:01,,1,['00048415000352'],False,,0.75,[],J.P. WISER'S - DELUXE CANADIAN WHISKY YELLOWSTONE LIMITED ED,,Canada,False,,3,3,,,False,122.0, DELUXE CANADIAN WHISKY YELLOWSTONE LIMITED ED,0.4,,False,[],SH,,J.P. WISER'S ,CA,,Canadian Whisky,Whisky / Whiskey,False,False,0,27.49,,,,,j.p. wisers - deluxe canadian whisky yellowstone limited ed,,,,Spirits,[],True,,,1004,1024,1285,1399.5,51296.34,0.30000000000000004,91.63333333333331,0.6161616161616161
745,bcls,product,162782,0.3639408,J.P. WISER'S - OLD FASHIONED CANADIAN WHISKY COCKTAIL,,,Whisky,,[],,27.99,,,,,,,[],,,162782,,[],,1649,2024-03-11 19:10:01,,1,['00048415540605'],False,,0.75,[],J.P. WISER'S - OLD FASHIONED CANADIAN WHISKY COCKTAIL,,Canada,False,,2,2,,,False,126.0, OLD FASHIONED CANADIAN WHISKY COCKTAIL,0.35,,False,[],SR,,J.P. WISER'S ,CA,,Canadian Whisky,Whisky / Whiskey,False,False,0,27.99,,,,,j.p. wisers - old fashioned canadian whisky cocktail,,,,Spirits,[],True,,,1004,1024,1285,1236.75,46155.509999999995,0.26249999999999996,106.62857142857145,0.6363636363636364
746,bcls,product,366289,0.35400322,J.P. WISER'S - WOOD SERIES BLACK WALNUT,,,Whisky,,[],,49.99,,,,,,,[],,,366289,,[],,159,2024-03-11 19:10:01,,1,['00048415000222'],False,,0.75,[],J.P. WISER'S - WOOD SERIES BLACK WALNUT,,Canada,False,,3,3,,,False,10.0, WOOD SERIES BLACK WALNUT,0.4,,False,[],SM,,J.P. WISER'S ,CA,,Canadian Whisky,Whisky / Whiskey,False,False,1,49.99,,,,,j.p. wisers - wood series black walnut,,,,Spirits,[],True,,,1004,1024,1285,119.25,7948.410000000001,0.30000000000000004,166.63333333333333,0.050505050505050504
747,bcls,product,21949,0.35400322,J.P. WISER'S 18 YEAR OLD,,,Whisky,,[],,79.99,,,,,,,[],,,21949,,[],,663,2024-03-11 19:10:01,,1,['00048415000406'],False,,0.75,[],J.P. WISER'S 18 YEAR OLD,,Canada,False,,2,2,,,False,93.0,J.P. WISER'S 18 YEAR OLD,0.4,,False,[],SR,,,CA,,Canadian Whisky,Whisky / Whiskey,False,False,0,79.99,,,,,j.p. wisers 18 year old,,,,Spirits,[],True,,,1004,1024,1285,497.25,53033.369999999995,0.30000000000000004,266.63333333333327,0.4696969696969697
748,bcls,product,494107,0.35400322,JACK DANIEL'S - BONDED 1938 SERIES,,,Whisky,,[],,46.99,,,,,,,[],,,494107,,[],,795,2024-03-11 19:10:01,,1,['00082184005934'],False,,0.7,[],JACK DANIEL'S - BONDED 1938 SERIES,,USA,False,,2,2,,,False,92.0, BONDED 1938 SERIES,0.5,,False,[],SH,,JACK DANIEL'S ,US,,American Whiskey,Whisky / Whiskey,False,False,0,46.99,,,,,jack daniels - bonded 1938 series,,,,Spirits,[],True,,,1004,1024,1282,556.5,37357.05,0.35,134.25714285714287,0.46464646464646464
749,bcls,product,377994,0.35400322,JACK DANIEL'S - GENTLEMAN JACK RARE TENNESSEE,,,Whisky,,[],,43.99,,,,,,,[],,,377994,,[],,1727,2024-03-11 19:10:01,,1,"['00082184082966', '00082184038765']",False,,0.75,[],JACK DANIEL'S - GENTLEMAN JACK RARE TENNESSEE,,USA,False,,2,2,,,False,153.0, GENTLEMAN JACK RARE TENNESSEE,0.4,,False,[],SR,,JACK DANIEL'S ,US,,American Whiskey,Whisky / Whiskey,False,False,0,43.99,,,,,jack daniels - gentleman jack rare tennessee,,,,Spirits,[],True,,,1004,1024,1282,1295.25,75970.73000000001,0.30000000000000004,146.63333333333333,0.7727272727272727
750,bcls,product,89177,0.35400322,JACK DANIEL'S - OLD #7 TENNESSEE SOUR MASH,,,Whisky,,[],,49.49,,,,,,,[],,,89177,,[],,1705,2024-03-11 19:10:01,,1,['00082184080900'],False,,1.14,[],JACK DANIEL'S - OLD #7 TENNESSEE SOUR MASH,,USA,False,,2,2,,,False,185.0, OLD #7 TENNESSEE SOUR MASH,0.4,,False,[],G,,JACK DANIEL'S ,US,,American Whiskey,Whisky / Whiskey,False,False,0,49.49,,,,,jack daniels - old #7 tennessee sour mash,,,,Spirits,[],True,,,1004,1024,1282,1943.6999999999998,84380.45,0.45599999999999996,108.53070175438597,0.9343434343434344
751,bcls,product,119743,0.35400322,JACK DANIEL'S - OLD #7 TENNESSEE SOUR MASH,,,Whisky,,[],,20.49,,,,,,,[],,,119743,,[],,4437,2024-03-11 19:10:01,,1,['00082184080948'],False,,0.375,[],JACK DANIEL'S - OLD #7 TENNESSEE SOUR MASH,,USA,False,,2,2,,,False,194.0, OLD #7 TENNESSEE SOUR MASH,0.4,,False,[],SR,,JACK DANIEL'S ,US,,American Whiskey,Whisky / Whiskey,False,False,0,20.49,,,,,jack daniels - old #7 tennessee sour mash,,,,Spirits,[],True,,,1004,1024,1282,1663.875,90914.12999999999,0.15000000000000002,136.59999999999997,0.9797979797979798
752,bcls,product,182931,0.35400322,JACK DANIEL'S - OLD #7 TENNESSEE SOUR MASH,,,Whisky,,[],,73.99,,,,,,,[],,,182931,,[],,1620,2024-03-11 19:10:01,,1,['00082184080894'],False,,1.75,[],JACK DANIEL'S - OLD #7 TENNESSEE SOUR MASH,,USA,False,,2,2,,,False,150.0, OLD #7 TENNESSEE SOUR MASH,0.4,,False,[],SR,,JACK DANIEL'S ,US,,American Whiskey,Whisky / Whiskey,False,False,0,73.99,,,,,jack daniels - old #7 tennessee sour mash,,,,Spirits,[],True,,,1004,1024,1282,2835.0,119863.79999999999,0.7000000000000001,105.69999999999999,0.7575757575757576
753,bcls,product,53579,0.3639408,JACK DANIEL'S - OLD #7 TENNESSEE SOUR MASH,,,Whisky,,[],,142.99,,,,,,,[],,,53579,,[],,245,2024-03-11 19:10:01,,1,"['00082184083598', '00082184045114']",False,,3.0,[],JACK DANIEL'S - OLD #7 TENNESSEE SOUR MASH,,USA,False,,2,2,,,False,95.0, OLD #7 TENNESSEE SOUR MASH,0.4,,False,[],SH,,JACK DANIEL'S ,US,,American Whiskey,Whisky / Whiskey,False,False,0,142.99,,,,,jack daniels - old #7 tennessee sour mash,,,,Spirits,[],True,,,1004,1024,1282,735.0,35032.55,1.2000000000000002,119.15833333333332,0.4797979797979798
754,bcls,product,293050,0.3639408,JACK DANIEL'S - OLD #7 TENNESSEE SOUR MASH,,,Whisky,,[],,10.49,,,,,,,[],,,293050,,[],,3482,2024-03-11 19:10:01,,1,"['00082184080955', '00082184004579']",False,,0.2,[],JACK DANIEL'S - OLD #7 TENNESSEE SOUR MASH,,USA,False,,2,2,,,False,163.0, OLD #7 TENNESSEE SOUR MASH,0.4,,False,[],SR,,JACK DANIEL'S ,US,,American Whiskey,Whisky / Whiskey,False,False,0,10.49,,,,,jack daniels - old #7 tennessee sour mash,,,,Spirits,[],True,,,1004,1024,1282,696.4000000000001,36526.18,0.08000000000000002,131.12499999999997,0.8232323232323232
755,bcls,product,41384,0.35400322,JACK DANIEL'S - OLD 7,,,Whisky,,[],,37.49,,,,,,,[],,,41384,,[],,3191,2024-03-11 19:10:01,,1,"['00082184083949', '00082184080924', '00082184046357']",False,,0.75,[],JACK DANIEL'S - OLD 7,,USA,False,,2,2,,,False,197.0, OLD 7,0.4,,False,[],G,,JACK DANIEL'S ,US,,American Whiskey,Whisky / Whiskey,False,False,0,37.49,,,,,jack daniels - old 7,,,,Spirits,[],True,,,1004,1024,1282,2393.25,119630.59000000001,0.30000000000000004,124.96666666666665,0.9949494949494949
756,bcls,product,480616,0.3639408,JACK DANIEL'S - SINGLE BARREL SELECT,,,Whisky,,[],,67.99,,,,,,,[],,,480616,,[],,413,2024-03-11 19:10:01,,1,['00082184087008'],False,,0.75,[],JACK DANIEL'S - SINGLE BARREL SELECT,,USA,False,,2,2,,,False,54.0, SINGLE BARREL SELECT,0.47,,False,[],SR,,JACK DANIEL'S ,US,,American Whiskey,Whisky / Whiskey,False,False,0,67.99,,,,,jack daniels - single barrel select,,,,Spirits,[],True,,,1004,1024,1282,309.75,28079.87,0.3525,192.87943262411346,0.2727272727272727
757,bcls,product,630707,0.35400322,JACK DANIEL'S - TENNESSEE FIRE,,,Liqueurs,,[],,37.49,,,,,,,[],,,630707,,[],,1455,2024-03-11 19:10:01,,1,['00082184001172'],False,,0.75,[],JACK DANIEL'S - TENNESSEE FIRE,,USA,False,,3,3,,,False,121.0, TENNESSEE FIRE,0.35,,False,[],SR,,JACK DANIEL'S ,US,,Whiskey Liqueurs,Liqueurs,False,False,0,37.49,,,,,jack daniels - tennessee fire,,,,Spirits,[],True,,,1004,1019,1214,1091.25,54547.950000000004,0.26249999999999996,142.81904761904764,0.6111111111111112
758,bcls,product,185959,0.3639408,JACK DANIEL'S - TENNESSEE HONEY,,,Liqueurs,,[],,37.49,,,,,,,[],,,185959,,[],,2275,2024-03-11 19:10:01,,1,['00082184000335'],False,,0.75,[],JACK DANIEL'S - TENNESSEE HONEY,,USA,False,,2,2,,,False,196.0, TENNESSEE HONEY,0.35,,False,[],SR,,JACK DANIEL'S ,US,,Whiskey Liqueurs,Liqueurs,False,False,0,37.49,,,,,jack daniels - tennessee honey,,,,Spirits,[],True,,,1004,1019,1214,1706.25,85289.75,0.26249999999999996,142.81904761904764,0.98989898989899
759,bcls,product,391755,0.3639408,JACK DANIEL'S - TENNESSEE HONEY,,,Liqueurs,,[],,20.49,,,,,,,[],,,391755,,[],,3544,2024-03-11 19:10:01,,1,"['00082184000342', '00082184000656']",False,,0.375,[],JACK DANIEL'S - TENNESSEE HONEY,,USA,False,,2,2,,,False,157.0, TENNESSEE HONEY,0.35,,False,[],SR,,JACK DANIEL'S ,US,,Whiskey Liqueurs,Liqueurs,False,False,0,20.49,,,,,jack daniels - tennessee honey,,,,Spirits,[],True,,,1004,1019,1214,1329.0,72616.56,0.13124999999999998,156.11428571428573,0.7929292929292929
760,bcls,product,494099,0.35400322,JACK DANIEL'S - TRIPLE MASH 1938 SERIES,,,Whisky,,[],,49.99,,,,,,,[],,,494099,,[],,791,2024-03-11 19:10:01,,1,['00082184005941'],False,,0.7,[],JACK DANIEL'S - TRIPLE MASH 1938 SERIES,,USA,False,,2,2,,,False,91.0, TRIPLE MASH 1938 SERIES,0.5,,False,[],SH,,JACK DANIEL'S ,US,,American Whiskey,Whisky / Whiskey,False,False,0,49.99,,,,,jack daniels - triple mash 1938 series,,,,Spirits,[],True,,,1004,1024,1282,553.6999999999999,39542.090000000004,0.35,142.82857142857145,0.4595959595959596
761,bcls,product,276744,0.3639408,JACK DANIELS - BLACK DOUBLE TIN GIFT PACK,,,Whisky,,[],,42.99,,,,,,,[],,,276744,,[],,1,2024-03-11 19:10:01,,1,['00808755035281'],False,,0.75,[],JACK DANIELS - BLACK DOUBLE TIN GIFT PACK,,USA,False,,3,3,,,False,1.0, BLACK DOUBLE TIN GIFT PACK,0.4,,False,[],SM,,JACK DANIELS ,US,,American Whiskey,Whisky / Whiskey,False,False,1,42.99,,,,,jack daniels - black double tin gift pack,,,,Spirits,[],False,,,1004,1024,1282,0.75,42.99,0.30000000000000004,143.29999999999998,0.005050505050505051
762,bcls,product,306352,0.3639408,JACK DANIELS - MCLAREN SPECIAL EDITION,,,Whisky,,[],,39.99,,,,,,,['BCL Select'],,,306352,,[],,473,2024-03-11 19:10:01,,1,['05099873026045'],False,,0.7,[],JACK DANIELS - MCLAREN SPECIAL EDITION,,USA,False,,3,3,,,False,48.0, MCLAREN SPECIAL EDITION,0.4,,True,['BCL Select'],C,,JACK DANIELS ,US,,American Whiskey,Whisky / Whiskey,False,False,0,39.99,,,,,jack daniels - mclaren special edition,,,,Spirits,"[{'id': 'empty-placeholder', 'label': '&nbsp;', 'labelLengthWithoutTags': 1}, {'id': 'exclusive', 'label': 'ONLY@BCL', 'labelLengthWithoutTags': 8}]",True,,,1004,1024,1282,331.09999999999997,18915.27,0.27999999999999997,142.82142857142858,0.24242424242424243
763,bcls,product,122122,0.3639408,JACK DANIELS PERSONAL SELECTION - 94 PROOF,,,Whisky,,[],,71.99,,,,,,,['BCL Select'],,,122122,,[],,12,2024-03-11 19:10:01,,1,"['00808755032297', '00808755019755']",False,,0.75,[],JACK DANIELS PERSONAL SELECTION - 94 PROOF,,USA,False,,3,3,,,False,2.0, 94 PROOF,0.47,,True,['BCL Select'],C,,JACK DANIELS PERSONAL SELECTION ,US,,American Whiskey,Whisky / Whiskey,False,False,0,71.99,,,,,jack daniels personal selection - 94 proof,,,,Spirits,"[{'id': 'empty-placeholder', 'label': '&nbsp;', 'labelLengthWithoutTags': 1}, {'id': 'exclusive', 'label': 'ONLY@BCL', 'labelLengthWithoutTags': 8}]",True,,,1004,1024,1282,9.0,863.8799999999999,0.3525,204.22695035460993,0.010101010101010102
764,bcls,product,117101,0.35400322,JAGERMEISTER,,,Liqueurs,,[],,36.99,,,,,,,[],,,117101,,[],,4297,2024-03-11 19:10:01,,1,"['04067700028457', '04067700012081']",False,,0.75,[],JAGERMEISTER,,Germany,False,,2,2,,,False,198.0,JAGERMEISTER,0.35,,False,[],G,,,DE,,Anise And Herbal/Spice Liqueurs,Liqueurs,False,False,0,36.99,,,,,jagermeister,,,,Spirits,[],True,,,1004,1019,1208,3222.75,158946.03,0.26249999999999996,140.91428571428574,1.0
765,bcls,product,32813,0.3639408,JAGERMEISTER,,,Liqueurs,,[],,12.49,,,,,,,[],,,32813,,[],,3980,2024-03-11 19:10:01,,1,"['04067700002501', '00000040677255']",False,,0.2,[],JAGERMEISTER,,Germany,False,,2,2,,,False,168.0,JAGERMEISTER,0.35,,False,[],SR,,,DE,,Anise And Herbal/Spice Liqueurs,Liqueurs,False,False,0,12.49,,,,,jagermeister,,,,Spirits,[],True,,,1004,1019,1208,796.0,49710.200000000004,0.06999999999999999,178.42857142857144,0.8484848484848485
766,bcls,product,61408,0.3639408,JAGERMEISTER,,,Liqueurs,,[],,21.49,,,,,,,[],,,61408,,[],,2909,2024-03-11 19:10:01,,1,['04067700012043'],False,,0.375,[],JAGERMEISTER,,Germany,False,,2,2,,,False,197.0,JAGERMEISTER,0.35,,False,[],SR,,,DE,,Anise And Herbal/Spice Liqueurs,Liqueurs,False,False,0,21.49,,,,,jagermeister,,,,Spirits,[],True,,,1004,1019,1208,1090.875,62514.409999999996,0.13124999999999998,163.73333333333335,0.9949494949494949
767,bcls,product,416867,0.3639408,JAGERMEISTER,,,Liqueurs,,[],,52.99,,,,,,,[],,,416867,,[],,2558,2024-03-11 19:10:01,,1,['04067700012265'],False,,1.14,[],JAGERMEISTER,,Germany,False,,2,2,,,False,193.0,JAGERMEISTER,0.35,,False,[],SR,,,DE,,Anise And Herbal/Spice Liqueurs,Liqueurs,False,False,0,52.99,,,,,jagermeister,,,,Spirits,[],True,,,1004,1019,1208,2916.12,135548.42,0.39899999999999997,132.80701754385967,0.9747474747474747
768,bcls,product,641035,0.35400322,JAMESON - BLACK BARREL,,,Whisky,,['Spring into Fresh Flavours'],True,56.99,,,2024-03-03T00:00:00.000-08:00,,,2024-03-03T00:00:00.000-08:00,['On Sale'],2024-03-31T00:00:00.000-07:00,,641035,True,['Spring into Fresh Flavours'],,1854,2024-03-11 19:10:01,,1,['05011007024000'],False,,0.75,[],JAMESON - BLACK BARREL,,Ireland,False,,2,2,,,False,107.0, BLACK BARREL,0.4,,False,['On Sale'],SR,,JAMESON ,IE,,Irish Whiskey,Whisky / Whiskey,False,False,0,53.99,,,"[{'urlAlias': '/promotion/spring', 'name': 'Spring into Fresh Flavours', 'promoCode': '2024SPRINGSEASONAL', 'published': True, 'shortName': ''}]","[{'urlAlias': '/promotion/spring', 'name': 'Spring into Fresh Flavours', 'promoCode': '2024SPRINGSEASONAL', 'published': True, 'shortName': ''}]",jameson - black barrel,,2024-03-31T00:00:00.000-07:00,,Spirits,"[{'id': 'empty-placeholder', 'label': '&nbsp;', 'labelLengthWithoutTags': 1}, {'id': 'featured', 'label': 'FEATURED', 'labelLengthWithoutTags': 8}]",True,,,1004,1024,1287,1390.5,105659.46,0.30000000000000004,189.96666666666664,0.5404040404040404
769,bcls,product,450072,0.3639408,JAMESON - CASKMATES AGED IN CRAFT BEER BARRELS,,,Whisky,,[],,39.99,,,,,,,[],,,450072,,[],,1177,2024-03-11 19:10:01,,1,['00080432109922'],False,,0.75,[],JAMESON - CASKMATES AGED IN CRAFT BEER BARRELS,,Ireland,False,,2,2,,,False,95.0, CASKMATES AGED IN CRAFT BEER BARRELS,0.4,,False,[],SR,,JAMESON ,IE,,Irish Whiskey,Whisky / Whiskey,False,False,0,39.99,,,,,jameson - caskmates aged in craft beer barrels,,,,Spirits,[],True,,,1004,1024,1287,882.75,47068.23,0.30000000000000004,133.29999999999998,0.4797979797979798
770,bcls,product,121877,0.3639408,JAMESON - CASKMATES IPA IRISH WHISKEY,,,Whisky,,[],True,39.99,,,2024-03-03T00:00:00.000-08:00,,,2024-03-03T00:00:00.000-08:00,['On Sale'],2024-03-31T00:00:00.000-07:00,,121877,True,[],,486,2024-03-11 19:10:01,,1,"['00080432112199', '05011007023331']",False,,0.75,[],JAMESON - CASKMATES IPA IRISH WHISKEY,,Ireland,False,,2,2,,,False,44.0, CASKMATES IPA IRISH WHISKEY,0.4,,False,['On Sale'],SH,,JAMESON ,IE,,Irish Whiskey,Whisky / Whiskey,False,False,0,38.49,,,,,jameson - caskmates ipa irish whiskey,,2024-03-31T00:00:00.000-07:00,,Spirits,[],True,,,1004,1024,1287,364.5,19435.14,0.30000000000000004,133.29999999999998,0.2222222222222222
771,bcls,product,345734,0.3639408,JAMESON - GIFT PACK,,,Whisky,,[],True,14.99,,,2024-03-03T00:00:00.000-08:00,,,2024-03-03T00:00:00.000-08:00,['On Sale'],2024-03-31T00:00:00.000-07:00,,345734,True,[],,269,2024-03-11 19:10:01,,3,['05011007020712'],False,,0.05,[],JAMESON - GIFT PACK,,Ireland,False,,3,3,,,False,33.0, GIFT PACK,0.4,,False,['On Sale'],SM,,JAMESON ,IE,,Irish Whiskey,Whisky / Whiskey,False,False,0,13.49,,,,,jameson - gift pack,,2024-03-31T00:00:00.000-07:00,,Spirits,[],True,,,1004,1024,1287,40.35000000000001,4032.31,0.06000000000000001,249.8333333333333,0.16666666666666666
772,bcls,product,230987,0.35400322,JAMESON - IRISH,,,Whisky,,[],,21.99,,,,,,,[],,,230987,,[],,4156,2024-03-11 19:10:01,,1,['00080432500149'],False,,0.375,[],JAMESON - IRISH,,Ireland,False,,2,2,,,False,191.0, IRISH,0.4,,False,[],G,,JAMESON ,IE,,Irish Whiskey,Whisky / Whiskey,False,False,0,21.99,,,,,jameson - irish,,,,Spirits,[],True,,,1004,1024,1287,1558.5,91390.43999999999,0.15000000000000002,146.59999999999997,0.9646464646464646
773,bcls,product,10157,0.3639408,JAMESON - IRISH,,,Whisky,,['Featured Products'],True,39.99,,,2024-03-03T00:00:00.000-08:00,,,2024-03-03T00:00:00.000-08:00,['On Sale'],2024-03-31T00:00:00.000-07:00,,10157,True,['Featured Products'],,9676,2024-03-11 19:10:01,,1,['00080432500170'],False,,0.75,[],JAMESON - IRISH,,Ireland,False,,2,2,,,False,198.0, IRISH,0.4,,False,['On Sale'],G,,JAMESON ,IE,,Irish Whiskey,Whisky / Whiskey,False,False,0,36.99,,,"[{'urlAlias': '/promotion/monthly-flyer', 'name': 'Featured Products', 'promoCode': '202403FEATURESALE', 'published': True, 'shortName': ''}]","[{'urlAlias': '/promotion/monthly-flyer', 'name': 'Featured Products', 'promoCode': '202403FEATURESALE', 'published': True, 'shortName': ''}]",jameson - irish,,2024-03-31T00:00:00.000-07:00,,Spirits,"[{'id': 'empty-placeholder', 'label': '&nbsp;', 'labelLengthWithoutTags': 1}, {'id': 'featured', 'label': 'FEATURED', 'labelLengthWithoutTags': 8}]",True,,,1004,1024,1287,7257.0,386943.24,0.30000000000000004,133.29999999999998,1.0
774,bcls,product,928374,0.3639408,JAMESON - IRISH,,,Whisky,,[],,54.99,,,,,,,[],,,928374,,[],,5239,2024-03-11 19:10:01,,1,['05011007017552'],False,,1.14,[],JAMESON - IRISH,,Ireland,False,,2,2,,,False,186.0, IRISH,0.4,,False,[],G,,JAMESON ,IE,,Irish Whiskey,Whisky / Whiskey,False,False,0,54.99,,,,,jameson - irish,,,,Spirits,[],True,,,1004,1024,1287,5972.459999999999,288092.61,0.45599999999999996,120.5921052631579,0.9393939393939394
775,bcls,product,114739,0.3639408,JAMESON - IRISH WHISKEY,,,Whisky,,[],True,83.99,,,2024-03-03T00:00:00.000-08:00,,,2024-03-03T00:00:00.000-08:00,['On Sale'],2024-03-31T00:00:00.000-07:00,,114739,True,[],,738,2024-03-11 19:10:01,,1,['00080432500187'],False,,1.75,[],JAMESON - IRISH WHISKEY,,Ireland,False,,2,2,,,False,53.0, IRISH WHISKEY,0.4,,False,['On Sale'],SR,,JAMESON ,IE,,Irish Whiskey,Whisky / Whiskey,False,False,0,80.49,,,,,jameson - irish whiskey,,2024-03-31T00:00:00.000-07:00,,Spirits,[],True,,,1004,1024,1287,1291.5,61984.619999999995,0.7000000000000001,119.98571428571427,0.2676767676767677
776,bcls,product,586602,0.3639408,JAMESON - IRISH WHISKEY SPECIAL EDITION BOTTLE,,,Whisky,,[],,39.99,,,,,,,[],,,586602,,[],,2284,2024-03-11 19:10:01,,1,"['05011007023805', '05011007025212', '05011007003005', '00808755012244']",False,,0.75,[],JAMESON - IRISH WHISKEY SPECIAL EDITION BOTTLE,,Ireland,False,,2,2,,,False,183.0, IRISH WHISKEY SPECIAL EDITION BOTTLE,0.4,,False,[],SH,,JAMESON ,IE,,Irish Whiskey,Whisky / Whiskey,False,False,0,39.99,,,,,jameson - irish whiskey special edition bottle,,,,Spirits,[],True,,,1004,1024,1287,1713.0,91337.16,0.30000000000000004,133.29999999999998,0.9242424242424242
777,bcls,product,14220,0.3639408,JAMESON- COLD BREW,,,Whisky,,[],True,38.49,,,2024-03-03T00:00:00.000-08:00,,,2024-03-03T00:00:00.000-08:00,['On Sale'],2024-03-31T00:00:00.000-07:00,,14220,True,[],,1785,2024-03-11 19:10:01,,1,['00080432115619'],False,,0.75,[],JAMESON- COLD BREW,,Ireland,False,,2,2,,,False,146.0, COLD BREW,0.3,,False,['On Sale'],SH,,JAMESON,IE,,Irish Whiskey,Whisky / Whiskey,False,False,0,36.99,,,,,jameson- cold brew,,2024-03-31T00:00:00.000-07:00,,Spirits,[],True,,,1004,1024,1287,1338.75,68704.65000000001,0.22499999999999998,171.0666666666667,0.7373737373737373
778,bcls,product,537209,0.35400322,JIM BEAM - BLACK EXTRA AGED,,,Whisky,,[],,31.99,,,,,,,[],,,537209,,[],,1716,2024-03-11 19:10:01,,1,['00080686003403'],False,,0.75,[],JIM BEAM - BLACK EXTRA AGED,,USA,False,,2,2,,,False,147.0, BLACK EXTRA AGED,0.43,,False,[],SR,,JIM BEAM ,US,,Bourbon Whiskey,Whisky / Whiskey,False,False,0,31.99,,,,,jim beam - black extra aged,,,,Spirits,[],True,,,1004,1024,1284,1287.0,54894.84,0.3225,99.1937984496124,0.7424242424242424
779,bcls,product,21378,0.35400322,JIM BEAM - KENTUCKY BOURBON,,,Whisky,,[],True,31.99,,,2024-03-03T00:00:00.000-08:00,,,2024-03-03T00:00:00.000-08:00,['On Sale'],2024-03-31T00:00:00.000-07:00,,21378,True,[],,2748,2024-03-11 19:10:01,,1,"['00080686025283', '00080686001409']",False,,0.75,[],JIM BEAM - KENTUCKY BOURBON,,USA,False,,2,2,,,False,198.0, KENTUCKY BOURBON,0.4,,False,['On Sale'],SR,,JIM BEAM ,US,,Bourbon Whiskey,Whisky / Whiskey,False,False,0,30.49,,,,,jim beam - kentucky bourbon,,2024-03-31T00:00:00.000-07:00,,Spirits,[],True,,,1004,1024,1284,2061.0,87908.51999999999,0.30000000000000004,106.63333333333331,1.0
780,bcls,product,289264,0.35400322,JIM BEAM - KENTUCKY BOURBON,,,Whisky,,[],,41.99,,,,,,,[],,,289264,,[],,1892,2024-03-11 19:10:01,,1,['00080686002147'],False,,1.14,[],JIM BEAM - KENTUCKY BOURBON,,USA,False,,2,2,,,False,145.0, KENTUCKY BOURBON,0.4,,False,[],SR,,JIM BEAM ,US,,Bourbon Whiskey,Whisky / Whiskey,False,False,0,41.99,,,,,jim beam - kentucky bourbon,,,,Spirits,[],True,,,1004,1024,1284,2156.8799999999997,79445.08,0.45599999999999996,92.08333333333334,0.7323232323232324
781,bcls,product,273154,0.3639408,JINRO - 24 SOJU,,,Asian Spirits,,[],,22.29,,,,,,,[],,,273154,,[],,773,2024-03-11 19:10:01,,1,['00605779976480'],False,,0.7,[],JINRO - 24 SOJU,,Korea - South,False,,2,2,,,False,49.0, 24 SOJU,0.24,,False,[],SR,,JINRO ,KR,,Korea Spirits,Other Spirits,False,False,0,22.29,,,,,jinro - 24 soju,,,,Spirits,[],False,,,1004,1016,1065,541.0999999999999,17230.17,0.16799999999999998,132.67857142857144,0.2474747474747475
782,bcls,product,873208,0.35400322,JINRO - CHAMISUL CLASSIC,,,Asian Spirits,,[],,8.79,,,,,,,[],,,873208,,[],,4027,2024-03-11 19:10:01,,1,['00795652200976'],False,,0.36,[],JINRO - CHAMISUL CLASSIC,,Korea - South,False,,2,2,,,False,116.0, CHAMISUL CLASSIC,0.201,,False,[],SR,,JINRO ,KR,,Korea Spirits,Other Spirits,False,False,0,8.79,,,,,jinro - chamisul classic,,,,Spirits,[],True,,,1004,1016,1065,1449.72,35397.329999999994,0.07236000000000001,121.47595356550578,0.5858585858585859
783,bcls,product,612614,0.35400322,JINRO - CHAMISUL FRESH,,,Asian Spirits,,[],,8.79,,,,,,,[],,,612614,,[],,2887,2024-03-11 19:10:01,,1,['08801048951000'],False,,0.36,[],JINRO - CHAMISUL FRESH,,Korea - South,False,,2,2,,,False,65.0, CHAMISUL FRESH,0.165,,False,[],SR,,JINRO ,KR,,Korea Spirits,Other Spirits,False,False,0,8.79,,,,,jinro - chamisul fresh,,,,Spirits,[],True,,,1004,1016,1065,1039.32,25376.729999999996,0.0594,147.97979797979795,0.3282828282828283
784,bcls,product,644526,0.35400322,JINRO - CHAMISUL GRAPEFRUIT SOJU,,,Asian Spirits,,[],,8.79,,,,,,,[],,,644526,,[],,2086,2024-03-11 19:10:01,,1,['00712166833278'],False,,0.36,[],JINRO - CHAMISUL GRAPEFRUIT SOJU,,Korea - South,False,,2,2,,,False,74.0, CHAMISUL GRAPEFRUIT SOJU,0.13,,False,[],SR,,JINRO ,KR,,Korea Spirits,Other Spirits,False,False,0,8.79,,,,,jinro - chamisul grapefruit soju,,,,Spirits,[],True,,,1004,1016,1065,750.9599999999999,18335.94,0.0468,187.8205128205128,0.37373737373737376
785,bcls,product,30195,0.35400322,JINRO - CHAMISUL GREEN GRAPE,,,Asian Spirits,,[],,8.79,,,,,,,[],,,30195,,[],,2129,2024-03-11 19:10:01,,1,['08801048921102'],False,,0.36,[],JINRO - CHAMISUL GREEN GRAPE,,Korea - South,False,,2,2,,,False,71.0, CHAMISUL GREEN GRAPE,0.13,,False,[],SR,,JINRO ,KR,,Korea Spirits,Other Spirits,False,False,0,8.79,,,,,jinro - chamisul green grape,,,,Spirits,[],True,,,1004,1016,1065,766.4399999999999,18713.91,0.0468,187.8205128205128,0.35858585858585856
786,bcls,product,3098,0.3639408,JOHN BARR RESERVE - WHYTE AND MACKAY,,,Whisky,,[],,31.99,,,,,,,['BCL Select'],,,3098,,[],,1311,2024-03-11 19:10:01,,1,['00087647111962'],False,,0.75,[],JOHN BARR RESERVE - WHYTE AND MACKAY,,United Kingdom,False,,2,2,,,False,98.0, WHYTE AND MACKAY,0.4,,True,['BCL Select'],C,,JOHN BARR RESERVE ,GB,,Blended Scotch Whisky,Whisky / Whiskey,False,False,0,31.99,,,,,john barr reserve - whyte and mackay,,,,Spirits,"[{'id': 'empty-placeholder', 'label': '&nbsp;', 'labelLengthWithoutTags': 1}, {'id': 'exclusive', 'label': 'ONLY@BCL', 'labelLengthWithoutTags': 8}]",True,,,1004,1024,1283,983.25,41938.89,0.30000000000000004,106.63333333333331,0.494949494949495
787,bcls,product,7880,0.35400322,JOHNNIE WALKER - 12 YEAR OLD BLACK LABEL,,,Whisky,,[],,63.99,,,,,,,[],,,7880,,[],,2727,2024-03-11 19:10:01,,1,"['00622153629046', '00088110011307']",False,,0.75,[],JOHNNIE WALKER - 12 YEAR OLD BLACK LABEL,,United Kingdom,False,,2,2,,,False,177.0, 12 YEAR OLD BLACK LABEL,0.4,,False,[],G,,JOHNNIE WALKER ,GB,,Blended Scotch Whisky,Whisky / Whiskey,False,False,0,63.99,,,,,johnnie walker - 12 year old black label,,,,Spirits,[],True,,,1004,1024,1283,2045.25,174500.73,0.30000000000000004,213.29999999999998,0.8939393939393939
788,bcls,product,17970,0.3639408,JOHNNIE WALKER - 12 YEAR OLD BLACK LABEL,,,Whisky,,[],True,87.99,,,2024-03-03T00:00:00.000-08:00,,,2024-03-03T00:00:00.000-08:00,['On Sale'],2024-03-31T00:00:00.000-07:00,,17970,True,[],,1045,2024-03-11 19:10:01,,1,['00622153629060'],False,,1.14,[],JOHNNIE WALKER - 12 YEAR OLD BLACK LABEL,,United Kingdom,False,,2,2,,,False,103.0, 12 YEAR OLD BLACK LABEL,0.4,,False,['On Sale'],G,,JOHNNIE WALKER ,GB,,Blended Scotch Whisky,Whisky / Whiskey,False,False,0,84.49,,,,,johnnie walker - 12 year old black label,,2024-03-31T00:00:00.000-07:00,,Spirits,[],True,,,1004,1024,1283,1191.3,91949.54999999999,0.45599999999999996,192.96052631578948,0.5202020202020202
789,bcls,product,96412,0.3639408,JOHNNIE WALKER - 12 YEAR OLD BLACK LABEL,,,Whisky,,[],,109.99,,,,,,,[],,,96412,,[],,1008,2024-03-11 19:10:01,,1,"['05000267022819', '05000267022802']",False,,1.75,[],JOHNNIE WALKER - 12 YEAR OLD BLACK LABEL,,United Kingdom,False,,2,2,,,False,109.0, 12 YEAR OLD BLACK LABEL,0.4,,False,[],SR,,JOHNNIE WALKER ,GB,,Blended Scotch Whisky,Whisky / Whiskey,False,False,0,109.99,,,,,johnnie walker - 12 year old black label,,,,Spirits,[],True,,,1004,1024,1283,1764.0,110869.92,0.7000000000000001,157.1285714285714,0.5505050505050505
790,bcls,product,196188,0.35400322,JOHNNIE WALKER - 15 YEAR OLD GREEN LABEL,,,Whisky,,[],,101.99,,,,,,,[],,,196188,,[],,730,2024-03-11 19:10:01,,1,"['00622153662180', '05000267096858', '00088076162624']",False,,0.75,[],JOHNNIE WALKER - 15 YEAR OLD GREEN LABEL,,United Kingdom,False,,2,2,,,False,90.0, 15 YEAR OLD GREEN LABEL,0.43,,False,[],SR,,JOHNNIE WALKER ,GB,,Blended Scotch Whisky,Whisky / Whiskey,False,False,0,101.99,,,,,johnnie walker - 15 year old green label,,,,Spirits,[],True,,,1004,1024,1283,547.5,74452.7,0.3225,316.2480620155039,0.45454545454545453
791,bcls,product,762096,0.3639408,JOHNNIE WALKER - 18 YEAR OLD,,,Whisky,,[],,164.99,,,,,,,[],,,762096,,[],,542,2024-03-11 19:10:01,,1,"['00088076181397', '00088076178182']",False,,0.75,[],JOHNNIE WALKER - 18 YEAR OLD,,United Kingdom,False,,2,2,,,False,82.0, 18 YEAR OLD,0.4,,False,[],SR,,JOHNNIE WALKER ,GB,,Blended Scotch Whisky,Whisky / Whiskey,False,False,0,164.99,,,,,johnnie walker - 18 year old,,,,Spirits,[],True,,,1004,1024,1283,406.5,89424.58,0.30000000000000004,549.9666666666666,0.41414141414141414
792,bcls,product,495513,0.35400322,JOHNNIE WALKER - BLACK ICON,,,Whisky,,[],,60.99,,,,,,,['BCL Select'],,,495513,,[],,11,2024-03-11 19:10:01,,1,['05000267185996'],False,,0.75,[],JOHNNIE WALKER - BLACK ICON,,United Kingdom,False,,3,3,,,False,1.0, BLACK ICON,0.4,,True,['BCL Select'],C,,JOHNNIE WALKER ,GB,,Blended Scotch Whisky,Whisky / Whiskey,False,False,1,60.99,,,,,johnnie walker - black icon,,,,Spirits,"[{'id': 'empty-placeholder', 'label': '&nbsp;', 'labelLengthWithoutTags': 1}, {'id': 'exclusive', 'label': 'ONLY@BCL', 'labelLengthWithoutTags': 8}]",True,,,1004,1024,1283,8.25,670.89,0.30000000000000004,203.29999999999998,0.005050505050505051
793,bcls,product,174097,0.3639408,JOHNNIE WALKER - BLENDERS' BATCH WINE CASK BLEND,,,Whisky,,[],,53.99,,,,,,,[],,,174097,,[],,7,2024-03-11 19:10:01,,1,['00088076181595'],False,,0.75,[],JOHNNIE WALKER - BLENDERS' BATCH WINE CASK BLEND,,United Kingdom,False,,3,3,,,False,1.0, BLENDERS' BATCH WINE CASK BLEND,0.4,,False,[],SH,,JOHNNIE WALKER ,GB,,Blended Scotch Whisky,Whisky / Whiskey,False,False,1,53.99,,,,,johnnie walker - blenders batch wine cask blend,,,,Spirits,[],True,,,1004,1024,1283,5.25,377.93,0.30000000000000004,179.96666666666664,0.005050505050505051
794,bcls,product,308155,0.3639408,JOHNNIE WALKER - BLUE LABEL,,,Whisky,,[],,344.99,,,,,,,[],,,308155,,[],,870,2024-03-11 19:10:01,,1,"['00088076177666', '00622153635047']",False,,0.75,[],JOHNNIE WALKER - BLUE LABEL,,United Kingdom,False,,2,2,,,False,140.0, BLUE LABEL,0.4,,False,[],SR,,JOHNNIE WALKER ,GB,,Blended Scotch Whisky,Whisky / Whiskey,False,False,0,344.99,,,,,johnnie walker - blue label,,,,Spirits,[],True,,,1004,1024,1283,652.5,300141.3,0.30000000000000004,1149.9666666666665,0.7070707070707071
795,bcls,product,308046,0.3639408,JOHNNIE WALKER - BLUE LABEL ELUSIVE UMAMI,,,Whisky,,[],,600.0,,,,,,,['BCL Select'],,,308046,,[],,109,2024-03-11 19:10:01,,1,['00088076188396'],False,,0.75,[],JOHNNIE WALKER - BLUE LABEL ELUSIVE UMAMI,,United Kingdom,False,,3,3,,,False,30.0, BLUE LABEL ELUSIVE UMAMI,0.43,,True,['BCL Select'],C,,JOHNNIE WALKER ,GB,,Blended Scotch Whisky,Whisky / Whiskey,False,False,0,600.0,,,,,johnnie walker - blue label elusive umami,,,,Spirits,"[{'id': 'empty-placeholder', 'label': '&nbsp;', 'labelLengthWithoutTags': 1}, {'id': 'exclusive', 'label': 'ONLY@BCL', 'labelLengthWithoutTags': 8}]",True,,,1004,1024,1283,81.75,65400.0,0.3225,1860.4651162790697,0.15151515151515152
796,bcls,product,250806,0.35400322,JOHNNIE WALKER - BLUE LABEL GHOST & RARE 5TH EDITION,,,Whisky,,[],,620.0,,,,,,,[],,,250806,,[],,1,2024-03-11 19:10:01,,1,['00088076187870'],False,,0.75,[],JOHNNIE WALKER - BLUE LABEL GHOST & RARE 5TH EDITION,,United Kingdom,False,,3,3,,,False,1.0, BLUE LABEL GHOST & RARE 5TH EDITION,0.43799999999999994,,False,[],SM,,JOHNNIE WALKER ,GB,,Blended Scotch Whisky,Whisky / Whiskey,False,False,0,620.0,,,,,johnnie walker - blue label ghost & rare 5th edition,,,,Spirits,[],True,,,1004,1024,1283,0.75,620.0,0.32849999999999996,1887.3668188736685,0.005050505050505051
797,bcls,product,952556,0.35400322,JOHNNIE WALKER - BLUE LABEL KING GEORGE V,,,Whisky,,[],,900.0,,,,,,,[],,,952556,,[],,46,2024-03-11 19:10:01,,1,['05000267106151'],False,,0.75,[],JOHNNIE WALKER - BLUE LABEL KING GEORGE V,,United Kingdom,False,,2,2,,,False,6.0, BLUE LABEL KING GEORGE V,0.43,,False,[],ST,,JOHNNIE WALKER ,GB,,Blended Scotch Whisky,Whisky / Whiskey,False,False,0,900.0,,,,,johnnie walker - blue label king george v,,,,Spirits,[],True,,,1004,1024,1283,34.5,41400.0,0.3225,2790.6976744186045,0.030303030303030304
798,bcls,product,375830,0.3639408,JOHNNIE WALKER - BLUE LABEL LNY 2024 YEAR OF THE WOOD DRAGON,,,Whisky,,[],,409.99,,,,,,,['BCL Select'],,,375830,,[],,142,2024-03-11 19:10:01,,1,['00088076188938'],False,,0.75,[],JOHNNIE WALKER - BLUE LABEL LNY 2024 YEAR OF THE WOOD DRAGON,,United Kingdom,False,,3,3,,,False,18.0, BLUE LABEL LNY 2024 YEAR OF THE WOOD DRAGON,0.46,,True,['BCL Select'],C,,JOHNNIE WALKER ,GB,,Blended Scotch Whisky,Whisky / Whiskey,False,False,0,409.99,,,,,johnnie walker - blue label lny 2024 year of the wood dragon,,,,Spirits,"[{'id': 'empty-placeholder', 'label': '&nbsp;', 'labelLengthWithoutTags': 1}, {'id': 'exclusive', 'label': 'ONLY@BCL', 'labelLengthWithoutTags': 8}]",True,,,1004,1024,1283,106.5,58218.58,0.34500000000000003,1188.3768115942028,0.09090909090909091
799,bcls,product,407853,0.35400322,JOHNNIE WALKER - FANTASTIC FOUR GIFT PACK,,,Whisky,,[],,169.99,,,,,,,[],,,407853,,[],,17,2024-03-11 19:10:01,,4,['00088076183124'],False,,0.2,[],JOHNNIE WALKER - FANTASTIC FOUR GIFT PACK,,United Kingdom,False,,3,3,,,False,6.0, FANTASTIC FOUR GIFT PACK,0.4,,False,[],ST,,JOHNNIE WALKER ,GB,,Blended Scotch Whisky,Whisky / Whiskey,False,False,0,169.99,,,,,johnnie walker - fantastic four gift pack,,,,Spirits,[],True,,,1004,1024,1283,13.600000000000001,2889.83,0.32000000000000006,531.2187499999999,0.030303030303030304
800,bcls,product,148534,0.3639408,JOHNNIE WALKER - GAME OF THRONES A SONG OF FIRE,,,Whisky,,[],,59.99,,,,,,,[],,,148534,,[],,74,2024-03-11 19:10:01,,1,['00088076184114'],False,,0.75,[],JOHNNIE WALKER - GAME OF THRONES A SONG OF FIRE,,USA,False,,3,3,,,False,8.0, GAME OF THRONES A SONG OF FIRE,0.408,,False,[],SH,,JOHNNIE WALKER ,US,,Blended Scotch Whisky,Whisky / Whiskey,False,False,0,59.99,,,,,johnnie walker - game of thrones a song of fire,,,,Spirits,[],True,,,1004,1024,1283,55.5,4439.26,0.306,196.04575163398692,0.04040404040404041
801,bcls,product,148525,0.3639408,JOHNNIE WALKER - GAME OF THRONES A SONG OF ICE,,,Whisky,,[],,60.99,,,,,,,[],,,148525,,[],,40,2024-03-11 19:10:01,,1,['00088076184121'],False,,0.75,[],JOHNNIE WALKER - GAME OF THRONES A SONG OF ICE,,USA,False,,3,3,,,False,5.0, GAME OF THRONES A SONG OF ICE,0.402,,False,[],SH,,JOHNNIE WALKER ,US,,Blended Scotch Whisky,Whisky / Whiskey,False,False,0,60.99,,,,,johnnie walker - game of thrones a song of ice,,,,Spirits,[],True,,,1004,1024,1283,30.0,2439.6,0.3015,202.28855721393037,0.025252525252525252
802,bcls,product,495510,0.3639408,JOHNNIE WALKER - GOLD ICON,,,Whisky,,[],,85.99,,,,,,,['BCL Select'],,,495510,,[],,9,2024-03-11 19:10:01,,1,['05000267185934'],False,,0.75,[],JOHNNIE WALKER - GOLD ICON,,United Kingdom,False,,3,3,,,False,2.0, GOLD ICON,0.4,,True,['BCL Select'],C,,JOHNNIE WALKER ,GB,,Blended Scotch Whisky,Whisky / Whiskey,False,False,1,85.99,,,,,johnnie walker - gold icon,,,,Spirits,"[{'id': 'empty-placeholder', 'label': '&nbsp;', 'labelLengthWithoutTags': 1}, {'id': 'exclusive', 'label': 'ONLY@BCL', 'labelLengthWithoutTags': 8}]",True,,,1004,1024,1283,6.75,773.91,0.30000000000000004,286.63333333333327,0.010101010101010102
803,bcls,product,433383,0.3639408,JOHNNIE WALKER - GOLD LABEL RESERVE,,,Whisky,,[],,95.99,,,,,,,[],,,433383,,[],,901,2024-03-11 19:10:01,,1,['00088076178175'],False,,0.75,[],JOHNNIE WALKER - GOLD LABEL RESERVE,,United Kingdom,False,,2,2,,,False,75.0, GOLD LABEL RESERVE,0.4,,False,[],SR,,JOHNNIE WALKER ,GB,,Blended Scotch Whisky,Whisky / Whiskey,False,False,0,95.99,,,,,johnnie walker - gold label reserve,,,,Spirits,[],True,,,1004,1024,1283,675.75,86486.98999999999,0.30000000000000004,319.9666666666666,0.3787878787878788
804,bcls,product,92557,0.35400322,JOHNNIE WALKER - GOLD LABEL RESERVE LIMITED EDITION,,,Whisky,,[],,86.99,,,,,,,[],,,92557,,[],,17,2024-03-11 19:10:01,,1,['05000267182353'],False,,0.75,[],JOHNNIE WALKER - GOLD LABEL RESERVE LIMITED EDITION,,United Kingdom,False,,3,3,,,False,4.0, GOLD LABEL RESERVE LIMITED EDITION,0.4,,False,[],SH,,JOHNNIE WALKER ,GB,,Blended Scotch Whisky,Whisky / Whiskey,False,False,1,86.99,,,,,johnnie walker - gold label reserve limited edition,,,,Spirits,[],True,,,1004,1024,1283,12.75,1478.83,0.30000000000000004,289.9666666666666,0.020202020202020204
805,bcls,product,250801,0.3639408,JOHNNIE WALKER - KING GEORGE V (LNY EDITION),,,Whisky,,[],,910.0,,,,,,,[],,,250801,,[],,21,2024-03-11 19:10:01,,1,['00088076187856'],False,,0.75,[],JOHNNIE WALKER - KING GEORGE V (LNY EDITION),,United Kingdom,False,,3,3,,,False,10.0, KING GEORGE V (LNY EDITION),0.43,,False,[],SM,,JOHNNIE WALKER ,GB,,Blended Scotch Whisky,Whisky / Whiskey,False,False,1,910.0,,,,,johnnie walker - king george v (lny edition),,,,Spirits,[],True,,,1004,1024,1283,15.75,19110.0,0.3225,2821.705426356589,0.050505050505050504
806,bcls,product,1099,0.35400322,JOHNNIE WALKER - RED LABEL,,,Whisky,,[],True,31.99,,,2024-03-03T00:00:00.000-08:00,,,2024-03-03T00:00:00.000-08:00,['On Sale'],2024-03-31T00:00:00.000-07:00,,1099,True,[],,2983,2024-03-11 19:10:01,,1,"['00622153631049', '00622153631476']",False,,0.75,[],JOHNNIE WALKER - RED LABEL,,United Kingdom,False,,2,2,,,False,196.0, RED LABEL,0.4,,False,['On Sale'],G,,JOHNNIE WALKER ,GB,,Blended Scotch Whisky,Whisky / Whiskey,False,False,0,30.99,,,,,johnnie walker - red label,,2024-03-31T00:00:00.000-07:00,,Spirits,[],True,,,1004,1024,1283,2237.25,95426.17,0.30000000000000004,106.63333333333331,0.98989898989899
807,bcls,product,2311,0.35400322,JOHNNIE WALKER - RED LABEL,,,Whisky,,[],,45.99,,,,,,,[],,,2311,,[],,1747,2024-03-11 19:10:01,,1,['00622153631063'],False,,1.14,[],JOHNNIE WALKER - RED LABEL,,United Kingdom,False,,2,2,,,False,150.0, RED LABEL,0.4,,False,[],G,,JOHNNIE WALKER ,GB,,Blended Scotch Whisky,Whisky / Whiskey,False,False,0,45.99,,,,,johnnie walker - red label,,,,Spirits,[],True,,,1004,1024,1283,1991.58,80344.53,0.45599999999999996,100.85526315789475,0.7575757575757576
808,bcls,product,3467,0.3639408,JOHNNIE WALKER - RED LABEL,,,Whisky,,[],,17.99,,,,,,,[],,,3467,,[],,1561,2024-03-11 19:10:01,,1,['00622153631025'],False,,0.375,[],JOHNNIE WALKER - RED LABEL,,United Kingdom,False,,2,2,,,False,81.0, RED LABEL,0.4,,False,[],SR,,JOHNNIE WALKER ,GB,,Blended Scotch Whisky,Whisky / Whiskey,False,False,0,17.99,,,,,johnnie walker - red label,,,,Spirits,[],True,,,1004,1024,1283,585.375,28082.389999999996,0.15000000000000002,119.93333333333331,0.4090909090909091
809,bcls,product,317429,0.3639408,JOHNNIE WALKER - RED LABEL PET,,,Whisky,,[],,64.99,,,,,,,[],,,317429,,[],,492,2024-03-11 19:10:01,,1,['00088076188532'],False,,1.75,[],JOHNNIE WALKER - RED LABEL PET,,United Kingdom,False,,2,2,,,False,67.0, RED LABEL PET,0.4,,False,[],SR,,JOHNNIE WALKER ,GB,,Blended Scotch Whisky,Whisky / Whiskey,False,False,0,64.99,,,,,johnnie walker - red label pet,,,,Spirits,[],True,,,1004,1024,1283,861.0,31975.079999999998,0.7000000000000001,92.84285714285713,0.3383838383838384
810,bcls,product,451187,0.35400322,JOSE CUERVO - ESPECIAL GOLD,,,Tequila,,[],,52.99,,,,,,,[],,,451187,,[],,2320,2024-03-11 19:10:01,,1,"['00808755035304', '00776103000710', '00082000754169', '00811538010788', '00811538010801']",False,,1.14,[],JOSE CUERVO - ESPECIAL GOLD,,Mexico,False,,2,2,,,False,197.0, ESPECIAL GOLD,0.4,,False,[],SR,,JOSE CUERVO ,MX,,Gold Tequila,Tequila,False,False,0,52.99,,,,,jose cuervo - especial gold,,,,Spirits,[],True,,,1004,1022,1272,2644.7999999999997,122936.8,0.45599999999999996,116.2061403508772,0.9949494949494949
811,bcls,product,144645,0.3639408,JOSE CUERVO - ESPECIAL GOLD,,,Tequila,,[],,11.99,,,,,,,[],,,144645,,[],,2483,2024-03-11 19:10:01,,1,['00811538014397'],False,,0.2,[],JOSE CUERVO - ESPECIAL GOLD,,Mexico,False,,2,2,,,False,127.0, ESPECIAL GOLD,0.4,,False,[],SR,,JOSE CUERVO ,MX,,Gold Tequila,Tequila,False,False,0,11.99,,,,,jose cuervo - especial gold,,,,Spirits,[],True,,,1004,1022,1272,496.6,29771.170000000002,0.08000000000000002,149.87499999999997,0.6414141414141414
812,bcls,product,451153,0.3639408,JOSE CUERVO - ESPECIAL GOLD,,,Tequila,,[],,21.99,,,,,,,[],,,451153,,[],,2350,2024-03-11 19:10:01,,1,"['00082000754145', '00082000165705', '00811538010900', '00776103000659']",False,,0.375,[],JOSE CUERVO - ESPECIAL GOLD,,Mexico,False,,2,2,,,False,197.0, ESPECIAL GOLD,0.4,,False,[],SR,,JOSE CUERVO ,MX,,Gold Tequila,Tequila,False,False,0,21.99,,,,,jose cuervo - especial gold,,,,Spirits,[],True,,,1004,1022,1272,881.25,51676.49999999999,0.15000000000000002,146.59999999999997,0.9949494949494949
813,bcls,product,451161,0.3639408,JOSE CUERVO - ESPECIAL GOLD,,,Tequila,,[],,36.99,,,,,,,[],,,451161,,[],,2818,2024-03-11 19:10:01,,1,"['00082000754152', '00811538010849', '00776103000666']",False,,0.75,[],JOSE CUERVO - ESPECIAL GOLD,,Mexico,False,,2,2,,,False,198.0, ESPECIAL GOLD,0.4,,False,[],G,,JOSE CUERVO ,MX,,Gold Tequila,Tequila,False,False,0,36.99,,,,,jose cuervo - especial gold,,,,Spirits,[],True,,,1004,1022,1272,2113.5,104237.82,0.30000000000000004,123.29999999999998,1.0
814,bcls,product,576264,0.35400322,JOSE CUERVO - ESPECIAL SILVER,,,Tequila,,[],,36.99,,,,,,,[],,,576264,,[],,2129,2024-03-11 19:10:01,,1,"['00082000746959', '00082000754114', '00811538010863']",False,,0.75,[],JOSE CUERVO - ESPECIAL SILVER,,Mexico,False,,2,2,,,False,153.0, ESPECIAL SILVER,0.4,,False,[],SR,,JOSE CUERVO ,MX,,Blanco/Silver Tequila,Tequila,False,False,0,36.99,,,,,jose cuervo - especial silver,,,,Spirits,[],True,,,1004,1022,1270,1596.75,78751.71,0.30000000000000004,123.29999999999998,0.7727272727272727
815,bcls,product,756163,0.3639408,JOSE CUERVO - EXTRA ANEJO RESERVA DE FAMILIA,,,Tequila,,[],,205.99,,,,,,,[],,,756163,,[],,206,2024-03-11 19:10:01,,1,"['00083960708131', '00083960726869', '00811538011457']",False,,0.75,[],JOSE CUERVO - EXTRA ANEJO RESERVA DE FAMILIA,,Mexico,False,,2,2,,,False,49.0, EXTRA ANEJO RESERVA DE FAMILIA,0.4,,False,[],SR,,JOSE CUERVO ,MX,,Gold Tequila,Tequila,False,False,0,205.99,,,,,jose cuervo - extra anejo reserva de familia,,,,Spirits,[],True,,,1004,1022,1272,154.5,42433.94,0.30000000000000004,686.6333333333332,0.2474747474747475
816,bcls,product,849125,0.3639408,JOSE CUERVO - TRADICIONAL REPOSADO,,,Tequila,,[],True,39.49,,,2024-03-03T00:00:00.000-08:00,,,2024-03-03T00:00:00.000-08:00,['On Sale'],2024-03-31T00:00:00.000-07:00,,849125,True,[],,2732,2024-03-11 19:10:01,,1,"['00083960190455', '00811538011372']",False,,0.75,[],JOSE CUERVO - TRADICIONAL REPOSADO,,Mexico,False,,2,2,,,False,190.0, TRADICIONAL REPOSADO,0.4,,False,['On Sale'],SR,,JOSE CUERVO ,MX,,Gold Tequila,Tequila,False,False,0,37.49,,,,,jose cuervo - tradicional reposado,,2024-03-31T00:00:00.000-07:00,,Spirits,[],True,,,1004,1022,1272,2049.0,107886.68000000001,0.30000000000000004,131.63333333333333,0.9595959595959596
817,bcls,product,272542,0.3639408,JOSE CUERVO - TRADICIONAL SILVER,,,Tequila,,[],,38.49,,,,,,,[],,,272542,,[],,2171,2024-03-11 19:10:01,,1,"['00811538011426', '00082000760436']",False,,0.75,[],JOSE CUERVO - TRADICIONAL SILVER,,Mexico,False,,2,2,,,False,115.0, TRADICIONAL SILVER,0.4,,False,[],SR,,JOSE CUERVO ,MX,,Blanco/Silver Tequila,Tequila,False,False,0,38.49,,,,,jose cuervo - tradicional silver,,,,Spirits,[],True,,,1004,1022,1270,1628.25,83561.79000000001,0.30000000000000004,128.29999999999998,0.5808080808080808
818,bcls,product,213906,0.35400322,JOSE CUERVO AUTHENTIC LIME MARGARITA,,,Other Spirits,,[],,23.49,,,,,,,[],,,213906,,[],,953,2024-03-11 19:10:01,,1,"['00811538011150', '00811538010993']",False,,1.75,[],JOSE CUERVO AUTHENTIC LIME MARGARITA,,USA,False,,2,2,,,False,124.0,JOSE CUERVO AUTHENTIC LIME MARGARITA,0.09949999999999999,,False,[],SR,,,US,,Ready to Serve Cocktails,Other Spirits,False,False,0,23.49,,,,,jose cuervo authentic lime margarita,,,,Spirits,[],True,,,1004,1020,1242,1667.75,22385.969999999998,0.17412499999999997,134.90308686288586,0.6262626262626263
819,bcls,product,366388,0.3639408,JURA - 14 YEAR OLD AMERICAN RYE CASK,,,Whisky,,[],,89.99,,,,,,,['BCL Select'],,,366388,,[],,127,2024-03-11 19:10:01,Other Scotch Regions,1,['00087647114512'],False,,0.75,[],JURA - 14 YEAR OLD AMERICAN RYE CASK,,United Kingdom,False,Scotland,3,3,,,False,29.0, 14 YEAR OLD AMERICAN RYE CASK,0.4,,True,['BCL Select'],C,,JURA ,GB,,Single Malt Scotch Whisky,Whisky / Whiskey,False,False,0,89.99,,,,,jura - 14 year old american rye cask,,,,Spirits,"[{'id': 'empty-placeholder', 'label': '&nbsp;', 'labelLengthWithoutTags': 1}, {'id': 'exclusive', 'label': 'ONLY@BCL', 'labelLengthWithoutTags': 8}]",True,,,1004,1024,1289,95.25,11428.73,0.30000000000000004,299.9666666666666,0.14646464646464646
820,bcls,product,66338,0.35400322,JURA - 18 YEAR OLD,,,Whisky,,[],,145.99,,,,,,,[],,,66338,,[],,40,2024-03-11 19:10:01,Highland,1,['00087647113287'],False,,0.75,[],JURA - 18 YEAR OLD,,United Kingdom,False,Scotland,3,3,,,False,7.0, 18 YEAR OLD,0.44,,False,[],SM,,JURA ,GB,,Single Malt Scotch Whisky,Whisky / Whiskey,False,False,0,145.99,,,,,jura - 18 year old,,,,Spirits,[],True,,,1004,1024,1289,30.0,5839.6,0.33,442.3939393939394,0.03535353535353535
821,bcls,product,506675,0.3639408,JURA - PROPHECY,,,Whisky,,[],,119.99,,,,,,,['BCL Select'],,,506675,,[],,97,2024-03-11 19:10:01,Other Scotch Regions,1,['05013967009332'],False,,1.0,[],JURA - PROPHECY,,United Kingdom,False,Scotland,3,3,,,False,7.0, PROPHECY,0.46,,True,['BCL Select'],C,,JURA ,GB,,Single Malt Scotch Whisky,Whisky / Whiskey,False,False,0,119.99,,,,,jura - prophecy,,,,Spirits,"[{'id': 'empty-placeholder', 'label': '&nbsp;', 'labelLengthWithoutTags': 1}, {'id': 'exclusive', 'label': 'ONLY@BCL', 'labelLengthWithoutTags': 8}]",True,,,1004,1024,1289,97.0,11639.029999999999,0.46,260.8478260869565,0.03535353535353535
822,bcls,product,408512,0.3639408,JURA - RUM CASK,,,Whisky,,[],,79.99,,,,,,,['BCL Select'],,,408512,,[],,115,2024-03-11 19:10:01,Other Scotch Regions,1,['05013967017849'],False,,0.7,[],JURA - RUM CASK,,United Kingdom,False,Scotland,3,3,,,False,22.0, RUM CASK,0.4,,True,['BCL Select'],C,,JURA ,GB,,Single Malt Scotch Whisky,Whisky / Whiskey,False,False,0,79.99,,,,,jura - rum cask,,,,Spirits,"[{'id': 'empty-placeholder', 'label': '&nbsp;', 'labelLengthWithoutTags': 1}, {'id': 'exclusive', 'label': 'ONLY@BCL', 'labelLengthWithoutTags': 8}]",True,,,1004,1024,1289,80.5,9198.849999999999,0.27999999999999997,285.67857142857144,0.1111111111111111
823,bcls,product,772798,0.35400322,JURA 12 YEAR OLD,,,Whisky,,[],,79.99,,,,,,,[],,,772798,,[],,1503,2024-03-11 19:10:01,Other Scotch Regions,1,"['00087647111207', '00087647113874']",False,,0.75,[],JURA 12 YEAR OLD,,United Kingdom,False,Scotland,2,2,,,False,127.0,JURA 12 YEAR OLD,0.4,,False,[],SR,,,GB,,Single Malt Scotch Whisky,Whisky / Whiskey,False,False,0,79.99,,,,,jura 12 year old,,,,Spirits,[],True,,,1004,1024,1289,1127.25,120224.96999999999,0.30000000000000004,266.63333333333327,0.6414141414141414
824,bcls,product,5173,0.35400322,K.W.V. - PAARL FIVE STAR V.S.O.P.,,,Grape and Fruit Brandy,,[],True,25.49,,,2024-03-03T00:00:00.000-08:00,,,2024-03-03T00:00:00.000-08:00,['On Sale'],2024-03-31T00:00:00.000-07:00,,5173,True,[],,1935,2024-03-11 19:10:01,,1,['00748294141114'],False,,0.75,[],K.W.V. - PAARL FIVE STAR V.S.O.P.,,South Africa,False,,2,2,,,False,168.0, PAARL FIVE STAR V.S.O.P.,0.4,,False,['On Sale'],SR,,K.W.V. ,ZA,,Brandy,Brandy,False,False,0,24.49,,,,,k.w.v. - paarl five star v.s.o.p.,,2024-03-31T00:00:00.000-07:00,,Spirits,[],True,,,1004,1018,1171,1451.25,49323.149999999994,0.30000000000000004,84.96666666666665,0.8484848484848485
825,bcls,product,116459,0.35400322,KAHLUA,,,Liqueurs,,[],,9.79,,,,,,,[],,,116459,,[],,13,2024-03-11 19:10:01,,1,"['00089540454108', '00089540122731', '00089540535043']",False,,0.2,[],KAHLUA,,Mexico,False,,3,3,,,False,4.0,KAHLUA,0.16,,False,[],SH,,,MX,,Coffee And Cocoa Liqueurs,Liqueurs,False,False,1,9.79,,,,,kahlua,,,,Spirits,[],True,,,1004,1019,1209,2.6,127.26999999999998,0.032,305.93749999999994,0.020202020202020204
826,bcls,product,123315,0.35400322,KAHLUA,,,Liqueurs,,['Spring into Fresh Flavours'],,29.99,,,,,,,[],,,123315,,['Spring into Fresh Flavours'],,5750,2024-03-11 19:10:01,,1,"['00895405350672', '00089540535067', '00089540454061']",False,,0.75,[],KAHLUA,,Mexico,False,,2,2,,,False,198.0,KAHLUA,0.16,,False,[],G,,,MX,,Coffee And Cocoa Liqueurs,Liqueurs,False,False,0,29.99,,,"[{'urlAlias': '/promotion/spring', 'name': 'Spring into Fresh Flavours', 'promoCode': '2024SPRINGSEASONAL', 'published': True, 'shortName': ''}]","[{'urlAlias': '/promotion/spring', 'name': 'Spring into Fresh Flavours', 'promoCode': '2024SPRINGSEASONAL', 'published': True, 'shortName': ''}]",kahlua,,,,Spirits,"[{'id': 'empty-placeholder', 'label': '&nbsp;', 'labelLengthWithoutTags': 1}, {'id': 'featured', 'label': 'FEATURED', 'labelLengthWithoutTags': 8}]",True,,,1004,1019,1209,4312.5,172442.5,0.12,249.91666666666666,1.0
827,bcls,product,122937,0.3639408,KAHLUA,,,Liqueurs,,[],,58.99,,,,,,,[],,,122937,,[],,2114,2024-03-11 19:10:01,,1,"['00089540535098', '00089540454283']",False,,1.75,[],KAHLUA,,Mexico,False,,2,2,,,False,184.0,KAHLUA,0.16,,False,[],SR,,,MX,,Coffee And Cocoa Liqueurs,Liqueurs,False,False,0,58.99,,,,,kahlua,,,,Spirits,[],True,,,1004,1019,1209,3699.5,124704.86,0.28,210.67857142857142,0.9292929292929293
828,bcls,product,123323,0.3639408,KAHLUA,,,Liqueurs,,[],True,39.99,,,2024-03-03T00:00:00.000-08:00,,,2024-03-03T00:00:00.000-08:00,['On Sale'],2024-03-31T00:00:00.000-07:00,,123323,True,[],,2558,2024-03-11 19:10:01,,1,"['00089540454085', '00089540535081']",False,,1.14,[],KAHLUA,,Mexico,False,,2,2,,,False,194.0,KAHLUA,0.16,,False,['On Sale'],SR,,,MX,,Coffee And Cocoa Liqueurs,Liqueurs,False,False,0,37.99,,,,,kahlua,,2024-03-31T00:00:00.000-07:00,,Spirits,[],True,,,1004,1019,1209,2916.12,102294.42,0.18239999999999998,219.24342105263162,0.9797979797979798
829,bcls,product,123331,0.3639408,KAHLUA,,,Liqueurs,,[],,17.99,,,,,,,[],,,123331,,[],,3068,2024-03-11 19:10:01,,1,"['00089540454115', '00089540145631', '00089540535050']",False,,0.375,[],KAHLUA,,Mexico,False,,2,2,,,False,198.0,KAHLUA,0.16,,False,[],SR,,,MX,,Coffee And Cocoa Liqueurs,Liqueurs,False,False,0,17.99,,,,,kahlua,,,,Spirits,[],True,,,1004,1019,1209,1150.5,55193.31999999999,0.06,299.8333333333333,1.0
830,bcls,product,146043,0.3639408,KAHLUA - PEPPERMINT MOCHA COFFEE LIMITED EDITION,,,Liqueurs,,[],,17.99,,,,,,,['BCL Select'],,,146043,,[],,184,2024-03-11 19:10:01,,1,['00089540504636'],False,,0.375,[],KAHLUA - PEPPERMINT MOCHA COFFEE LIMITED EDITION,,Mexico,False,,3,3,,,False,16.0, PEPPERMINT MOCHA COFFEE LIMITED EDITION,0.2,,True,['BCL Select'],C,,KAHLUA ,MX,,Coffee And Cocoa Liqueurs,Liqueurs,False,False,0,17.99,,,,,kahlua - peppermint mocha coffee limited edition,,,,Spirits,"[{'id': 'empty-placeholder', 'label': '&nbsp;', 'labelLengthWithoutTags': 1}, {'id': 'exclusive', 'label': 'ONLY@BCL', 'labelLengthWithoutTags': 8}]",True,,,1004,1019,1209,69.0,3310.16,0.07500000000000001,239.86666666666662,0.08080808080808081
831,bcls,product,157113,0.3639408,KAIYO - UN-CHILLFILTERED,,,Whisky,,[],,130.99,,,,,,,[],,,157113,,[],,274,2024-03-11 19:10:01,,1,['00019962765810'],False,,0.75,[],KAIYO - UN-CHILLFILTERED,,Japan,False,,2,2,,,False,33.0, UN-CHILLFILTERED,0.43,,False,[],ST,,KAIYO ,JP,,Other Country Whisky,Whisky / Whiskey,False,False,0,130.99,,,,,kaiyo - un-chillfiltered,,,,Spirits,[],True,,,1004,1024,1288,205.5,35891.26,0.3225,406.17054263565893,0.16666666666666666
832,bcls,product,129411,0.35400322,KAMORA - COFFEE,,,Liqueurs,,[],,19.99,,,,,,,[],,,129411,,[],,2587,2024-03-11 19:10:01,,1,"['00087116008311', '00080686250401', '00850755991487']",False,,0.75,[],KAMORA - COFFEE,,Mexico,False,,2,2,,,False,188.0, COFFEE,0.2,,False,[],SR,,KAMORA ,MX,,Coffee And Cocoa Liqueurs,Liqueurs,False,False,0,19.99,,,,,kamora - coffee,,,,Spirits,[],True,,,1004,1019,1209,1940.25,51714.13,0.15000000000000002,133.26666666666662,0.9494949494949495
833,bcls,product,413258,0.3639408,KAMORA - COFFEE,,,Liqueurs,,[],,45.99,,,,,,,['BCL Select'],,,413258,,[],,1744,2024-03-11 19:10:01,,1,"['00008711600885', '00080686250128', '00087116008854']",False,,1.75,[],KAMORA - COFFEE,,Mexico,False,,2,2,,,False,128.0, COFFEE,0.2,,True,['BCL Select'],C,,KAMORA ,MX,,Coffee And Cocoa Liqueurs,Liqueurs,False,False,0,45.99,,,,,kamora - coffee,,,,Spirits,"[{'id': 'empty-placeholder', 'label': '&nbsp;', 'labelLengthWithoutTags': 1}, {'id': 'exclusive', 'label': 'ONLY@BCL', 'labelLengthWithoutTags': 8}]",True,,,1004,1019,1209,3052.0,80206.56,0.35000000000000003,131.4,0.6464646464646465
834,bcls,product,321930,0.3639408,KARUIZAWA - 1999-2000 EJIRI IN SURUGA PROVINCE N.35,,,Whisky,,[],,9600.0,,,,,,,['BCL Select'],,,321930,,[],,1,2024-03-11 19:10:01,,1,['03700597362884'],False,,0.7,[],KARUIZAWA - 1999-2000 EJIRI IN SURUGA PROVINCE N.35,,Japan,False,,2,2,,,False,1.0, 1999-2000 EJIRI IN SURUGA PROVINCE N.35,0.614,,True,['BCL Select'],C,,KARUIZAWA ,JP,,Other Country Whisky,Whisky / Whiskey,False,False,0,9600.0,,,,,karuizawa - 1999-2000 ejiri in suruga province n.35,,,,Spirits,"[{'id': 'empty-placeholder', 'label': '&nbsp;', 'labelLengthWithoutTags': 1}, {'id': 'exclusive', 'label': 'ONLY@BCL', 'labelLengthWithoutTags': 8}]",True,,,1004,1024,1288,0.7,9600.0,0.42979999999999996,22335.970218706378,0.005050505050505051
835,bcls,product,321933,0.3639408,KARUIZAWA - 1999-2000 FUJI FROM THE MOUNTAINS OF TOTOMI N.34,,,Whisky,,[],,9600.0,,,,,,,['BCL Select'],,,321933,,[],,1,2024-03-11 19:10:01,,1,['03700597362877'],False,,0.7,[],KARUIZAWA - 1999-2000 FUJI FROM THE MOUNTAINS OF TOTOMI N.34,,Japan,False,,2,2,,,False,1.0, 1999-2000 FUJI FROM THE MOUNTAINS OF TOTOMI N.34,0.614,,True,['BCL Select'],C,,KARUIZAWA ,JP,,Other Country Whisky,Whisky / Whiskey,False,False,0,9600.0,,,,,karuizawa - 1999-2000 fuji from the mountains of totomi n.34,,,,Spirits,"[{'id': 'empty-placeholder', 'label': '&nbsp;', 'labelLengthWithoutTags': 1}, {'id': 'exclusive', 'label': 'ONLY@BCL', 'labelLengthWithoutTags': 8}]",True,,,1004,1024,1288,0.7,9600.0,0.42979999999999996,22335.970218706378,0.005050505050505051
836,bcls,product,321953,0.3639408,KARUIZAWA - 1999-2000 FUJI-VIEW FIELD IN OWARI PROVINCE N.29,,,Whisky,,[],,9600.0,,,,,,,['BCL Select'],,,321953,,[],,1,2024-03-11 19:10:01,,1,['03700597362822'],False,,0.7,[],KARUIZAWA - 1999-2000 FUJI-VIEW FIELD IN OWARI PROVINCE N.29,,Japan,False,,2,2,,,False,1.0, 1999-2000 FUJI-VIEW FIELD IN OWARI PROVINCE N.29,0.608,,True,['BCL Select'],C,,KARUIZAWA ,JP,,Other Country Whisky,Whisky / Whiskey,False,False,0,9600.0,,,,,karuizawa - 1999-2000 fuji-view field in owari province n.29,,,,Spirits,"[{'id': 'empty-placeholder', 'label': '&nbsp;', 'labelLengthWithoutTags': 1}, {'id': 'exclusive', 'label': 'ONLY@BCL', 'labelLengthWithoutTags': 8}]",True,,,1004,1024,1288,0.7,9600.0,0.4256,22556.39097744361,0.005050505050505051
837,bcls,product,321938,0.3639408,KARUIZAWA - 1999-2000 HODOGAYA ON THE TOKAIDO N.33,,,Whisky,,[],,9600.0,,,,,,,['BCL Select'],,,321938,,[],,1,2024-03-11 19:10:01,,1,['03700597362860'],False,,0.7,[],KARUIZAWA - 1999-2000 HODOGAYA ON THE TOKAIDO N.33,,Japan,False,,2,2,,,False,1.0, 1999-2000 HODOGAYA ON THE TOKAIDO N.33,0.614,,True,['BCL Select'],C,,KARUIZAWA ,JP,,Other Country Whisky,Whisky / Whiskey,False,False,0,9600.0,,,,,karuizawa - 1999-2000 hodogaya on the tokaido n.33,,,,Spirits,"[{'id': 'empty-placeholder', 'label': '&nbsp;', 'labelLengthWithoutTags': 1}, {'id': 'exclusive', 'label': 'ONLY@BCL', 'labelLengthWithoutTags': 8}]",True,,,1004,1024,1288,0.7,9600.0,0.42979999999999996,22335.970218706378,0.005050505050505051
838,bcls,product,321946,0.35400322,KARUIZAWA - 1999-2000 LAKE SUWA IN SHINANO PROVINCE N.31,,,Whisky,,[],,9600.0,,,,,,,['BCL Select'],,,321946,,[],,1,2024-03-11 19:10:01,,1,['03700597362846'],False,,0.7,[],KARUIZAWA - 1999-2000 LAKE SUWA IN SHINANO PROVINCE N.31,,Japan,False,,2,2,,,False,1.0, 1999-2000 LAKE SUWA IN SHINANO PROVINCE N.31,0.606,,True,['BCL Select'],C,,KARUIZAWA ,JP,,Other Country Whisky,Whisky / Whiskey,False,False,0,9600.0,,,,,karuizawa - 1999-2000 lake suwa in shinano province n.31,,,,Spirits,"[{'id': 'empty-placeholder', 'label': '&nbsp;', 'labelLengthWithoutTags': 1}, {'id': 'exclusive', 'label': 'ONLY@BCL', 'labelLengthWithoutTags': 8}]",True,,,1004,1024,1288,0.7,9600.0,0.42419999999999997,22630.834512022633,0.005050505050505051
839,bcls,product,321941,0.3639408,KARUIZAWA - 1999-2000 SUNSET ACROSS THE RYOGOKU BRIDGE N.32,,,Whisky,,[],,9600.0,,,,,,,['BCL Select'],,,321941,,[],,1,2024-03-11 19:10:01,,1,['03700597362853'],False,,0.7,[],KARUIZAWA - 1999-2000 SUNSET ACROSS THE RYOGOKU BRIDGE N.32,,Japan,False,,2,2,,,False,1.0, 1999-2000 SUNSET ACROSS THE RYOGOKU BRIDGE N.32,0.609,,True,['BCL Select'],C,,KARUIZAWA ,JP,,Other Country Whisky,Whisky / Whiskey,False,False,0,9600.0,,,,,karuizawa - 1999-2000 sunset across the ryogoku bridge n.32,,,,Spirits,"[{'id': 'empty-placeholder', 'label': '&nbsp;', 'labelLengthWithoutTags': 1}, {'id': 'exclusive', 'label': 'ONLY@BCL', 'labelLengthWithoutTags': 8}]",True,,,1004,1024,1288,0.7,9600.0,0.42629999999999996,22519.352568613656,0.005050505050505051
840,bcls,product,321956,0.35400322,KARUIZAWA - 1999-2000 UMEZAWA IN SAGAMI PROVINCE N.30,,,Whisky,,[],,9600.0,,,,,,,['BCL Select'],,,321956,,[],,1,2024-03-11 19:10:01,,1,['03700597362839'],False,,0.7,[],KARUIZAWA - 1999-2000 UMEZAWA IN SAGAMI PROVINCE N.30,,Japan,False,,2,2,,,False,1.0, 1999-2000 UMEZAWA IN SAGAMI PROVINCE N.30,0.612,,True,['BCL Select'],C,,KARUIZAWA ,JP,,Other Country Whisky,Whisky / Whiskey,False,False,0,9600.0,,,,,karuizawa - 1999-2000 umezawa in sagami province n.30,,,,Spirits,"[{'id': 'empty-placeholder', 'label': '&nbsp;', 'labelLengthWithoutTags': 1}, {'id': 'exclusive', 'label': 'ONLY@BCL', 'labelLengthWithoutTags': 8}]",True,,,1004,1024,1288,0.7,9600.0,0.42839999999999995,22408.963585434176,0.005050505050505051
841,bcls,product,408232,0.3639408,KENTUCKY OWL - JAPANESE EDITION,,,Whisky,,[],,185.99,,,,,,,[],,,408232,,[],,144,2024-03-11 19:10:01,,1,['00857361007366'],False,,0.75,[],KENTUCKY OWL - JAPANESE EDITION,,USA,False,,3,3,,,False,17.0, JAPANESE EDITION,0.5,,False,[],SM,,KENTUCKY OWL ,US,,American Whiskey,Whisky / Whiskey,False,False,0,185.99,,,,,kentucky owl - japanese edition,,,,Spirits,[],True,,,1004,1024,1282,108.0,26782.56,0.375,495.97333333333336,0.08585858585858586
842,bcls,product,335109,0.35400322,KETEL ONE,,,Vodka,,[],,18.99,,,,,,,['BCL Select'],,,335109,,[],,1216,2024-03-11 19:10:01,,1,['00085156237029'],False,,0.375,[],KETEL ONE,,Netherlands,False,,2,2,,,False,101.0,KETEL ONE,0.4,,True,['BCL Select'],C,,,NL,,Straight Vodka,Vodka,False,False,0,18.99,,,,,ketel one,,,,Spirits,"[{'id': 'empty-placeholder', 'label': '&nbsp;', 'labelLengthWithoutTags': 1}, {'id': 'exclusive', 'label': 'ONLY@BCL', 'labelLengthWithoutTags': 8}]",True,,,1004,1023,1281,456.0,23091.839999999997,0.15000000000000002,126.59999999999997,0.51010101010101
843,bcls,product,201883,0.3639408,KETEL ONE BOTANICAL - CUCUMBER & MINT,,,Vodka,,[],,33.99,,,,,,,[],,,201883,,[],,357,2024-03-11 19:10:01,,1,['00085156875016'],False,,0.75,[],KETEL ONE BOTANICAL - CUCUMBER & MINT,,Netherlands,False,,3,3,,,False,20.0, CUCUMBER & MINT,0.3,,False,[],SH,,KETEL ONE BOTANICAL ,NL,,Flavoured Vodka,Vodka,False,False,0,33.99,,,,,ketel one botanical - cucumber & mint,,,,Spirits,[],True,,,1004,1023,1280,267.75,12134.43,0.22499999999999998,151.0666666666667,0.10101010101010101
844,bcls,product,201880,0.3639408,KETEL ONE BOTANICAL - GRAPEFRUIT & ROSE,,,Vodka,,[],,33.99,,,,,,,[],,,201880,,[],,170,2024-03-11 19:10:01,,1,['00085156775019'],False,,0.75,[],KETEL ONE BOTANICAL - GRAPEFRUIT & ROSE,,Netherlands,False,,3,3,,,False,19.0, GRAPEFRUIT & ROSE,0.3,,False,[],SH,,KETEL ONE BOTANICAL ,NL,,Flavoured Vodka,Vodka,False,False,0,33.99,,,,,ketel one botanical - grapefruit & rose,,,,Spirits,[],True,,,1004,1023,1280,127.5,5778.3,0.22499999999999998,151.0666666666667,0.09595959595959595
845,bcls,product,201877,0.35400322,KETEL ONE BOTANICAL - PEACH & ORANGE BLOSSOM,,,Vodka,,[],,36.49,,,,,,,[],,,201877,,[],,1509,2024-03-11 19:10:01,,1,['00085156675012'],False,,0.75,[],KETEL ONE BOTANICAL - PEACH & ORANGE BLOSSOM,,Netherlands,False,,2,2,,,False,121.0, PEACH & ORANGE BLOSSOM,0.3,,False,[],SR,,KETEL ONE BOTANICAL ,NL,,Flavoured Vodka,Vodka,False,False,0,36.49,,,,,ketel one botanical - peach & orange blossom,,,,Spirits,[],True,,,1004,1023,1280,1131.75,55063.41,0.22499999999999998,162.1777777777778,0.6111111111111112
846,bcls,product,844316,0.3639408,KILCHOMAN - MACHIR BAY,,,Whisky,,[],,111.99,,,,,,,[],,,844316,,[],,368,2024-03-11 19:10:01,Islay,1,"['05060210700522', '05060210700218']",False,,0.7,[],KILCHOMAN - MACHIR BAY,,United Kingdom,False,Scotland,3,3,,,False,48.0, MACHIR BAY,0.46,,False,[],SH,,KILCHOMAN ,GB,,Single Malt Scotch Whisky,Whisky / Whiskey,False,False,0,111.99,,,,,kilchoman - machir bay,,,,Spirits,[],True,,,1004,1024,1289,257.59999999999997,41212.32,0.322,347.7950310559006,0.24242424242424243
847,bcls,product,62313,0.3639408,KINGSTON 62 GOLD,,,Rum,,[],,24.99,,,,,,,[],,,62313,,[],,1031,2024-03-11 19:10:01,,1,['00069321004739'],False,,0.75,[],KINGSTON 62 GOLD,,Jamaica,False,,2,2,,,False,103.0,KINGSTON 62 GOLD,0.4,,False,[],SR,,,JM,,Amber Rum,Rum,False,False,0,24.99,,,,,kingston 62 gold,,,,Spirits,[],True,,,1004,1021,1252,773.25,25764.69,0.30000000000000004,83.29999999999998,0.5202020202020202
848,bcls,product,103270,0.3639408,KINMEN KAOLIANG LIQUOR - PLATINUM DRAGON,,,Asian Spirits,,[],,52.49,,,,,,,[],,,103270,,[],,27,2024-03-11 19:10:01,,1,['04719433010161'],False,,0.5,[],KINMEN KAOLIANG LIQUOR - PLATINUM DRAGON,,Taiwan,False,,2,2,,,False,6.0, PLATINUM DRAGON,0.58,,False,[],SH,,KINMEN KAOLIANG LIQUOR ,TW,,Other Country Asian Spirits,Other Spirits,False,False,0,52.49,,,,,kinmen kaoliang liquor - platinum dragon,,,,Spirits,[],True,,,1004,1016,1066,13.5,1417.23,0.29,181.00000000000003,0.030303030303030304
849,bcls,product,10825,0.35400322,KINMEN KAOLIANG LIQUOR-AGED,,,Asian Spirits,,[],,148.29,,,,,,,[],,,10825,,[],,257,2024-03-11 19:10:01,,1,['04719433006843'],False,,0.6,[],KINMEN KAOLIANG LIQUOR-AGED,,Taiwan,False,,2,2,,,False,36.0,AGED,0.56,,False,[],SH,,KINMEN KAOLIANG LIQUOR,TW,,China Spirits,Other Spirits,False,False,0,148.29,,,,,kinmen kaoliang liquor-aged,,,,Spirits,[],True,,,1004,1016,1064,154.2,38110.53,0.336,441.33928571428567,0.18181818181818182
850,bcls,product,477037,0.3639408,KNOB CREEK - 12 YEAR OLD,,,Whisky,,[],,138.99,,,,,,,[],,,477037,,[],,407,2024-03-11 19:10:01,,1,['00080686016786'],False,,0.75,[],KNOB CREEK - 12 YEAR OLD,,USA,False,,2,2,,,False,56.0, 12 YEAR OLD,0.5,,False,[],SH,,KNOB CREEK ,US,,Bourbon Whiskey,Whisky / Whiskey,False,False,0,138.99,,,,,knob creek - 12 year old,,,,Spirits,[],True,,,1004,1024,1284,305.25,56568.93,0.375,370.64000000000004,0.2828282828282828
851,bcls,product,326009,0.3639408,KNOB CREEK - 9 YEAR OLD BOURBON SMALL BATCH,,,Whisky,,[],,53.99,,,,,,,[],,,326009,,[],,1261,2024-03-11 19:10:01,,1,"['00080686016755', '00080686016403']",False,,0.75,[],KNOB CREEK - 9 YEAR OLD BOURBON SMALL BATCH,,USA,False,,2,2,,,False,163.0, 9 YEAR OLD BOURBON SMALL BATCH,0.5,,False,[],SR,,KNOB CREEK ,US,,Bourbon Whiskey,Whisky / Whiskey,False,False,0,53.99,,,,,knob creek - 9 year old bourbon small batch,,,,Spirits,[],True,,,1004,1024,1284,945.75,68081.39,0.375,143.97333333333333,0.8232323232323232
852,bcls,product,176444,0.35400322,KNOB CREEK - TWICE BARRELED RYE,,,Whisky,,[],,61.99,,,,,,,['BCL Select'],,,176444,,[],,11,2024-03-11 19:10:01,,1,['00080686018179'],False,,0.75,[],KNOB CREEK - TWICE BARRELED RYE,,USA,False,,3,3,,,False,1.0, TWICE BARRELED RYE,0.5,,True,['BCL Select'],C,,KNOB CREEK ,US,,Bourbon Whiskey,Whisky / Whiskey,False,False,1,61.99,,,,,knob creek - twice barreled rye,,,,Spirits,"[{'id': 'empty-placeholder', 'label': '&nbsp;', 'labelLengthWithoutTags': 1}, {'id': 'exclusive', 'label': 'ONLY@BCL', 'labelLengthWithoutTags': 8}]",True,,,1004,1024,1284,8.25,681.89,0.375,165.30666666666667,0.005050505050505051
853,bcls,product,492205,0.3639408,KOMOS - ANEJO CRISTALINO TEQUILA,,,Tequila,,[],,249.99,,,,,,,[],,,492205,,[],,188,2024-03-11 19:10:01,,1,['00860001753417'],False,,0.75,[],KOMOS - ANEJO CRISTALINO TEQUILA,,Mexico,False,,3,3,,,False,37.0, ANEJO CRISTALINO TEQUILA,0.4,,False,[],ST,,KOMOS ,MX,,Gold Tequila,Tequila,False,False,0,249.99,,,,,komos - anejo cristalino tequila,,,,Spirits,[],True,,,1004,1022,1272,141.0,46998.12,0.30000000000000004,833.3,0.18686868686868688
854,bcls,product,492193,0.3639408,KOMOS - REPOSADO ROSA TEQUILA,,,Tequila,,[],,259.99,,,,,,,[],,,492193,,[],,260,2024-03-11 19:10:01,,1,['00860001753448'],False,,0.75,[],KOMOS - REPOSADO ROSA TEQUILA,,Mexico,False,,2,2,,,False,44.0, REPOSADO ROSA TEQUILA,0.4,,False,[],ST,,KOMOS ,MX,,Gold Tequila,Tequila,False,False,0,259.99,,,,,komos - reposado rosa tequila,,,,Spirits,[],True,,,1004,1022,1272,195.0,67597.40000000001,0.30000000000000004,866.6333333333332,0.2222222222222222
855,bcls,product,361943,0.3639408,KUJIRA RYUKYU WHISKY - BOURBON CASK 20YO,,,Whisky,,[],,359.99,,,,,,,[],,,361943,,[],,2,2024-03-11 19:10:01,,1,['04994997434138'],False,,0.7,[],KUJIRA RYUKYU WHISKY - BOURBON CASK 20YO,,Japan,False,,3,3,,,False,1.0, BOURBON CASK 20YO,0.43,,False,[],ST,,KUJIRA RYUKYU WHISKY ,JP,,Other Country Whisky,Whisky / Whiskey,False,False,1,359.99,,,,,kujira ryukyu whisky - bourbon cask 20yo,,,,Spirits,[],True,,,1004,1024,1288,1.4,719.98,0.301,1195.9800664451827,0.005050505050505051
856,bcls,product,405360,0.3639408,KURAYOSHI - 12 YEAR OLD JAPANESE WHISKY,,,Whisky,,[],,114.99,,,,,,,['BCL Select'],,,405360,,[],,64,2024-03-11 19:10:01,,1,"['04954621000993', '00801053400744']",False,,0.7,[],KURAYOSHI - 12 YEAR OLD JAPANESE WHISKY,,Japan,False,,2,2,,,False,12.0, 12 YEAR OLD JAPANESE WHISKY,0.43,,True,['BCL Select'],C,,KURAYOSHI ,JP,,Other Country Whisky,Whisky / Whiskey,False,False,0,114.99,,,,,kurayoshi - 12 year old japanese whisky,,,,Spirits,"[{'id': 'empty-placeholder', 'label': '&nbsp;', 'labelLengthWithoutTags': 1}, {'id': 'exclusive', 'label': 'ONLY@BCL', 'labelLengthWithoutTags': 8}]",True,,,1004,1024,1288,44.8,7359.36,0.301,382.0265780730897,0.06060606060606061
857,bcls,product,44826,0.35400322,KWEICHOU MOUTAI CHIEW - FLYING FAIRY,,,Asian Spirits,,[],,404.99,,,,,,,[],,,44826,,[],,0,2024-03-11 19:10:01,,1,"['06902952894024', '06902952880058', '06902952880041']",False,,0.5,[],KWEICHOU MOUTAI CHIEW - FLYING FAIRY,,China,False,,2,2,,,False,, FLYING FAIRY,0.53,,False,[],G,,KWEICHOU MOUTAI CHIEW ,CN,,China Spirits,Other Spirits,False,False,0,404.99,,,,,kweichou moutai chiew - flying fairy,,,,Spirits,[],True,,,1004,1016,1064,0.0,0.0,0.265,1528.264150943396,
858,bcls,product,44057,0.35400322,KWEICHOW MOUTAI YINGBIN CHIEW,,,Asian Spirits,,[],,77.79,,,,,,,[],,,44057,,[],,0,2024-03-11 19:10:01,,1,"['06902952881093', '06902952882861']",False,,0.5,[],KWEICHOW MOUTAI YINGBIN CHIEW,,China,False,,2,2,,,False,,KWEICHOW MOUTAI YINGBIN CHIEW,0.53,,False,[],SR,,,CN,,China Spirits,Other Spirits,False,False,0,77.79,,,,,kweichow moutai yingbin chiew,,,,Spirits,[],True,,,1004,1016,1064,0.0,0.0,0.265,293.54716981132077,
859,bcls,product,460612,0.35400322,LA GRITONA - TEQUILA,,,Tequila,,[],,102.99,,,,,,,[],,,460612,,[],,158,2024-03-11 19:10:01,,1,['00731199495260'],False,,0.7,[],LA GRITONA - TEQUILA,,Mexico,False,,2,2,,,False,30.0, TEQUILA,0.4,,False,[],SH,,LA GRITONA ,MX,,Gold Tequila,Tequila,False,False,0,102.99,,,,,la gritona - tequila,,,,Spirits,[],True,,,1004,1022,1272,110.6,16272.42,0.27999999999999997,367.8214285714286,0.15151515151515152
860,bcls,product,305011,0.35400322,LA PINTA,,,Liqueurs,,[],True,77.99,,,2024-03-03T00:00:00.000-08:00,,,2024-03-03T00:00:00.000-08:00,['On Sale'],2024-03-31T00:00:00.000-07:00,,305011,True,[],,125,2024-03-11 19:10:01,,1,['00081240049165'],False,,0.75,[],LA PINTA,,Mexico,False,,3,3,,,False,19.0,LA PINTA,0.19,,False,['On Sale'],SH,,,MX,,Fruit Liqueurs,Liqueurs,False,False,0,67.97,,,,,la pinta,,2024-03-31T00:00:00.000-07:00,,Spirits,[],True,,,1004,1019,1211,93.75,9748.75,0.14250000000000002,547.298245614035,0.09595959595959595
861,bcls,product,398324,0.3639408,LAGAVULIN - 12 YO SPECIAL RELEASE 2022,,,Whisky,,[],,239.99,,,,,,,['BCL Select'],,,398324,,[],,15,2024-03-11 19:10:01,Islay,1,['00088076187771'],False,,0.75,[],LAGAVULIN - 12 YO SPECIAL RELEASE 2022,,United Kingdom,False,Scotland,3,3,,,False,6.0, 12 YO SPECIAL RELEASE 2022,0.573,,True,['BCL Select'],C,,LAGAVULIN ,GB,,Single Malt Scotch Whisky,Whisky / Whiskey,False,False,1,239.99,,,,,lagavulin - 12 yo special release 2022,,,,Spirits,"[{'id': 'empty-placeholder', 'label': '&nbsp;', 'labelLengthWithoutTags': 1}, {'id': 'exclusive', 'label': 'ONLY@BCL', 'labelLengthWithoutTags': 8}]",True,,,1004,1024,1289,11.25,3599.8500000000004,0.42974999999999997,558.4409540430484,0.030303030303030304
862,bcls,product,235427,0.35400322,LAGAVULIN - 12 YO SPECIAL RELEASE 2023,,,Whisky,,[],,229.99,,,,,,,['BCL Select'],,,235427,,[],,147,2024-03-11 19:10:01,Islay,1,['00088076188716'],False,,0.75,[],LAGAVULIN - 12 YO SPECIAL RELEASE 2023,,United Kingdom,False,Scotland,3,3,,,False,35.0, 12 YO SPECIAL RELEASE 2023,0.564,,True,['BCL Select'],C,,LAGAVULIN ,GB,,Single Malt Scotch Whisky,Whisky / Whiskey,False,False,0,229.99,,,,,lagavulin - 12 yo special release 2023,,,,Spirits,"[{'id': 'empty-placeholder', 'label': '&nbsp;', 'labelLengthWithoutTags': 1}, {'id': 'exclusive', 'label': 'ONLY@BCL', 'labelLengthWithoutTags': 8}]",True,,,1004,1024,1289,110.25,33808.53,0.42299999999999993,543.71158392435,0.17676767676767677
863,bcls,product,207126,0.35400322,LAGAVULIN - 16 YEAR OLD,,,Whisky,,[],,165.99,,,,,,,[],,,207126,,[],,1581,2024-03-11 19:10:01,Islay,1,['00622153617043'],False,,0.75,[],LAGAVULIN - 16 YEAR OLD,,United Kingdom,False,Scotland,2,2,,,False,176.0, 16 YEAR OLD,0.43,,False,[],SR,,LAGAVULIN ,GB,,Single Malt Scotch Whisky,Whisky / Whiskey,False,False,0,165.99,,,,,lagavulin - 16 year old,,,,Spirits,[],True,,,1004,1024,1289,1185.75,262430.19,0.3225,514.6976744186047,0.8888888888888888
864,bcls,product,665257,0.3639408,LAGAVULIN - 8 YEAR OLD,,,Whisky,,[],,99.99,,,,,,,[],,,665257,,[],,814,2024-03-11 19:10:01,Islay,1,"['05000281045153', '05000281045177']",False,,0.75,[],LAGAVULIN - 8 YEAR OLD,,United Kingdom,False,Scotland,2,2,,,False,120.0, 8 YEAR OLD,0.48,,False,[],SR,,LAGAVULIN ,GB,,Single Malt Scotch Whisky,Whisky / Whiskey,False,False,0,99.99,,,,,lagavulin - 8 year old,,,,Spirits,[],True,,,1004,1024,1289,610.5,81391.86,0.36,277.75,0.6060606060606061
865,bcls,product,2063,0.35400322,LAMB'S - NAVY,,,Rum,,[],,22.99,,,,,,,[],,,2063,,[],,2383,2024-03-11 19:10:01,,1,['00048415345422'],False,,0.75,[],LAMB'S - NAVY,,Canada,False,,2,2,,,False,198.0, NAVY,0.4,,False,[],SR,,LAMB'S ,CA,,Dark Rum,Rum,False,False,0,22.99,,,,,lambs - navy,,,,Spirits,[],True,,,1004,1021,1253,1787.25,54785.17,0.30000000000000004,76.63333333333331,1.0
866,bcls,product,8458,0.35400322,LAMB'S - NAVY,,,Rum,,[],,34.49,,,,,,,[],,,8458,,[],,2177,2024-03-11 19:10:01,,1,"['00048415345415', '00048415510806']",False,,1.14,[],LAMB'S - NAVY,,Canada,False,,2,2,,,False,196.0, NAVY,0.4,,False,[],G,,LAMB'S ,CA,,Dark Rum,Rum,False,False,0,34.49,,,,,lambs - navy,,,,Spirits,[],True,,,1004,1021,1253,2481.7799999999997,75084.73000000001,0.45599999999999996,75.63596491228071,0.98989898989899
867,bcls,product,54841,0.35400322,LAMB'S - NAVY,,,Rum,,[],,52.99,,,,,,,[],,,54841,,[],,1418,2024-03-11 19:10:01,,1,['00048415345361'],False,,1.75,[],LAMB'S - NAVY,,Canada,False,,2,2,,,False,190.0, NAVY,0.4,,False,[],G,,LAMB'S ,CA,,Dark Rum,Rum,False,False,0,52.99,,,,,lambs - navy,,,,Spirits,[],True,,,1004,1021,1253,2481.5,75139.82,0.7000000000000001,75.69999999999999,0.9595959595959596
868,bcls,product,6189,0.3639408,LAMB'S - NAVY,,,Rum,,[],,11.99,,,,,,,[],,,6189,,[],,4534,2024-03-11 19:10:01,,1,['00048415345439'],False,,0.375,[],LAMB'S - NAVY,,Canada,False,,2,2,,,False,196.0, NAVY,0.4,,False,[],SR,,LAMB'S ,CA,,Dark Rum,Rum,False,False,0,11.99,,,,,lambs - navy,,,,Spirits,[],True,,,1004,1021,1253,1700.25,54362.66,0.15000000000000002,79.93333333333332,0.98989898989899
869,bcls,product,61754,0.3639408,LAMB'S - NAVY 151 PROOF,,,Rum,,[],,37.99,,,,,,,[],,,61754,,[],,2322,2024-03-11 19:10:01,,1,['00048415345590'],False,,0.75,[],LAMB'S - NAVY 151 PROOF,,Canada,False,,2,2,,,False,189.0, NAVY 151 PROOF,0.754,,False,[],SR,,LAMB'S ,CA,,Dark Rum,Rum,False,False,0,37.99,,,,,lambs - navy 151 proof,,,,Spirits,[],True,,,1004,1021,1253,1741.5,88212.78,0.5655,67.17948717948718,0.9545454545454546
870,bcls,product,4390,0.3639408,LAMB'S - PALM BREEZE,,,Rum,,[],,34.49,,,,,,,[],,,4390,,[],,2012,2024-03-11 19:10:01,,1,"['00048415510813', '00048415345460']",False,,1.14,[],LAMB'S - PALM BREEZE,,Canada,False,,2,2,,,False,188.0, PALM BREEZE,0.4,,False,[],SR,,LAMB'S ,CA,,Amber Rum,Rum,False,False,0,34.49,,,,,lambs - palm breeze,,,,Spirits,[],True,,,1004,1021,1252,2293.68,69393.88,0.45599999999999996,75.63596491228071,0.9494949494949495
871,bcls,product,125351,0.35400322,LAMB'S - SPICED RUM,,,Rum,,[],True,25.99,,,2024-03-03T00:00:00.000-08:00,,,2024-03-03T00:00:00.000-08:00,"['BCL Select', 'On Sale']",2024-03-31T00:00:00.000-07:00,,125351,True,[],,1437,2024-03-11 19:10:01,,1,"['00048415510707', '00048415520508', '00048415541213', '00048415520126']",False,,0.75,[],LAMB'S - SPICED RUM,,Canada,False,,2,2,,,False,96.0, SPICED RUM,0.35,,True,"['BCL Select', 'On Sale']",C,,LAMB'S ,CA,,Spiced Rum,Rum,False,False,0,23.49,,,,,lambs - spiced rum,,2024-03-31T00:00:00.000-07:00,,Spirits,"[{'id': 'empty-placeholder', 'label': '&nbsp;', 'labelLengthWithoutTags': 1}, {'id': 'exclusive', 'label': 'ONLY@BCL', 'labelLengthWithoutTags': 8}]",True,,,1004,1021,1255,1077.75,37347.63,0.26249999999999996,99.00952380952383,0.48484848484848486
872,bcls,product,6932,0.3639408,LAMB'S - WHITE,,,Rum,,[],,34.49,,,,,,,[],,,6932,,[],,2211,2024-03-11 19:10:01,,1,"['00048415510820', '00048415345521']",False,,1.14,[],LAMB'S - WHITE,,Canada,False,,2,2,,,False,184.0, WHITE,0.4,,False,[],SR,,LAMB'S ,CA,,White Rum,Rum,False,False,0,34.49,,,,,lambs - white,,,,Spirits,[],True,,,1004,1021,1256,2520.54,76257.39,0.45599999999999996,75.63596491228071,0.9292929292929293
873,bcls,product,199147,0.3639408,LAMB'S - WHITE PET,,,Rum,,[],,22.99,,,,,,,[],,,199147,,[],,8,2024-03-11 19:10:01,,1,['00048415540230'],False,,0.75,[],LAMB'S - WHITE PET,,Canada,False,,3,3,,,False,1.0, WHITE PET,0.4,,False,[],SH,,LAMB'S ,CA,,White Rum,Rum,False,False,1,22.99,,,,,lambs - white pet,,,,Spirits,[],True,,,1004,1021,1256,6.0,183.92,0.30000000000000004,76.63333333333331,0.005050505050505051
874,bcls,product,278356,0.35400322,LANEWAY - NO 11 GIN LIMITED EDITION SILVER BOTTLE,,,Gin,,[],True,59.99,,,2024-03-03T00:00:00.000-08:00,,,2024-03-03T00:00:00.000-08:00,['On Sale'],2024-03-31T00:00:00.000-07:00,,278356,True,[],,43,2024-03-11 19:10:01,,1,['00628176048093'],False,,0.75,[],LANEWAY - NO 11 GIN LIMITED EDITION SILVER BOTTLE,,Canada,False,,3,3,,,False,6.0, NO 11 GIN LIMITED EDITION SILVER BOTTLE,0.435,,False,['On Sale'],SM,,LANEWAY ,CA,,Dry Gin,Gin,False,False,1,55.97,,,,,laneway - no 11 gin limited edition silver bottle,,2024-03-31T00:00:00.000-07:00,,Spirits,[],True,,,1004,1017,1168,32.25,2579.57,0.32625,183.87739463601534,0.030303030303030304
875,bcls,product,229581,0.35400322,LANGLEY'S NUMBER 8 - LONDON DRY,,,Gin,,['Only@BCL'],True,29.99,,,2024-03-03T00:00:00.000-08:00,,,2024-03-03T00:00:00.000-08:00,"['BCL Select', 'On Sale']",2024-03-31T00:00:00.000-07:00,,229581,True,['Only@BCL'],,1797,2024-03-11 19:10:01,,1,"['05060324780007', '00086891082776', '00812182030023']",False,,0.75,[],LANGLEY'S NUMBER 8 - LONDON DRY,,United Kingdom,False,,2,2,,,False,194.0, LONDON DRY,0.4,,True,"['BCL Select', 'On Sale']",C,,LANGLEY'S NUMBER 8 ,GB,,Dry Gin,Gin,False,False,0,26.99,,,"[{'urlAlias': '/promotion/only-at-bcl', 'name': 'Only@BCL', 'promoCode': '2020BCLSELECT', 'published': True, 'shortName': ''}]","[{'urlAlias': '/promotion/only-at-bcl', 'name': 'Only@BCL', 'promoCode': '2020BCLSELECT', 'published': True, 'shortName': ''}]",langleys number 8 - london dry,,2024-03-31T00:00:00.000-07:00,,Spirits,"[{'id': 'featured', 'label': 'FEATURED', 'labelLengthWithoutTags': 8}, {'id': 'exclusive', 'label': 'ONLY@BCL', 'labelLengthWithoutTags': 8}]",True,,,1004,1017,1168,1347.75,53892.03,0.30000000000000004,99.96666666666664,0.9797979797979798
876,bcls,product,135210,0.3639408,LAPHROAIG - 10 YEAR OLD,,,Whisky,,[],,84.99,,,,,,,[],,,135210,,[],,1784,2024-03-11 19:10:01,Islay,1,"['05010019640253', '00080686813019', '00089540338057']",False,,0.75,[],LAPHROAIG - 10 YEAR OLD,,United Kingdom,False,Scotland,2,2,,,False,135.0, 10 YEAR OLD,0.43,,False,[],SR,,LAPHROAIG ,GB,,Single Malt Scotch Whisky,Whisky / Whiskey,False,False,0,84.99,,,,,laphroaig - 10 year old,,,,Spirits,[],True,,,1004,1024,1289,1338.0,151622.16,0.3225,263.5348837209302,0.6818181818181818
877,bcls,product,376189,0.3639408,LAPHROAIG - 25 YEAR OLD CASK STRENGTH 2023,,,Whisky,,[],,749.99,,,,,,,['BCL Select'],,,376189,,[],,4,2024-03-11 19:10:01,Islay,1,['05010019000415'],False,,0.7,[],LAPHROAIG - 25 YEAR OLD CASK STRENGTH 2023,,United Kingdom,False,Scotland,3,3,,,False,3.0, 25 YEAR OLD CASK STRENGTH 2023,0.473,,True,['BCL Select'],C,,LAPHROAIG ,GB,,Single Malt Scotch Whisky,Whisky / Whiskey,False,False,0,749.99,,,,,laphroaig - 25 year old cask strength 2023,,,,Spirits,"[{'id': 'empty-placeholder', 'label': '&nbsp;', 'labelLengthWithoutTags': 1}, {'id': 'exclusive', 'label': 'ONLY@BCL', 'labelLengthWithoutTags': 8}]",True,,,1004,1024,1289,2.8,2999.96,0.33109999999999995,2265.1464814255514,0.015151515151515152
878,bcls,product,211480,0.3639408,LAPHROAIG - 28 YEAR OLD CASK STRENGTH,,,Whisky,,[],,1570.0,,,,,,,[],,,211480,,[],,24,2024-03-11 19:10:01,Islay,1,['00080686814269'],False,,0.75,[],LAPHROAIG - 28 YEAR OLD CASK STRENGTH,,United Kingdom,False,Scotland,3,3,,,False,7.0, 28 YEAR OLD CASK STRENGTH,0.444,,False,[],ST,,LAPHROAIG ,GB,,Single Malt Scotch Whisky,Whisky / Whiskey,False,False,1,1570.0,,,,,laphroaig - 28 year old cask strength,,,,Spirits,[],True,,,1004,1024,1289,18.0,37680.0,0.333,4714.714714714714,0.03535353535353535
879,bcls,product,98842,0.35400322,LAPHROAIG - 30 YEAR OLD IAN HUNTER SERIES,,,Whisky,,[],,2200.0,,,,,,,['BCL Select'],,,98842,,[],,1,2024-03-11 19:10:01,Islay,1,['00080686814283'],False,,0.75,[],LAPHROAIG - 30 YEAR OLD IAN HUNTER SERIES,,United Kingdom,False,Scotland,3,3,,,False,1.0, 30 YEAR OLD IAN HUNTER SERIES,0.467,,True,['BCL Select'],C,,LAPHROAIG ,GB,,Single Malt Scotch Whisky,Whisky / Whiskey,False,False,1,2200.0,,,,,laphroaig - 30 year old ian hunter series,,,,Spirits,"[{'id': 'empty-placeholder', 'label': '&nbsp;', 'labelLengthWithoutTags': 1}, {'id': 'exclusive', 'label': 'ONLY@BCL', 'labelLengthWithoutTags': 8}]",True,,,1004,1024,1289,0.75,2200.0,0.35025,6281.227694503926,0.005050505050505051
880,bcls,product,427331,0.3639408,LAPHROAIG - 33 YEAR OLD THE IAN HUNTER BOOK 3,,,Whisky,,[],,2250.0,,,,,,,['BCL Select'],,,427331,,[],,15,2024-03-11 19:10:01,Islay,1,['00080686814306'],False,,0.75,[],LAPHROAIG - 33 YEAR OLD THE IAN HUNTER BOOK 3,,United Kingdom,False,Scotland,3,3,,,False,3.0, 33 YEAR OLD THE IAN HUNTER BOOK 3,0.499,,True,['BCL Select'],C,,LAPHROAIG ,GB,,Single Malt Scotch Whisky,Whisky / Whiskey,False,False,1,2250.0,,,,,laphroaig - 33 year old the ian hunter book 3,,,,Spirits,"[{'id': 'empty-placeholder', 'label': '&nbsp;', 'labelLengthWithoutTags': 1}, {'id': 'exclusive', 'label': 'ONLY@BCL', 'labelLengthWithoutTags': 8}]",True,,,1004,1024,1289,11.25,33750.0,0.37424999999999997,6012.024048096193,0.015151515151515152
881,bcls,product,301515,0.3639408,LAPHROAIG - LORE,,,Whisky,,[],,201.99,,,,,,,[],,,301515,,[],,195,2024-03-11 19:10:01,Islay,1,['00080686813071'],False,,0.75,[],LAPHROAIG - LORE,,United Kingdom,False,Scotland,3,3,,,False,22.0, LORE,0.48,,False,[],SH,,LAPHROAIG ,GB,,Single Malt Scotch Whisky,Whisky / Whiskey,False,False,0,201.99,,,,,laphroaig - lore,,,,Spirits,[],True,,,1004,1024,1289,146.25,39388.05,0.36,561.0833333333334,0.1111111111111111
882,bcls,product,656546,0.3639408,LAPHROAIG - QUARTER CASK,,,Whisky,,[],True,104.99,,,2024-03-03T00:00:00.000-08:00,,,2024-03-03T00:00:00.000-08:00,['On Sale'],2024-03-31T00:00:00.000-07:00,,656546,True,[],,1382,2024-03-11 19:10:01,Islay,1,"['05010019636614', '00089540474434']",False,,0.75,[],LAPHROAIG - QUARTER CASK,,United Kingdom,False,Scotland,2,2,,,False,169.0, QUARTER CASK,0.48,,False,['On Sale'],SR,,LAPHROAIG ,GB,,Single Malt Scotch Whisky,Whisky / Whiskey,False,False,0,100.49,,,,,laphroaig - quarter cask,,2024-03-31T00:00:00.000-07:00,,Spirits,[],True,,,1004,1024,1289,1036.5,145096.18,0.36,291.63888888888886,0.8535353535353535
883,bcls,product,109890,0.35400322,LAPHROAIG 30 YEAR OLD THE IAN HUNTER STORY - BOOK 2,,,Whisky,,[],,2250.0,,,,,,,['BCL Select'],,,109890,,[],,28,2024-03-11 19:10:01,Islay,1,['00080686814290'],False,,0.75,[],LAPHROAIG 30 YEAR OLD THE IAN HUNTER STORY - BOOK 2,,United Kingdom,False,Scotland,3,3,,,False,4.0, BOOK 2,0.48200000000000004,,True,['BCL Select'],C,,LAPHROAIG 30 YEAR OLD THE IAN HUNTER STORY ,GB,,Single Malt Scotch Whisky,Whisky / Whiskey,False,False,1,2250.0,,,,,laphroaig 30 year old the ian hunter story - book 2,,,,Spirits,"[{'id': 'empty-placeholder', 'label': '&nbsp;', 'labelLengthWithoutTags': 1}, {'id': 'exclusive', 'label': 'ONLY@BCL', 'labelLengthWithoutTags': 8}]",True,,,1004,1024,1289,21.0,63000.0,0.36150000000000004,6224.066390041493,0.020202020202020204
884,bcls,product,254029,0.35400322,LAPHROAIG SELECT,,,Whisky,,[],,65.99,,,,,,,[],,,254029,,[],,319,2024-03-11 19:10:01,Islay,1,['00080686813064'],False,,0.75,[],LAPHROAIG SELECT,,United Kingdom,False,Scotland,2,2,,,False,42.0,LAPHROAIG SELECT,0.4,,False,[],SR,,,GB,,Single Malt Scotch Whisky,Whisky / Whiskey,False,False,0,65.99,,,,,laphroaig select,,,,Spirits,[],True,,,1004,1024,1289,239.25,21050.809999999998,0.30000000000000004,219.9666666666666,0.21212121212121213
885,bcls,product,169579,0.35400322,LARCENY KENTUCKY STRAIGHT BOURBON,,,Whisky,,[],,52.99,,,,,,,[],,,169579,,[],,513,2024-03-11 19:10:01,,1,['00096749031559'],False,,0.75,[],LARCENY KENTUCKY STRAIGHT BOURBON,,USA,False,,2,2,,,False,32.0,LARCENY KENTUCKY STRAIGHT BOURBON,0.46,,False,[],SH,,,US,,Bourbon Whiskey,Whisky / Whiskey,False,False,0,52.99,,,,,larceny kentucky straight bourbon,,,,Spirits,[],True,,,1004,1024,1284,384.75,27183.870000000003,0.34500000000000003,153.59420289855072,0.16161616161616163
886,bcls,product,677666,0.3639408,LEDAIG - 10 YEAR OLD,,,Whisky,,[],,78.99,,,,,,,[],,,677666,,[],,360,2024-03-11 19:10:01,Highland,1,"['00758371170050', '05029704217632']",False,,0.75,[],LEDAIG - 10 YEAR OLD,,United Kingdom,False,Scotland,2,2,,,False,49.0, 10 YEAR OLD,0.46299999999999997,,False,[],SH,,LEDAIG ,GB,,Single Malt Scotch Whisky,Whisky / Whiskey,False,False,0,78.99,,,,,ledaig - 10 year old,,,,Spirits,[],True,,,1004,1024,1289,270.0,28436.399999999998,0.34724999999999995,227.47300215982725,0.2474747474747475
887,bcls,product,164242,0.35400322,LEGENT,,,Whisky,,[],,58.99,,,,,,,[],,,164242,,[],,472,2024-03-11 19:10:01,,1,"['00080686024071', '00080686024019']",False,,0.75,[],LEGENT,,USA,False,,2,2,,,False,48.0,LEGENT,0.47,,False,[],SR,,,US,,Bourbon Whiskey,Whisky / Whiskey,False,False,0,58.99,,,,,legent,,,,Spirits,[],True,,,1004,1024,1284,354.0,27843.280000000002,0.3525,167.34751773049646,0.24242424242424243
888,bcls,product,363353,0.3639408,LEGENT YAMAZAKI,,,Whisky,,[],,339.99,,,,,,,['BCL Select'],,,363353,,[],,282,2024-03-11 19:10:01,,1,['00080686000181'],False,,0.75,[],LEGENT YAMAZAKI,,USA,False,,2,2,,,False,34.0,LEGENT YAMAZAKI,0.57,,True,['BCL Select'],C,,,US,,Bourbon Whiskey,Whisky / Whiskey,False,False,0,339.99,,,,,legent yamazaki,,,,Spirits,"[{'id': 'empty-placeholder', 'label': '&nbsp;', 'labelLengthWithoutTags': 1}, {'id': 'exclusive', 'label': 'ONLY@BCL', 'labelLengthWithoutTags': 8}]",True,,,1004,1024,1284,211.5,95877.18000000001,0.4275,795.2982456140352,0.1717171717171717
889,bcls,product,497198,0.35400322,LEMON HART - PREMIUM DEMERARA,,,Rum,,[],,40.49,,,,,,,[],,,497198,,[],,1718,2024-03-11 19:10:01,,1,"['00814789007712', '00082422414092']",False,,1.14,[],LEMON HART - PREMIUM DEMERARA,,Guyana,False,,2,2,,,False,190.0, PREMIUM DEMERARA,0.4,,False,[],G,,LEMON HART ,GY,,Dark Rum,Rum,False,False,0,40.49,,,,,lemon hart - premium demerara,,,,Spirits,[],True,,,1004,1021,1253,1958.5199999999998,69561.82,0.45599999999999996,88.79385964912282,0.9595959595959596
890,bcls,product,497206,0.35400322,LEMON HART - PREMIUM DEMERARA,,,Rum,,[],True,29.49,,,2024-03-03T00:00:00.000-08:00,,,2024-03-03T00:00:00.000-08:00,['On Sale'],2024-03-31T00:00:00.000-07:00,,497206,True,[],,1835,2024-03-11 19:10:01,,1,"['00082422170127', '00814789007729']",False,,0.75,[],LEMON HART - PREMIUM DEMERARA,,Guyana,False,,2,2,,,False,156.0, PREMIUM DEMERARA,0.4,,False,['On Sale'],G,,LEMON HART ,GY,,Dark Rum,Rum,False,False,0,27.49,,,,,lemon hart - premium demerara,,2024-03-31T00:00:00.000-07:00,,Spirits,[],True,,,1004,1021,1253,1376.25,54114.149999999994,0.30000000000000004,98.29999999999998,0.7878787878787878
891,bcls,product,238303,0.3639408,LICOR 43,,,Liqueurs,,[],True,33.49,,,2024-03-03T00:00:00.000-08:00,,,2024-03-03T00:00:00.000-08:00,['On Sale'],2024-03-31T00:00:00.000-07:00,,238303,True,[],,1414,2024-03-11 19:10:01,,1,['00029929115411'],False,,0.75,[],LICOR 43,,Spain,False,,2,2,,,False,126.0,LICOR 43,0.31,,False,['On Sale'],SR,,,ES,,Anise And Herbal/Spice Liqueurs,Liqueurs,False,False,0,30.49,,,,,licor 43,,2024-03-31T00:00:00.000-07:00,,Spirits,[],True,,,1004,1019,1208,1060.5,47354.86,0.23249999999999998,144.0430107526882,0.6363636363636364
892,bcls,product,591644,0.35400322,LIMONCELLO - LUXARDO,,,Liqueurs,,[],,29.99,,,,,,,['BCL Select'],,,591644,,[],,1415,2024-03-11 19:10:01,,1,['08000353006683'],False,,0.75,['Kosher'],LIMONCELLO - LUXARDO,,Italy,False,,2,2,,,False,113.0, LUXARDO,0.27,,True,['BCL Select'],C,,LIMONCELLO ,IT,,Fruit Liqueurs,Liqueurs,True,False,0,29.99,,,,,limoncello - luxardo,,,,Spirits,"[{'id': 'empty-placeholder', 'label': '&nbsp;', 'labelLengthWithoutTags': 1}, {'id': 'exclusive', 'label': 'ONLY@BCL', 'labelLengthWithoutTags': 8}]",True,,,1004,1019,1211,1061.25,42435.85,0.2025,148.09876543209876,0.5707070707070707
893,bcls,product,98387,0.35400322,LITTLEMILL - 25 YEAR OLD SINGLE MALT SCOTCH WHISKY,,,Whisky,,[],,7100.0,,,,,,,['BCL Select'],,,98387,,[],,1,2024-03-11 19:10:01,Lowland,1,['05016840161356'],False,,0.75,[],LITTLEMILL - 25 YEAR OLD SINGLE MALT SCOTCH WHISKY,,United Kingdom,False,Scotland,3,3,,,False,1.0, 25 YEAR OLD SINGLE MALT SCOTCH WHISKY,0.504,,True,['BCL Select'],C,,LITTLEMILL ,GB,,Single Malt Scotch Whisky,Whisky / Whiskey,False,False,1,7100.0,,,,,littlemill - 25 year old single malt scotch whisky,,,,Spirits,"[{'id': 'empty-placeholder', 'label': '&nbsp;', 'labelLengthWithoutTags': 1}, {'id': 'exclusive', 'label': 'ONLY@BCL', 'labelLengthWithoutTags': 8}]",True,,,1004,1024,1289,0.75,7100.0,0.378,18783.068783068782,0.005050505050505051
894,bcls,product,817192,0.3639408,LOCH LOMOND - 12 YEAR OLD SINGLE MALT SCOTCH WHISKY,,,Whisky,,[],True,76.99,,,2024-03-03T00:00:00.000-08:00,,,2024-03-03T00:00:00.000-08:00,['On Sale'],2024-03-31T00:00:00.000-07:00,,817192,True,[],,286,2024-03-11 19:10:01,Highland,1,"['00814065020633', '05016840737216']",False,,0.75,[],LOCH LOMOND - 12 YEAR OLD SINGLE MALT SCOTCH WHISKY,,United Kingdom,False,Scotland,2,2,,,False,41.0, 12 YEAR OLD SINGLE MALT SCOTCH WHISKY,0.46,,False,['On Sale'],SH,,LOCH LOMOND ,GB,,Single Malt Scotch Whisky,Whisky / Whiskey,False,False,0,72.99,,,,,loch lomond - 12 year old single malt scotch whisky,,2024-03-31T00:00:00.000-07:00,,Spirits,[],True,,,1004,1024,1289,214.5,22019.14,0.34500000000000003,223.15942028985503,0.20707070707070707
895,bcls,product,451085,0.35400322,LOCH LOMOND - 25 YEAR OLD OLD PARTICULAR DOUGLAS LAING,,,Whisky,,[],,189.99,,,,,,,['BCL Select'],,,451085,,[],,3,2024-03-11 19:10:01,Lowland,1,['05014218818703'],False,,0.7,[],LOCH LOMOND - 25 YEAR OLD OLD PARTICULAR DOUGLAS LAING,,United Kingdom,False,Scotland,3,3,,,False,1.0, 25 YEAR OLD OLD PARTICULAR DOUGLAS LAING,0.517,,True,['BCL Select'],C,,LOCH LOMOND ,GB,,Single Malt Scotch Whisky,Whisky / Whiskey,False,False,1,189.99,,,,,loch lomond - 25 year old old particular douglas laing,,,,Spirits,"[{'id': 'empty-placeholder', 'label': '&nbsp;', 'labelLengthWithoutTags': 1}, {'id': 'exclusive', 'label': 'ONLY@BCL', 'labelLengthWithoutTags': 8}]",True,,,1004,1024,1289,2.0999999999999996,569.97,0.3619,524.9792760431059,0.005050505050505051
896,bcls,product,223495,0.3639408,LONG ISLAND ICED TEA - ICE BOX,,,Other Spirits,,[],True,28.99,,,2024-03-03T00:00:00.000-08:00,,,2024-03-03T00:00:00.000-08:00,['On Sale'],2024-03-31T00:00:00.000-07:00,,223495,True,[],,3131,2024-03-11 19:10:01,,1,"['00048415346511', '00088004400286', '00048415100045']",False,,1.14,[],LONG ISLAND ICED TEA - ICE BOX,,Canada,False,,2,2,,,False,186.0, ICE BOX,0.38,,False,['On Sale'],SR,,LONG ISLAND ICED TEA ,CA,,Ready to Mix Cocktails,Other Spirits,False,False,0,25.99,,,,,long island iced tea - ice box,,2024-03-31T00:00:00.000-07:00,,Spirits,[],True,,,1004,1020,1241,3569.3399999999997,90767.69,0.4332,66.92059095106187,0.9393939393939394
897,bcls,product,257105,0.3639408,LONG ISLAND ICED TEA - ICE BOX,,,Other Spirits,,[],,22.49,,,,,,,[],,,257105,,[],,1794,2024-03-11 19:10:01,,1,"['00088004400309', '00048415368896']",False,,0.75,[],LONG ISLAND ICED TEA - ICE BOX,,Canada,False,,2,2,,,False,120.0, ICE BOX,0.38,,False,[],SR,,LONG ISLAND ICED TEA ,CA,,Ready to Mix Cocktails,Other Spirits,False,False,0,22.49,,,,,long island iced tea - ice box,,,,Spirits,[],True,,,1004,1020,1241,1345.5,40347.06,0.28500000000000003,78.91228070175437,0.6060606060606061
898,bcls,product,274134,0.35400322,LONG ISLAND ICED TEA - POTTER'S,,,Other Spirits,,[],,28.99,,,,,,,[],,,274134,,[],,1059,2024-03-11 19:10:01,,1,['00776555451702'],False,,1.14,[],LONG ISLAND ICED TEA - POTTER'S,,Canada,False,,2,2,,,False,69.0, POTTER'S,0.36,,False,[],SR,,LONG ISLAND ICED TEA ,CA,,Ready to Mix Cocktails,Other Spirits,False,False,0,28.99,,,,,long island iced tea - potters,,,,Spirits,[],True,,,1004,1020,1241,1207.26,30700.41,0.41039999999999993,70.6384015594542,0.3484848484848485
899,bcls,product,674929,0.3639408,LONG TABLE - BARREL AGED GIN,,,Gin,,[],,57.99,,,,,,,[],,,674929,,[],,5,2024-03-11 19:10:01,,1,['00626990214472'],False,,0.75,[],LONG TABLE - BARREL AGED GIN,,Canada,False,,3,3,,,False,4.0, BARREL AGED GIN,0.44,,False,[],SM,,LONG TABLE ,CA,,Dry Gin,Gin,False,False,1,57.99,,,,,long table - barrel aged gin,,,,Spirits,[],True,,,1004,1017,1168,3.75,289.95,0.33,175.72727272727272,0.020202020202020204
900,bcls,product,816512,0.3639408,LONG TABLE - CUCUMBER GIN,,,Gin,,[],,49.99,,,,,,,[],,,816512,,[],,471,2024-03-11 19:10:01,,1,['00626990214465'],False,,0.75,[],LONG TABLE - CUCUMBER GIN,,Canada,False,,2,2,,,False,66.0, CUCUMBER GIN,0.44,,False,[],SH,,LONG TABLE ,CA,,Flavoured Gin,Gin,False,False,0,49.99,,,,,long table - cucumber gin,,,,Spirits,[],True,,,1004,1017,1167,353.25,23545.29,0.33,151.48484848484847,0.3333333333333333
901,bcls,product,898502,0.3639408,LONG TABLE - LANGBORD AKVAVIT,,,Other Spirits,,[],,45.99,,,,,,,[],,,898502,,[],,168,2024-03-11 19:10:01,,1,['00626990214458'],False,,0.75,[],LONG TABLE - LANGBORD AKVAVIT,,Canada,False,,2,2,,,False,30.0, LANGBORD AKVAVIT,0.42,,False,[],SH,,LONG TABLE ,CA,,Schnapps and Akvavit,Other Spirits,False,False,0,45.99,,,,,long table - langbord akvavit,,,,Spirits,[],True,,,1004,1020,1243,126.0,7726.320000000001,0.315,146.0,0.15151515151515152
902,bcls,product,31161,0.35400322,LONG TABLE - LONDON DRY,,,Gin,,[],,49.99,,,,,,,[],,,31161,,[],,619,2024-03-11 19:10:01,,1,['00626990156253'],False,,0.75,[],LONG TABLE - LONDON DRY,,Canada,False,,2,2,,,False,81.0, LONDON DRY,0.44,,False,[],SR,,LONG TABLE ,CA,,Dry Gin,Gin,False,False,0,49.99,,,,,long table - london dry,,,,Spirits,[],True,,,1004,1017,1168,464.25,30943.81,0.33,151.48484848484847,0.4090909090909091
903,bcls,product,787051,0.3639408,LONG TABLE - TEXADA VODKA,,,Vodka,,[],,43.99,,,,,,,[],,,787051,,[],,549,2024-03-11 19:10:01,,1,"['00626990156260', '00626990348146']",False,,0.75,[],LONG TABLE - TEXADA VODKA,,Canada,False,,2,2,,,False,71.0, TEXADA VODKA,0.4,,False,[],SR,,LONG TABLE ,CA,,Straight Vodka,Vodka,False,False,0,43.99,,,,,long table - texada vodka,,,,Spirits,[],True,,,1004,1023,1281,411.75,24150.510000000002,0.30000000000000004,146.63333333333333,0.35858585858585856
904,bcls,product,528836,0.35400322,LOS SIETE MISTERIOS - DOBA-YEJ MEZCAL,,,Tequila,,[],,75.99,,,,,,,[],,,528836,,[],,1002,2024-03-11 19:10:01,,1,"['07503016487023', '07503016487337']",False,,0.75,[],LOS SIETE MISTERIOS - DOBA-YEJ MEZCAL,,Mexico,False,,2,2,,,False,140.0, DOBA-YEJ MEZCAL,0.44,,False,[],SR,,LOS SIETE MISTERIOS ,MX,,Mezcal,Tequila,False,False,0,75.99,,,,,los siete misterios - doba-yej mezcal,,,,Spirits,[],True,,,1004,1022,1273,751.5,76141.98,0.33,230.27272727272725,0.7070707070707071
905,bcls,product,96548,0.3639408,LOT 40 - DARK OAK CANADIAN WHISKY,,,Whisky,,[],True,56.99,,,2024-03-03T00:00:00.000-08:00,,,2024-03-03T00:00:00.000-08:00,['On Sale'],2024-03-31T00:00:00.000-07:00,,96548,True,[],,509,2024-03-11 19:10:01,,1,['00048415541039'],False,,0.75,[],LOT 40 - DARK OAK CANADIAN WHISKY,,Canada,False,,3,3,,,False,62.0, DARK OAK CANADIAN WHISKY,0.48,,False,['On Sale'],SR,,LOT 40 ,CA,,Canadian Whisky,Whisky / Whiskey,False,False,0,53.99,,,,,lot 40 - dark oak canadian whisky,,2024-03-31T00:00:00.000-07:00,,Spirits,[],True,,,1004,1024,1285,381.75,29007.91,0.36,158.30555555555557,0.31313131313131315
906,bcls,product,3822,0.35400322,LOT NO. 40 - RYE WHISKY,,,Whisky,,[],,42.49,,,,,,,[],,,3822,,[],,1786,2024-03-11 19:10:01,,1,['00048415520041'],False,,0.75,[],LOT NO. 40 - RYE WHISKY,,Canada,False,,2,2,,,False,158.0, RYE WHISKY,0.43,,False,[],SR,,LOT NO. 40 ,CA,,Canadian Whisky,Whisky / Whiskey,False,False,0,42.49,,,,,lot no. 40 - rye whisky,,,,Spirits,[],True,,,1004,1024,1285,1339.5,75887.14,0.3225,131.75193798449612,0.797979797979798
907,bcls,product,245167,0.3639408,LUKSUSOWA,,,Vodka,,[],True,42.49,,,2024-03-03T00:00:00.000-08:00,,,2024-03-03T00:00:00.000-08:00,['On Sale'],2024-03-31T00:00:00.000-07:00,,245167,True,[],,2500,2024-03-11 19:10:01,,1,['05900191008432'],False,,1.14,['Kosher'],LUKSUSOWA,,Poland,False,,2,2,,,False,195.0,LUKSUSOWA,0.4,,False,['On Sale'],G,,,PL,,Straight Vodka,Vodka,True,False,0,40.49,,,,,luksusowa,,2024-03-31T00:00:00.000-07:00,,Spirits,[],True,,,1004,1023,1281,2849.9999999999995,106225.0,0.45599999999999996,93.17982456140352,0.9848484848484849
908,bcls,product,253302,0.3639408,LUKSUSOWA,,,Vodka,,[],,27.99,,,,,,,[],,,253302,,[],,3903,2024-03-11 19:10:01,,1,"['05900191001334', '00808755033485', '05900685000232']",False,,0.75,['Kosher'],LUKSUSOWA,,Poland,False,,2,2,,,False,198.0,LUKSUSOWA,0.4,,False,[],G,,,PL,,Straight Vodka,Vodka,True,False,0,27.99,,,,,luksusowa,,,,Spirits,[],True,,,1004,1023,1281,2927.25,109244.97,0.30000000000000004,93.29999999999998,1.0
909,bcls,product,132960,0.3639408,LUKSUSOWA - VODKA,,,Vodka,,[],True,59.99,,,2024-03-03T00:00:00.000-08:00,,,2024-03-03T00:00:00.000-08:00,['On Sale'],2024-03-31T00:00:00.000-07:00,,132960,True,[],,1329,2024-03-11 19:10:01,,1,['05900191016451'],False,,1.75,['Kosher'],LUKSUSOWA - VODKA,,Poland,False,,2,2,,,False,117.0, VODKA,0.4,,False,['On Sale'],SR,,LUKSUSOWA ,PL,,Straight Vodka,Vodka,True,False,0,56.99,,,,,luksusowa - vodka,,2024-03-31T00:00:00.000-07:00,,Spirits,[],True,,,1004,1023,1281,2325.75,79726.71,0.7000000000000001,85.69999999999999,0.5909090909090909
910,bcls,product,842849,0.3639408,LUNAZUL - BLANCO,,,Tequila,,[],,48.49,,,,,,,['BCL Select'],,,842849,,[],,12,2024-03-11 19:10:01,,1,['00096749908035'],False,,0.75,[],LUNAZUL - BLANCO,,Mexico,False,,2,2,,,False,1.0, BLANCO,0.4,,True,['BCL Select'],C,,LUNAZUL ,MX,,Blanco/Silver Tequila,Tequila,False,False,0,48.49,,,,,lunazul - blanco,,,,Spirits,"[{'id': 'empty-placeholder', 'label': '&nbsp;', 'labelLengthWithoutTags': 1}, {'id': 'exclusive', 'label': 'ONLY@BCL', 'labelLengthWithoutTags': 8}]",False,,,1004,1022,1270,9.0,581.88,0.30000000000000004,161.63333333333333,0.005050505050505051
911,bcls,product,397950,0.35400322,LUXARDO - KIRSCH DE CUISINE LIQUEUR,,,Grape and Fruit Brandy,,[],,9.99,,,,,,,['BCL Select'],,,397950,,[],,1146,2024-03-11 19:10:01,,1,['08000353006676'],False,,0.2,[],LUXARDO - KIRSCH DE CUISINE LIQUEUR,,Italy,False,,3,3,,,False,57.0, KIRSCH DE CUISINE LIQUEUR,0.25,,True,['BCL Select'],C,,LUXARDO ,IT,,Eau de Vie,Other Spirits,False,False,0,9.99,,,,,luxardo - kirsch de cuisine liqueur,,,,Spirits,"[{'id': 'empty-placeholder', 'label': '&nbsp;', 'labelLengthWithoutTags': 1}, {'id': 'exclusive', 'label': 'ONLY@BCL', 'labelLengthWithoutTags': 8}]",True,,,1004,1018,1173,229.20000000000002,11448.54,0.05,199.79999999999998,0.2878787878787879
912,bcls,product,467520,0.3639408,LUXARDO - MARASCHINO,,,Liqueurs,,[],,44.99,,,,,,,[],,,467520,,[],,235,2024-03-11 19:10:01,,1,['08000353000018'],False,,0.75,[],LUXARDO - MARASCHINO,,Italy,False,,2,2,,,False,40.0, MARASCHINO,0.32,,False,[],SR,,LUXARDO ,IT,,Fruit Liqueurs,Liqueurs,False,False,0,44.99,,,,,luxardo - maraschino,,,,Spirits,[],True,,,1004,1019,1211,176.25,10572.65,0.24,187.45833333333334,0.20202020202020202
913,bcls,product,32048,0.3639408,LUZHOU - LAOJIAO ER QU,,,Asian Spirits,,[],,20.99,,,,,,,[],,,32048,,[],,1,2024-03-11 19:10:01,,1,"['06901798138934', '06901798199867']",False,,0.5,[],LUZHOU - LAOJIAO ER QU,,China,False,,2,2,,,False,1.0, LAOJIAO ER QU,0.52,,False,[],SR,,LUZHOU ,CN,,China Spirits,Other Spirits,False,False,0,20.99,,,,,luzhou - laojiao er qu,,,,Spirits,[],True,,,1004,1016,1064,0.5,20.99,0.26,80.73076923076923,0.005050505050505051
914,bcls,product,781986,0.3639408,LUZHOU - LAOJIAO TOU QU,,,Asian Spirits,,[],,37.79,,,,,,,[],,,781986,,[],,0,2024-03-11 19:10:01,,1,['06901798145505'],False,,0.5,[],LUZHOU - LAOJIAO TOU QU,,China,False,,2,2,,,False,, LAOJIAO TOU QU,0.52,,False,[],SR,,LUZHOU ,CN,,China Spirits,Other Spirits,False,False,0,37.79,,,,,luzhou - laojiao tou qu,,,,Spirits,[],True,,,1004,1016,1064,0.0,0.0,0.26,145.34615384615384,
915,bcls,product,442445,0.3639408,MAC TALLA - MARA,,,Whisky,,[],,109.99,,,,,,,['BCL Select'],,,442445,,[],,48,2024-03-11 19:10:01,Islay,1,['05060109227666'],False,,0.7,[],MAC TALLA - MARA,,United Kingdom,False,Scotland,3,3,,,False,9.0, MARA,0.5820000000000001,,True,['BCL Select'],C,,MAC TALLA ,GB,,Single Malt Scotch Whisky,Whisky / Whiskey,False,False,0,109.99,,,,,mac talla - mara,,,,Spirits,"[{'id': 'empty-placeholder', 'label': '&nbsp;', 'labelLengthWithoutTags': 1}, {'id': 'exclusive', 'label': 'ONLY@BCL', 'labelLengthWithoutTags': 8}]",True,,,1004,1024,1289,33.599999999999994,5279.5199999999995,0.40740000000000004,269.9803632793323,0.045454545454545456
916,bcls,product,486462,0.3639408,MACALLAN - A NIGHT ON EARTH THE JOURNEY,,,Whisky,,[],,234.99,,,,,,,['BCL Select'],,,486462,,[],,297,2024-03-11 19:10:01,Speyside,1,"['00812066024568', '00812066024087']",False,,0.75,[],MACALLAN - A NIGHT ON EARTH THE JOURNEY,,United Kingdom,False,Scotland,2,2,,,False,27.0, A NIGHT ON EARTH THE JOURNEY,0.43,,True,['BCL Select'],C,,MACALLAN ,GB,,Single Malt Scotch Whisky,Whisky / Whiskey,False,False,0,234.99,,,,,macallan - a night on earth the journey,,,,Spirits,"[{'id': 'empty-placeholder', 'label': '&nbsp;', 'labelLengthWithoutTags': 1}, {'id': 'exclusive', 'label': 'ONLY@BCL', 'labelLengthWithoutTags': 8}]",True,,,1004,1024,1289,222.75,69792.03,0.3225,728.6511627906976,0.13636363636363635
917,bcls,product,386097,0.3639408,MACALLAN - CLASSIC CUT 2022,,,Whisky,,[],,169.99,,,,,,,['BCL Select'],,,386097,,[],,132,2024-03-11 19:10:01,Speyside,1,['00812066024230'],False,,0.75,[],MACALLAN - CLASSIC CUT 2022,,United Kingdom,False,Scotland,2,2,,,False,5.0, CLASSIC CUT 2022,0.525,,True,['BCL Select'],C,,MACALLAN ,GB,,Single Malt Scotch Whisky,Whisky / Whiskey,False,True,0,169.99,,,,,macallan - classic cut 2022,,,,Spirits,"[{'id': 'empty-placeholder', 'label': '&nbsp;', 'labelLengthWithoutTags': 1}, {'id': 'exclusive', 'label': 'ONLY@BCL', 'labelLengthWithoutTags': 8}]",True,False,Available on March 14,1004,1024,1289,99.0,22438.68,0.39375000000000004,431.7206349206349,0.025252525252525252
918,bcls,product,34672,0.3639408,MACALLAN - DOUBLE CASK 12 YEAR OLD,,,Whisky,,[],,129.99,,,,,,,[],,,34672,,[],,1728,2024-03-11 19:10:01,Speyside,1,['05010314303297'],False,,0.75,[],MACALLAN - DOUBLE CASK 12 YEAR OLD,,United Kingdom,False,Scotland,2,2,,,False,127.0, DOUBLE CASK 12 YEAR OLD,0.4,,False,[],SR,,MACALLAN ,GB,,Single Malt Scotch Whisky,Whisky / Whiskey,False,False,0,129.99,,,,,macallan - double cask 12 year old,,,,Spirits,[],True,,,1004,1024,1289,1296.0,224622.72000000003,0.30000000000000004,433.29999999999995,0.6414141414141414
919,bcls,product,142477,0.3639408,MACALLAN - DOUBLE CASK 15 YEAR OLD,,,Whisky,,[],,299.99,,,,,,,[],,,142477,,[],,712,2024-03-11 19:10:01,Speyside,1,['05010314308476'],False,,0.75,[],MACALLAN - DOUBLE CASK 15 YEAR OLD,,United Kingdom,False,Scotland,2,2,,,False,74.0, DOUBLE CASK 15 YEAR OLD,0.43,,False,[],SR,,MACALLAN ,GB,,Single Malt Scotch Whisky,Whisky / Whiskey,False,False,0,299.99,,,,,macallan - double cask 15 year old,,,,Spirits,[],True,,,1004,1024,1289,534.0,213592.88,0.3225,930.2015503875969,0.37373737373737376
920,bcls,product,110765,0.3639408,MACALLAN - DOUBLE CASK 18 YEAR OLD,,,Whisky,,[],,725.0,,,,,,,[],,,110765,,[],,201,2024-03-11 19:10:01,Speyside,1,['00812066023387'],False,,0.75,[],MACALLAN - DOUBLE CASK 18 YEAR OLD,,United Kingdom,False,Scotland,2,2,,,False,29.0, DOUBLE CASK 18 YEAR OLD,0.43,,False,[],SR,,MACALLAN ,GB,,Single Malt Scotch Whisky,Whisky / Whiskey,False,False,0,725.0,,,,,macallan - double cask 18 year old,,,,Spirits,[],True,,,1004,1024,1289,150.75,145725.0,0.3225,2248.062015503876,0.14646464646464646
921,bcls,product,438237,0.3639408,MACALLAN - DOUBLE CASK 30 YEAR OLD,,,Whisky,,[],,10275.0,,,,,,,['BCL Select'],,,438237,,[],,53,2024-03-11 19:10:01,Highland,1,['00812066024049'],False,,0.75,[],MACALLAN - DOUBLE CASK 30 YEAR OLD,,United Kingdom,False,Scotland,2,2,,,False,3.0, DOUBLE CASK 30 YEAR OLD,0.43,,True,['BCL Select'],C,,MACALLAN ,GB,,Single Malt Scotch Whisky,Whisky / Whiskey,False,False,0,10275.0,,,,,macallan - double cask 30 year old,,,,Spirits,"[{'id': 'empty-placeholder', 'label': '&nbsp;', 'labelLengthWithoutTags': 1}, {'id': 'exclusive', 'label': 'ONLY@BCL', 'labelLengthWithoutTags': 8}]",True,,,1004,1024,1289,39.75,544575.0,0.3225,31860.46511627907,0.015151515151515152
922,bcls,product,3061,0.3639408,MACALLAN - DOUBLE CASK GOLD,,,Whisky,,[],,80.99,,,,,,,[],,,3061,,[],,15,2024-03-11 19:10:01,Speyside,1,['05010314102005'],False,,0.75,[],MACALLAN - DOUBLE CASK GOLD,,United Kingdom,False,Scotland,3,3,,,False,3.0, DOUBLE CASK GOLD,0.4,,False,[],SR,,MACALLAN ,GB,,Single Malt Scotch Whisky,Whisky / Whiskey,False,False,1,80.99,,,,,macallan - double cask gold,,,,Spirits,[],True,,,1004,1024,1289,11.25,1214.85,0.30000000000000004,269.9666666666666,0.015151515151515152
923,bcls,product,350413,0.3639408,MACALLAN - M,,,Whisky,,[],,10999.0,,,,,,,[],,,350413,,[],,3,2024-03-11 19:10:01,Speyside,1,"['00812066023974', '00812066021741', '05010314300463', '00812066023219', '00812066023035', '00087236100902']",False,,0.75,[],MACALLAN - M,,United Kingdom,False,Scotland,3,3,,,False,1.0, M,0.45,,False,[],ST,,MACALLAN ,GB,,Single Malt Scotch Whisky,Whisky / Whiskey,False,False,0,10999.0,,,,,macallan - m,,,,Spirits,[],True,,,1004,1024,1289,2.25,32997.0,0.3375,32589.629629629628,0.005050505050505051
924,bcls,product,885806,0.3639408,MACALLAN - RARE CASK,,,Whisky,,[],,610.0,,,,,,,[],,,885806,,[],,141,2024-03-11 19:10:01,Speyside,1,"['00812066020034', '05010314301781']",False,,0.75,[],MACALLAN - RARE CASK,,United Kingdom,False,Scotland,2,2,,,False,29.0, RARE CASK,0.43,,False,[],SR,,MACALLAN ,GB,,Single Malt Scotch Whisky,Whisky / Whiskey,False,False,0,610.0,,,,,macallan - rare cask,,,,Spirits,[],True,,,1004,1024,1289,105.75,86010.0,0.3225,1891.4728682170542,0.14646464646464646
925,bcls,product,112400,0.3639408,MACALLAN - SHERRY OAK 12 YEAR OLD,,,Whisky,,[],,174.99,,,,,,,[],,,112400,,[],,781,2024-03-11 19:10:01,Speyside,1,"['00812066020553', '05010314310301']",False,,0.75,[],MACALLAN - SHERRY OAK 12 YEAR OLD,,United Kingdom,False,Scotland,2,2,,,False,72.0, SHERRY OAK 12 YEAR OLD,0.43,,False,[],SR,,MACALLAN ,GB,,Single Malt Scotch Whisky,Whisky / Whiskey,False,True,0,174.99,,,,,macallan - sherry oak 12 year old,,,,Spirits,[],True,,,1004,1024,1289,585.75,136667.19,0.3225,542.6046511627907,0.36363636363636365
926,bcls,product,92376,0.3639408,MACALLAN - SHERRY OAK 18 YEAR OLD,,,Whisky,,[],,800.0,,,,,,,['BCL Select'],,,92376,,[],,103,2024-03-11 19:10:01,Speyside,1,['00812066020355'],False,,0.75,[],MACALLAN - SHERRY OAK 18 YEAR OLD,,United Kingdom,False,Scotland,2,2,,,False,9.0, SHERRY OAK 18 YEAR OLD,0.43,,True,['BCL Select'],C,,MACALLAN ,GB,,Single Malt Scotch Whisky,Whisky / Whiskey,False,True,0,800.0,,,,,macallan - sherry oak 18 year old,,,,Spirits,"[{'id': 'empty-placeholder', 'label': '&nbsp;', 'labelLengthWithoutTags': 1}, {'id': 'exclusive', 'label': 'ONLY@BCL', 'labelLengthWithoutTags': 8}]",True,,,1004,1024,1289,77.25,82400.0,0.3225,2480.6201550387595,0.045454545454545456
927,bcls,product,283283,0.35400322,MACALLAN - SHERRY OAK 25 YEAR OLD,,,Whisky,,[],,5350.0,,,,,,,['BCL Select'],,,283283,,[],,77,2024-03-11 19:10:01,Speyside,1,"['00400002832836', '00087236104009', '00812066020607']",False,,0.75,[],MACALLAN - SHERRY OAK 25 YEAR OLD,,United Kingdom,False,Scotland,2,2,,,False,5.0, SHERRY OAK 25 YEAR OLD,0.43,,True,['BCL Select'],C,,MACALLAN ,GB,,Single Malt Scotch Whisky,Whisky / Whiskey,False,True,0,5350.0,,,,,macallan - sherry oak 25 year old,,,,Spirits,"[{'id': 'empty-placeholder', 'label': '&nbsp;', 'labelLengthWithoutTags': 1}, {'id': 'exclusive', 'label': 'ONLY@BCL', 'labelLengthWithoutTags': 8}]",True,,,1004,1024,1289,57.75,411950.0,0.3225,16589.147286821706,0.025252525252525252
928,bcls,product,117727,0.35400322,MACALLAN - SHERRY OAK 30 YEAR OLD,,,Whisky,,[],,11000.0,,,,,,,['BCL Select'],,,117727,,[],,14,2024-03-11 19:10:01,Speyside,1,['00812066020584'],False,,0.75,[],MACALLAN - SHERRY OAK 30 YEAR OLD,,United Kingdom,False,Scotland,2,2,,,False,2.0, SHERRY OAK 30 YEAR OLD,0.43,,True,['BCL Select'],C,,MACALLAN ,GB,,Single Malt Scotch Whisky,Whisky / Whiskey,False,False,0,11000.0,,,,,macallan - sherry oak 30 year old,,,,Spirits,"[{'id': 'empty-placeholder', 'label': '&nbsp;', 'labelLengthWithoutTags': 1}, {'id': 'exclusive', 'label': 'ONLY@BCL', 'labelLengthWithoutTags': 8}]",True,,,1004,1024,1289,10.5,154000.0,0.3225,34108.52713178295,0.010101010101010102
929,bcls,product,181143,0.35400322,MACALLAN - TRIPLE CASK 12 YEAR OLD,,,Whisky,,[],,131.99,,,,,,,['BCL Select'],,,181143,,[],,582,2024-03-11 19:10:01,Speyside,1,"['05010314306663', '05010314307004']",False,,0.75,[],MACALLAN - TRIPLE CASK 12 YEAR OLD,,United Kingdom,False,Scotland,2,2,,,False,46.0, TRIPLE CASK 12 YEAR OLD,0.4,,True,['BCL Select'],C,,MACALLAN ,GB,,Single Malt Scotch Whisky,Whisky / Whiskey,False,False,0,131.99,,,,,macallan - triple cask 12 year old,,,,Spirits,"[{'id': 'empty-placeholder', 'label': '&nbsp;', 'labelLengthWithoutTags': 1}, {'id': 'exclusive', 'label': 'ONLY@BCL', 'labelLengthWithoutTags': 8}]",True,,,1004,1024,1289,436.5,76818.18000000001,0.30000000000000004,439.96666666666664,0.23232323232323232
930,bcls,product,349580,0.35400322,MACALLAN -THE HARMONY COLLECTION AMBER MEADOW,,,Whisky,,[],,350.0,,,,,,,['BCL Select'],,,349580,,[],,600,2024-03-11 19:10:01,Highland,1,['00812066024797'],False,,0.75,[],MACALLAN -THE HARMONY COLLECTION AMBER MEADOW,,United Kingdom,False,Scotland,2,2,,,False,22.0,THE HARMONY COLLECTION AMBER MEADOW,0.442,,True,['BCL Select'],C,,MACALLAN ,GB,,Single Malt Scotch Whisky,Whisky / Whiskey,False,True,0,350.0,,,,,macallan -the harmony collection amber meadow,,,,Spirits,"[{'id': 'empty-placeholder', 'label': '&nbsp;', 'labelLengthWithoutTags': 1}, {'id': 'exclusive', 'label': 'ONLY@BCL', 'labelLengthWithoutTags': 8}]",True,False,Available on March 14,1004,1024,1289,450.0,210000.0,0.3315,1055.8069381598793,0.1111111111111111
931,bcls,product,354352,0.3639408,MACALONEY'S ISLAND DISTILLERY - NA BRAICHE WHISKY 46,,,Whisky,,[],,84.99,,,,,,,[],,,354352,,[],,213,2024-03-11 19:10:01,,1,['00696852144155'],False,,0.7,[],MACALONEY'S ISLAND DISTILLERY - NA BRAICHE WHISKY 46,,Canada,False,,2,2,,,False,34.0, NA BRAICHE WHISKY 46,0.46,,False,[],SH,,MACALONEY'S ISLAND DISTILLERY ,CA,,Canadian Whisky,Whisky / Whiskey,False,False,0,84.99,,,,,macaloneys island distillery - na braiche whisky 46,,,,Spirits,[],True,,,1004,1024,1285,149.1,18102.87,0.322,263.94409937888196,0.1717171717171717
932,bcls,product,136955,0.3639408,MACNAIR'S - 12 YEAR OLD LUM REEK BLENDED MALT SCOTCH WHISKY,,,Whisky,,[],,112.99,,,,,,,[],,,136955,,[],,4,2024-03-11 19:10:01,,1,"['05060568323473', '05060568320113']",False,,0.7,[],MACNAIR'S - 12 YEAR OLD LUM REEK BLENDED MALT SCOTCH WHISKY,,United Kingdom,False,,3,3,,,False,1.0, 12 YEAR OLD LUM REEK BLENDED MALT SCOTCH WHISKY,0.46,,False,[],SM,,MACNAIR'S ,GB,,Blended Malt Scotch Whisky,Whisky / Whiskey,False,False,1,112.99,,,,,macnairs - 12 year old lum reek blended malt scotch whisky,,,,Spirits,[],True,,,1004,1024,1291,2.8,451.96,0.322,350.9006211180124,0.005050505050505051
933,bcls,product,340808,0.35400322,MAD LABORATORY - WHISKY BARREL SELECT,,,Whisky,,[],,84.99,,,,,,,[],,,340808,,[],,175,2024-03-11 19:10:01,,1,['00627843538387'],False,,0.75,[],MAD LABORATORY - WHISKY BARREL SELECT,,Canada,False,,3,3,,,False,22.0, WHISKY BARREL SELECT,0.42,,False,[],SM,,MAD LABORATORY ,CA,,Canadian Whisky,Whisky / Whiskey,False,False,0,84.99,,,,,mad laboratory - whisky barrel select,,,,Spirits,[],True,,,1004,1024,1285,131.25,14873.25,0.315,269.8095238095238,0.1111111111111111
934,bcls,product,173633,0.3639408,MAESTRO DOBEL CRISTALINO,,,Tequila,,[],,65.99,,,,,,,[],,,173633,,[],,518,2024-03-11 19:10:01,,1,['00811538012034'],False,,0.75,[],MAESTRO DOBEL CRISTALINO,,Mexico,False,,2,2,,,False,61.0,MAESTRO DOBEL CRISTALINO,0.4,,False,[],SR,,,MX,,Blanco/Silver Tequila,Tequila,False,False,0,65.99,,,,,maestro dobel cristalino,,,,Spirits,[],True,,,1004,1022,1270,388.5,34182.82,0.30000000000000004,219.9666666666666,0.30808080808080807
935,bcls,product,394893,0.3639408,MAISON FERRAND - CITADELLE VIVE LE CORNICHON,,,Gin,,[],,79.99,,,,,,,[],,,394893,,[],,119,2024-03-11 19:10:01,,1,['00695521153511'],False,,0.7,[],MAISON FERRAND - CITADELLE VIVE LE CORNICHON,,France,False,,3,3,,,False,19.0, CITADELLE VIVE LE CORNICHON,0.43799999999999994,,False,[],ST,,MAISON FERRAND ,FR,,Flavoured Gin,Gin,False,False,0,79.99,,,,,maison ferrand - citadelle vive le cornichon,,,,Spirits,[],True,,,1004,1017,1167,83.3,9518.81,0.30659999999999993,260.8936725375082,0.09595959595959595
936,bcls,product,143479,0.35400322,MAKER'S MARK,,,Whisky,,[],,23.49,,,,,,,[],,,143479,,[],,936,2024-03-11 19:10:01,,1,"['00085246502280', '00085246185001']",False,,0.375,[],MAKER'S MARK,,USA,False,,2,2,,,False,81.0,MAKER'S MARK,0.45,,False,[],SR,,,US,,Bourbon Whiskey,Whisky / Whiskey,False,False,0,23.49,,,,,makers mark,,,,Spirits,[],True,,,1004,1024,1284,351.0,21986.64,0.16875,139.2,0.4090909090909091
937,bcls,product,485786,0.35400322,MAKER'S MARK - 101,,,Whisky,,[],,85.99,,,,,,,[],,,485786,,[],,395,2024-03-11 19:10:01,,1,['00085246501566'],False,,0.75,[],MAKER'S MARK - 101,,USA,False,,2,2,,,False,47.0, 101,0.505,,False,[],SH,,MAKER'S MARK ,US,,Bourbon Whiskey,Whisky / Whiskey,False,False,0,85.99,,,,,makers mark - 101,,,,Spirits,[],True,,,1004,1024,1284,296.25,33966.049999999996,0.37875000000000003,227.036303630363,0.23737373737373738
938,bcls,product,11031,0.35400322,MAKER'S MARK - 46,,,Whisky,,[],,54.99,,,,,,,[],,,11031,,[],,393,2024-03-11 19:10:01,,1,"['00085246500996', '00085246500101']",False,,0.75,[],MAKER'S MARK - 46,,USA,False,,2,2,,,False,47.0, 46,0.47,,False,[],SR,,MAKER'S MARK ,US,,Bourbon Whiskey,Whisky / Whiskey,False,False,0,54.99,,,,,makers mark - 46,,,,Spirits,[],True,,,1004,1024,1284,294.75,21611.07,0.3525,156.00000000000003,0.23737373737373738
939,bcls,product,264232,0.3639408,MAKER'S MARK - CASK STRENGTH,,,Whisky,,[],,89.99,,,,,,,[],,,264232,,[],,692,2024-03-11 19:10:01,,1,['00085246502440'],False,,0.75,[],MAKER'S MARK - CASK STRENGTH,,USA,False,,2,2,,,False,104.0, CASK STRENGTH,0.555,,False,[],SH,,MAKER'S MARK ,US,,Bourbon Whiskey,Whisky / Whiskey,False,False,0,89.99,,,,,makers mark - cask strength,,,,Spirits,[],True,,,1004,1024,1284,519.0,62273.079999999994,0.41625,216.19219219219218,0.5252525252525253
940,bcls,product,15543,0.35400322,MAKER'S MARK - KENTUCKY BOURBON,,,Whisky,,[],,92.99,,,,,,,['BCL Select'],,,15543,,[],,322,2024-03-11 19:10:01,,1,['00085246139417'],False,,1.75,[],MAKER'S MARK - KENTUCKY BOURBON,,USA,False,,2,2,,,False,44.0, KENTUCKY BOURBON,0.45,,True,['BCL Select'],C,,MAKER'S MARK ,US,,Bourbon Whiskey,Whisky / Whiskey,False,False,0,92.99,,,,,makers mark - kentucky bourbon,,,,Spirits,"[{'id': 'empty-placeholder', 'label': '&nbsp;', 'labelLengthWithoutTags': 1}, {'id': 'exclusive', 'label': 'ONLY@BCL', 'labelLengthWithoutTags': 8}]",True,,,1004,1024,1284,563.5,29942.78,0.7875,118.08253968253968,0.2222222222222222
941,bcls,product,103747,0.3639408,MAKER'S MARK - KENTUCKY BOURBON,,,Whisky,,[],True,46.99,,,2024-03-03T00:00:00.000-08:00,,,2024-03-03T00:00:00.000-08:00,['On Sale'],2024-03-31T00:00:00.000-07:00,,103747,True,[],,3037,2024-03-11 19:10:01,,1,"['00085246502273', '00085246139431']",False,,0.75,[],MAKER'S MARK - KENTUCKY BOURBON,,USA,False,,2,2,,,False,189.0, KENTUCKY BOURBON,0.45,,False,['On Sale'],G,,MAKER'S MARK ,US,,Bourbon Whiskey,Whisky / Whiskey,False,False,0,44.99,,,,,makers mark - kentucky bourbon,,2024-03-31T00:00:00.000-07:00,,Spirits,[],True,,,1004,1024,1284,2277.75,142708.63,0.3375,139.2296296296296,0.9545454545454546
942,bcls,product,115335,0.3639408,MAKER'S MARK - KENTUCKY BOURBON,,,Whisky,,[],,5.09,,,,,,,['BCL Select'],,,115335,,[],,11304,2024-03-11 19:10:01,,1,['00085246171561'],False,,0.05,[],MAKER'S MARK - KENTUCKY BOURBON,,USA,False,,2,2,,,False,136.0, KENTUCKY BOURBON,0.45,,True,['BCL Select'],C,,MAKER'S MARK ,US,,Bourbon Whiskey,Whisky / Whiskey,False,False,0,5.09,,,,,makers mark - kentucky bourbon,,,,Spirits,"[{'id': 'empty-placeholder', 'label': '&nbsp;', 'labelLengthWithoutTags': 1}, {'id': 'exclusive', 'label': 'ONLY@BCL', 'labelLengthWithoutTags': 8}]",True,,,1004,1024,1284,565.2,57537.36,0.022500000000000003,226.2222222222222,0.6868686868686869
943,bcls,product,455358,0.3639408,MAKER'S MARK - LIMITED EDITION,,,Whisky,,[],True,46.99,,,2024-03-03T00:00:00.000-08:00,,,2024-03-03T00:00:00.000-08:00,['On Sale'],2024-03-31T00:00:00.000-07:00,,455358,True,[],,358,2024-03-11 19:10:01,,1,['00085246501610'],False,,0.75,[],MAKER'S MARK - LIMITED EDITION,,USA,False,,2,2,,,False,51.0, LIMITED EDITION,0.45,,False,['On Sale'],SH,,MAKER'S MARK ,US,,American Whiskey,Whisky / Whiskey,False,False,0,44.99,,,,,makers mark - limited edition,,2024-03-31T00:00:00.000-07:00,,Spirits,[],True,,,1004,1024,1282,268.5,16822.420000000002,0.3375,139.2296296296296,0.25757575757575757
944,bcls,product,189889,0.3639408,MALFY - GIN CON ROSA,,,Gin,,[],,49.99,,,,,,,[],,,189889,,[],,557,2024-03-11 19:10:01,,1,"['00853222006417', '05000299296387', '00853222006387']",False,,0.75,[],MALFY - GIN CON ROSA,,Italy,False,,2,2,,,False,94.0, GIN CON ROSA,0.41,,False,[],SR,,MALFY ,IT,,Flavoured Gin,Gin,False,False,0,49.99,,,,,malfy - gin con rosa,,,,Spirits,[],True,,,1004,1017,1167,417.75,27844.43,0.3075,162.56910569105693,0.47474747474747475
945,bcls,product,554212,0.35400322,MALIBU - COCONUT,,,Liqueurs,,[],,37.49,,,,,,,[],,,554212,,[],,1762,2024-03-11 19:10:01,,1,"['00776103000987', '00089540448954']",False,,1.14,[],MALIBU - COCONUT,,Canada,False,,2,2,,,False,183.0, COCONUT,0.21,,False,[],SR,,MALIBU ,CA,,Nut Liqueurs,Liqueurs,False,False,0,37.49,,,,,malibu - coconut,,,,Spirits,[],True,,,1004,1019,1212,2008.6799999999998,66057.38,0.23939999999999997,156.59983291562241,0.9242424242424242
946,bcls,product,117382,0.3639408,MALIBU - COCONUT,,,Liqueurs,,[],,14.49,,,,,,,[],,,117382,,[],,4480,2024-03-11 19:10:01,,1,['00089540449029'],False,,0.375,[],MALIBU - COCONUT,,Canada,False,,2,2,,,False,197.0, COCONUT,0.21,,False,[],SR,,MALIBU ,CA,,Nut Liqueurs,Liqueurs,False,False,0,14.49,,,,,malibu - coconut,,,,Spirits,[],True,,,1004,1019,1212,1680.0,64915.200000000004,0.07875,184.0,0.9949494949494949
947,bcls,product,254480,0.3639408,MALIBU - COCONUT,,,Liqueurs,,[],,49.99,,,,,,,['BCL Select'],,,254480,,[],,724,2024-03-11 19:10:01,,1,['00089540536132'],False,,1.75,[],MALIBU - COCONUT,,Canada,False,,2,2,,,False,96.0, COCONUT,0.21,,True,['BCL Select'],C,,MALIBU ,CA,,Nut Liqueurs,Liqueurs,False,False,0,49.99,,,,,malibu - coconut,,,,Spirits,"[{'id': 'empty-placeholder', 'label': '&nbsp;', 'labelLengthWithoutTags': 1}, {'id': 'exclusive', 'label': 'ONLY@BCL', 'labelLengthWithoutTags': 8}]",True,,,1004,1019,1212,1267.0,36192.76,0.3675,136.02721088435374,0.48484848484848486
948,bcls,product,477836,0.3639408,MALIBU - COCONUT,,,Liqueurs,,[],,25.99,,,,,,,[],,,477836,,[],,2383,2024-03-11 19:10:01,,1,"['00776103000949', '00089540448985']",False,,0.75,[],MALIBU - COCONUT,,Canada,False,,2,2,,,False,198.0, COCONUT,0.21,,False,[],SR,,MALIBU ,CA,,Nut Liqueurs,Liqueurs,False,False,0,25.99,,,,,malibu - coconut,,,,Spirits,[],True,,,1004,1019,1212,1787.25,61934.17,0.1575,165.015873015873,1.0
949,bcls,product,121293,0.35400322,MALIBU - PINEAPPLE,,,Liqueurs,,[],True,25.99,,,2024-03-03T00:00:00.000-08:00,,,2024-03-03T00:00:00.000-08:00,['On Sale'],2024-03-31T00:00:00.000-07:00,,121293,True,[],,292,2024-03-11 19:10:01,,1,"['00089540536156', '00089540463131']",False,,0.75,[],MALIBU - PINEAPPLE,,Canada,False,,3,3,,,False,43.0, PINEAPPLE,0.21,,False,['On Sale'],SH,,MALIBU ,CA,,Fruit Liqueurs,Liqueurs,False,False,0,23.97,,,,,malibu - pineapple,,2024-03-31T00:00:00.000-07:00,,Spirits,[],True,,,1004,1019,1211,219.0,7589.08,0.1575,165.015873015873,0.21717171717171718
950,bcls,product,93532,0.35400322,MANGAROCA - BATIDA DE COCO LIQUEUR,,,Liqueurs,,[],,21.99,,,,,,,[],,,93532,,[],,106,2024-03-11 19:10:01,,1,['04003310018600'],False,,0.75,[],MANGAROCA - BATIDA DE COCO LIQUEUR,,Brazil,False,,3,3,,,False,13.0, BATIDA DE COCO LIQUEUR,0.16,,False,[],SH,,MANGAROCA ,BR,,Cream/Dairy Liqueurs,Liqueurs,False,False,0,21.99,,,,,mangaroca - batida de coco liqueur,,,,Spirits,[],True,,,1004,1019,1210,79.5,2330.94,0.12,183.25,0.06565656565656566
951,bcls,product,477693,0.3639408,MAO TAI GROUP - ZHI JIU BLACK,,,Asian Spirits,,[],True,256.99,,,2024-03-03T00:00:00.000-08:00,,,2024-03-03T00:00:00.000-08:00,['On Sale'],2024-03-31T00:00:00.000-07:00,,477693,True,[],,365,2024-03-11 19:10:01,,1,['06931691124109'],False,,0.5,[],MAO TAI GROUP - ZHI JIU BLACK,,China,False,,3,3,,,False,28.0, ZHI JIU BLACK,0.53,,False,['On Sale'],ST,,MAO TAI GROUP ,CN,,China Spirits,Other Spirits,False,False,0,210.97,,,,,mao tai group - zhi jiu black,,2024-03-31T00:00:00.000-07:00,,Spirits,[],True,,,1004,1016,1064,182.5,93801.35,0.265,969.7735849056604,0.1414141414141414
952,bcls,product,424339,0.35400322,MAOTAI BU LAO JIU,,,Asian Spirits,,[],,115.99,,,,,,,[],,,424339,,[],,1,2024-03-11 19:10:01,,1,['06931691124505'],False,,0.5,[],MAOTAI BU LAO JIU,,China,False,,2,2,,,False,1.0,MAOTAI BU LAO JIU,0.53,,False,[],SH,,,CN,,China Spirits,Other Spirits,False,False,0,115.99,,,,,maotai bu lao jiu,,,,Spirits,[],True,,,1004,1016,1064,0.5,115.99,0.265,437.6981132075471,0.005050505050505051
953,bcls,product,107941,0.35400322,MAOTAI CHUN - BAI NIAN SHENG SHI,,,Asian Spirits,,[],,140.49,,,,,,,[],,,107941,,[],,218,2024-03-11 19:10:01,,1,['06931699846898'],False,,0.5,[],MAOTAI CHUN - BAI NIAN SHENG SHI,,China,False,,2,2,,,False,28.0, BAI NIAN SHENG SHI,0.53,,False,[],SH,,MAOTAI CHUN ,CN,,China Spirits,Other Spirits,False,False,0,140.49,,,,,maotai chun - bai nian sheng shi,,,,Spirits,[],True,,,1004,1016,1064,109.0,30626.820000000003,0.265,530.1509433962265,0.1414141414141414
954,bcls,product,481075,0.3639408,MAOTAI CHUN 2008,,,Asian Spirits,,[],,82.49,,,,,,,[],,,481075,,[],,205,2024-03-11 19:10:01,,1,"['06931699844979', '06931691126172']",False,,0.5,[],MAOTAI CHUN 2008,,China,False,,2,2,,,False,24.0,MAOTAI CHUN 2008,0.53,,False,[],SH,,,CN,,China Spirits,Other Spirits,False,False,0,82.49,,,,,maotai chun 2008,,,,Spirits,[],True,,,1004,1016,1064,102.5,16910.45,0.265,311.2830188679245,0.12121212121212122
955,bcls,product,14944,0.3639408,MARQUIS DE VILLARD V.S.O.P.,,,Grape and Fruit Brandy,,[],,29.99,,,,,,,[],,,14944,,[],,1831,2024-03-11 19:10:01,,1,['03428682001103'],False,,0.75,[],MARQUIS DE VILLARD V.S.O.P.,,France,False,,2,2,,,False,148.0,MARQUIS DE VILLARD V.S.O.P.,0.4,,False,[],SR,,,FR,,Brandy,Brandy,False,False,0,29.99,,,,,marquis de villard v.s.o.p.,,,,Spirits,[],True,,,1004,1018,1171,1373.25,54911.689999999995,0.30000000000000004,99.96666666666664,0.7474747474747475
956,bcls,product,180568,0.35400322,MARTELL - BLUE SWIFT COGNAC,,,Grape and Fruit Brandy,,[],,107.99,,,,,,,[],,,180568,,[],,439,2024-03-11 19:10:01,,1,['00080432110829'],False,,0.75,[],MARTELL - BLUE SWIFT COGNAC,,France,False,,2,2,,,False,38.0, BLUE SWIFT COGNAC,0.4,,False,[],SR,,MARTELL ,FR,,Cognac,Cognac,False,False,0,107.99,,,,,martell - blue swift cognac,,,,Spirits,[],True,,,1004,1018,1172,329.25,47407.61,0.30000000000000004,359.9666666666666,0.1919191919191919
957,bcls,product,612572,0.3639408,MARTELL - VS SINGLE DISTILLERY FINE COGNAC,,,Grape and Fruit Brandy,,[],,71.99,,,,,,,[],,,612572,,[],,354,2024-03-11 19:10:01,,1,['00080432400814'],False,,0.75,[],MARTELL - VS SINGLE DISTILLERY FINE COGNAC,,France,False,,2,2,,,False,35.0, VS SINGLE DISTILLERY FINE COGNAC,0.4,,False,[],SH,,MARTELL ,FR,,Cognac,Cognac,False,False,0,71.99,,,,,martell - vs single distillery fine cognac,,,,Spirits,[],True,,,1004,1018,1172,265.5,25484.46,0.30000000000000004,239.9666666666666,0.17676767676767677
958,bcls,product,521980,0.3639408,MASAHIRO - PURE MALT WHISKY,,,Whisky,,[],True,96.99,,,2024-03-03T00:00:00.000-08:00,,,2024-03-03T00:00:00.000-08:00,"['BCL Select', 'On Sale']",2024-03-31T00:00:00.000-07:00,,521980,True,[],,366,2024-03-11 19:10:01,,1,['04955066431021'],False,,0.7,[],MASAHIRO - PURE MALT WHISKY,,Japan,False,,2,2,,,False,45.0, PURE MALT WHISKY,0.43,,True,"['BCL Select', 'On Sale']",C,,MASAHIRO ,JP,,Other Country Whisky,Whisky / Whiskey,False,False,0,89.99,,,,,masahiro - pure malt whisky,,2024-03-31T00:00:00.000-07:00,,Spirits,"[{'id': 'empty-placeholder', 'label': '&nbsp;', 'labelLengthWithoutTags': 1}, {'id': 'exclusive', 'label': 'ONLY@BCL', 'labelLengthWithoutTags': 8}]",True,,,1004,1024,1288,256.2,35498.34,0.301,322.22591362126246,0.22727272727272727
959,bcls,product,405363,0.35400322,MATSUI - PEATED SINGLE MALT JAPANESE WHISKY,,,Whisky,,[],,89.99,,,,,,,[],,,405363,,[],,364,2024-03-11 19:10:01,,1,"['00892032401173', '04954621002201']",False,,0.7,[],MATSUI - PEATED SINGLE MALT JAPANESE WHISKY,,Japan,False,,2,2,,,False,33.0, PEATED SINGLE MALT JAPANESE WHISKY,0.48,,False,[],ST,,MATSUI ,JP,,Other Country Whisky,Whisky / Whiskey,False,False,0,89.99,,,,,matsui - peated single malt japanese whisky,,,,Spirits,[],False,,,1004,1024,1288,254.79999999999998,32756.359999999997,0.33599999999999997,267.82738095238096,0.16666666666666666
960,bcls,product,10377,0.35400322,MATSUI - SINGLE MALT MIZUNARA CASK,,,Whisky,,[],,120.99,,,,,,,[],,,10377,,[],,412,2024-03-11 19:10:01,,1,['04954621002195'],False,,0.7,[],MATSUI - SINGLE MALT MIZUNARA CASK,,Japan,False,,2,2,,,False,39.0, SINGLE MALT MIZUNARA CASK,0.48,,False,[],SH,,MATSUI ,JP,,Other Country Whisky,Whisky / Whiskey,False,False,0,120.99,,,,,matsui - single malt mizunara cask,,,,Spirits,[],True,,,1004,1024,1288,288.4,49847.88,0.33599999999999997,360.0892857142857,0.19696969696969696
961,bcls,product,93258,0.3639408,MATSUI - THE HAKUTO PREMIUM GIN,,,Gin,,[],,65.99,,,,,,,[],,,93258,,[],,365,2024-03-11 19:10:01,,1,"['04954621002904', '00892032401616']",False,,0.7,[],MATSUI - THE HAKUTO PREMIUM GIN,,Japan,False,,2,2,,,False,62.0, THE HAKUTO PREMIUM GIN,0.47,,False,[],SH,,MATSUI ,JP,,Other Gin,Gin,False,False,0,65.99,,,,,matsui - the hakuto premium gin,,,,Spirits,[],True,,,1004,1017,1169,255.49999999999997,24086.35,0.32899999999999996,200.5775075987842,0.31313131313131315
962,bcls,product,119597,0.35400322,MATTHEW GLOAG - NAKED MALT,,,Whisky,,[],,45.99,,,,,,,[],,,119597,,[],,530,2024-03-11 19:10:01,,1,['00812066022021'],False,,0.75,[],MATTHEW GLOAG - NAKED MALT,,United Kingdom,False,,3,3,,,False,60.0, NAKED MALT,0.43,,False,[],SR,,MATTHEW GLOAG ,GB,,Blended Scotch Whisky,Whisky / Whiskey,False,False,0,45.99,,,,,matthew gloag - naked malt,,,,Spirits,[],True,,,1004,1024,1283,397.5,24374.7,0.3225,142.6046511627907,0.30303030303030304
963,bcls,product,35238,0.3639408,MATTHEW GLOAG - THE FAMOUS GROUSE,,,Whisky,,[],,42.49,,,,,,,[],,,35238,,[],,1322,2024-03-11 19:10:01,,1,['05010314113001'],False,,1.14,[],MATTHEW GLOAG - THE FAMOUS GROUSE,,United Kingdom,False,,2,2,,,False,185.0, THE FAMOUS GROUSE,0.4,,False,[],G,,MATTHEW GLOAG ,GB,,Blended Scotch Whisky,Whisky / Whiskey,False,False,0,42.49,,,,,matthew gloag - the famous grouse,,,,Spirits,[],True,,,1004,1024,1283,1507.08,56171.780000000006,0.45599999999999996,93.17982456140352,0.9343434343434344
964,bcls,product,52050,0.3639408,MATTHEW GLOAG - THE FAMOUS GROUSE,,,Whisky,,[],,28.99,,,,,,,[],,,52050,,[],,2308,2024-03-11 19:10:01,,1,"['00812066021314', '00626990007760', '00812066020201', '05010314750008']",False,,0.75,[],MATTHEW GLOAG - THE FAMOUS GROUSE,,United Kingdom,False,,2,2,,,False,196.0, THE FAMOUS GROUSE,0.4,,False,[],G,,MATTHEW GLOAG ,GB,,Blended Scotch Whisky,Whisky / Whiskey,False,False,0,28.99,,,,,matthew gloag - the famous grouse,,,,Spirits,[],True,,,1004,1024,1283,1731.0,66908.92,0.30000000000000004,96.63333333333331,0.98989898989899
965,bcls,product,410670,0.3639408,MCCLELLANDS - HIGHLAND,,,Whisky,,[],,48.49,,,,,,,[],,,410670,,[],,1909,2024-03-11 19:10:01,Highland,1,"['05010496000410', '00089708000017']",False,,0.75,[],MCCLELLANDS - HIGHLAND,,United Kingdom,False,Scotland,2,2,,,False,177.0, HIGHLAND,0.4,,False,[],SR,,MCCLELLANDS ,GB,,Single Malt Scotch Whisky,Whisky / Whiskey,False,False,0,48.49,,,,,mcclellands - highland,,,,Spirits,[],True,,,1004,1024,1289,1431.75,92567.41,0.30000000000000004,161.63333333333333,0.8939393939393939
966,bcls,product,404160,0.3639408,MCCLELLANDS - ISLAY,,,Whisky,,[],,48.49,,,,,,,[],,,404160,,[],,1679,2024-03-11 19:10:01,Islay,1,"['05010496000427', '00089708000031']",False,,0.75,[],MCCLELLANDS - ISLAY,,United Kingdom,False,Scotland,2,2,,,False,150.0, ISLAY,0.4,,False,[],SR,,MCCLELLANDS ,GB,,Single Malt Scotch Whisky,Whisky / Whiskey,False,False,0,48.49,,,,,mcclellands - islay,,,,Spirits,[],True,,,1004,1024,1289,1259.25,81414.71,0.30000000000000004,161.63333333333333,0.7575757575757576
967,bcls,product,573337,0.35400322,MCCLELLANDS - SPEYSIDE,,,Whisky,,[],,48.99,,,,,,,[],,,573337,,[],,1327,2024-03-11 19:10:01,Speyside,1,"['05011333300717', '00089708011112']",False,,0.75,[],MCCLELLANDS - SPEYSIDE,,United Kingdom,False,Scotland,2,2,,,False,119.0, SPEYSIDE,0.4,,False,[],SR,,MCCLELLANDS ,GB,,Single Malt Scotch Whisky,Whisky / Whiskey,False,False,0,48.99,,,,,mcclellands - speyside,,,,Spirits,[],True,,,1004,1024,1289,995.25,65009.73,0.30000000000000004,163.29999999999998,0.601010101010101
968,bcls,product,35264,0.3639408,MCGUINNESS - BLUE CURACAO,,,Liqueurs,,[],True,10.49,,,2024-03-03T00:00:00.000-08:00,,,2024-03-03T00:00:00.000-08:00,"['BCL Select', 'On Sale']",2024-03-31T00:00:00.000-07:00,,35264,True,[],,813,2024-03-11 19:10:01,,1,['00048415540124'],False,,0.375,[],MCGUINNESS - BLUE CURACAO,,Canada,False,,2,2,,,False,68.0, BLUE CURACAO,0.15,,True,"['BCL Select', 'On Sale']",C,,MCGUINNESS ,CA,,Other Liqueurs,Liqueurs,False,False,0,9.49,,,,,mcguinness - blue curacao,,2024-03-31T00:00:00.000-07:00,,Spirits,"[{'id': 'empty-placeholder', 'label': '&nbsp;', 'labelLengthWithoutTags': 1}, {'id': 'exclusive', 'label': 'ONLY@BCL', 'labelLengthWithoutTags': 8}]",True,,,1004,1019,1213,304.875,8528.37,0.056249999999999994,186.4888888888889,0.3434343434343434
969,bcls,product,35276,0.35400322,MCGUINNESS - PEACH SCHNAPPS,,,Liqueurs,,[],True,10.49,,,2024-03-03T00:00:00.000-08:00,,,2024-03-03T00:00:00.000-08:00,"['BCL Select', 'On Sale']",2024-03-31T00:00:00.000-07:00,,35276,True,[],,927,2024-03-11 19:10:01,,1,['00048415540148'],False,,0.375,[],MCGUINNESS - PEACH SCHNAPPS,,Canada,False,,3,3,,,False,67.0, PEACH SCHNAPPS,0.15,,True,"['BCL Select', 'On Sale']",C,,MCGUINNESS ,CA,,Other Liqueurs,Liqueurs,False,False,0,9.49,,,,,mcguinness - peach schnapps,,2024-03-31T00:00:00.000-07:00,,Spirits,"[{'id': 'empty-placeholder', 'label': '&nbsp;', 'labelLengthWithoutTags': 1}, {'id': 'exclusive', 'label': 'ONLY@BCL', 'labelLengthWithoutTags': 8}]",True,,,1004,1019,1213,347.625,9724.23,0.056249999999999994,186.4888888888889,0.3383838383838384
970,bcls,product,613331,0.35400322,MCGUINNESS PEACH SCHNAPPS,,,Liqueurs,,[],,21.49,,,,,,,[],,,613331,,[],,1615,2024-03-11 19:10:01,,1,"['00048415448529', '00089540451497', '00089540443607']",False,,0.75,[],MCGUINNESS PEACH SCHNAPPS,,Canada,False,,2,2,,,False,122.0,MCGUINNESS PEACH SCHNAPPS,0.15,,False,[],SR,,,CA,,Fruit Liqueurs,Liqueurs,False,False,0,21.49,,,,,mcguinness peach schnapps,,,,Spirits,[],True,,,1004,1019,1211,1211.25,34706.35,0.11249999999999999,191.02222222222224,0.6161616161616161
971,bcls,product,31690,0.35400322,MCGUINNESS PEPPERMINT SCHNAPPS,,,Liqueurs,,[],,22.49,,,,,,,[],,,31690,,[],,2218,2024-03-11 19:10:01,,1,"['00048415448512', '00089540451527']",False,,0.75,[],MCGUINNESS PEPPERMINT SCHNAPPS,,Canada,False,,2,2,,,False,190.0,MCGUINNESS PEPPERMINT SCHNAPPS,0.22,,False,[],SR,,,CA,,Anise And Herbal/Spice Liqueurs,Liqueurs,False,False,0,22.49,,,,,mcguinness peppermint schnapps,,,,Spirits,[],True,,,1004,1019,1208,1663.5,49882.82,0.165,136.30303030303028,0.9595959595959596
972,bcls,product,27649,0.35400322,MEI KUEI LU CHIEW,,,Asian Spirits,,[],,28.79,,,,,,,[],,,27649,,[],,193,2024-03-11 19:10:01,,1,"['06942524202079', '00626990136682']",False,,0.5,[],MEI KUEI LU CHIEW,,China,False,,2,2,,,False,15.0,MEI KUEI LU CHIEW,0.54,,False,[],SH,,,CN,,China Spirits,Other Spirits,False,False,0,28.79,,,,,mei kuei lu chiew,,,,Spirits,[],True,,,1004,1016,1064,96.5,5556.47,0.27,106.62962962962962,0.07575757575757576
973,bcls,product,129361,0.3639408,MELON - BOLS,,,Liqueurs,,[],True,20.99,,,2024-03-03T00:00:00.000-08:00,,,2024-03-03T00:00:00.000-08:00,['On Sale'],2024-03-31T00:00:00.000-07:00,,129361,True,[],,1792,2024-03-11 19:10:01,,1,['00080915078318'],False,,0.75,[],MELON - BOLS,,Netherlands,False,,2,2,,,False,150.0, BOLS,0.17,,False,['On Sale'],SR,,MELON ,NL,,Fruit Liqueurs,Liqueurs,False,False,0,19.99,,,,,melon - bols,,2024-03-31T00:00:00.000-07:00,,Spirits,[],True,,,1004,1019,1211,1344.0,37614.079999999994,0.1275,164.62745098039215,0.7575757575757576
974,bcls,product,61810,0.35400322,MERMAID - SMALL BATCH GIN,,,Gin,,[],,84.99,,,,,,,[],,,61810,,[],,763,2024-03-11 19:10:01,,1,['05060508970064'],False,,0.7,[],MERMAID - SMALL BATCH GIN,,United Kingdom,False,,2,2,,,False,97.0, SMALL BATCH GIN,0.42,,False,[],SH,,MERMAID ,GB,,Dry Gin,Gin,False,False,0,84.99,,,,,mermaid - small batch gin,,,,Spirits,[],True,,,1004,1017,1168,534.1,64847.369999999995,0.294,289.0816326530612,0.4898989898989899
975,bcls,product,112993,0.35400322,MERSER -  DOUBLE BARREL,,,Rum,,[],True,69.99,,,2024-03-03T00:00:00.000-08:00,,,2024-03-03T00:00:00.000-08:00,['On Sale'],2024-03-31T00:00:00.000-07:00,,112993,True,[],,137,2024-03-11 19:10:01,,1,['05021692000883'],False,,0.7,[],MERSER -  DOUBLE BARREL,,United Kingdom,False,,3,3,,,False,20.0,  DOUBLE BARREL,0.431,,False,['On Sale'],SH,,MERSER ,GB,,Amber Rum,Rum,False,False,0,66.99,,,,,merser -  double barrel,,2024-03-31T00:00:00.000-07:00,,Spirits,[],True,,,1004,1021,1252,95.89999999999999,9588.63,0.30169999999999997,231.98541597613524,0.10101010101010101
976,bcls,product,116038,0.35400322,METAXA - 7 STAR,,,Grape and Fruit Brandy,,[],,36.99,,,,,,,[],,,116038,,[],,1863,2024-03-11 19:10:01,,1,['05202795070755'],False,,0.75,[],METAXA - 7 STAR,,Greece,False,,2,2,,,False,150.0, 7 STAR,0.4,,False,[],SR,,METAXA ,GR,,Brandy,Brandy,False,False,0,36.99,,,,,metaxa - 7 star,,,,Spirits,[],True,,,1004,1018,1171,1397.25,68912.37000000001,0.30000000000000004,123.29999999999998,0.7575757575757576
977,bcls,product,430102,0.3639408,MEUKOW COGNAC - ICONE BARREL SELECT PROGRAM,,,Grape and Fruit Brandy,,[],,134.99,,,,,,,['BCL Select'],,,430102,,[],,121,2024-03-11 19:10:01,,1,"['03257150049718', '03257150043242', '03257150101249', '03257150043235']",False,,0.7,[],MEUKOW COGNAC - ICONE BARREL SELECT PROGRAM,,France,False,,2,2,,,False,25.0, ICONE BARREL SELECT PROGRAM,0.4,,True,['BCL Select'],C,,MEUKOW COGNAC ,FR,,Cognac,Cognac,False,False,0,134.99,,,,,meukow cognac - icone barrel select program,,,,Spirits,"[{'id': 'empty-placeholder', 'label': '&nbsp;', 'labelLengthWithoutTags': 1}, {'id': 'exclusive', 'label': 'ONLY@BCL', 'labelLengthWithoutTags': 8}]",True,,,1004,1018,1172,84.69999999999999,16333.79,0.27999999999999997,482.10714285714295,0.12626262626262627
978,bcls,product,154722,0.35400322,MEUKOW COGNAC - VSOP RED EDITION,,,Grape and Fruit Brandy,,[],,94.99,,,,,,,[],,,154722,,[],,208,2024-03-11 19:10:01,,1,['03257150102536'],False,,0.75,[],MEUKOW COGNAC - VSOP RED EDITION,,France,False,,2,2,,,False,31.0, VSOP RED EDITION,0.4,,False,[],SH,,MEUKOW COGNAC ,FR,,Cognac,Cognac,False,False,0,94.99,,,,,meukow cognac - vsop red edition,,,,Spirits,[],True,,,1004,1018,1172,156.0,19757.92,0.30000000000000004,316.63333333333327,0.15656565656565657
979,bcls,product,612580,0.3639408,MICHTERS - SMALL BATCH SOUR MASH,,,Whisky,,[],,96.99,,,,,,,[],,,612580,,[],,279,2024-03-11 19:10:01,,1,['00039383009072'],False,,0.75,[],MICHTERS - SMALL BATCH SOUR MASH,,USA,False,,2,2,,,False,36.0, SMALL BATCH SOUR MASH,0.43,,False,[],SH,,MICHTERS ,US,,American Whiskey,Whisky / Whiskey,False,False,0,96.99,,,,,michters - small batch sour mash,,,,Spirits,[],True,,,1004,1024,1282,209.25,27060.21,0.3225,300.74418604651163,0.18181818181818182
980,bcls,product,66183,0.3639408,MICHTERS - US 1 SMALL BATCH BOURBON,,,Whisky,,[],,95.99,,,,,,,[],,,66183,,[],,422,2024-03-11 19:10:01,,1,['00039383007184'],False,,0.75,[],MICHTERS - US 1 SMALL BATCH BOURBON,,USA,False,,2,2,,,False,68.0, US 1 SMALL BATCH BOURBON,0.457,,False,[],SR,,MICHTERS ,US,,Bourbon Whiskey,Whisky / Whiskey,False,False,0,95.99,,,,,michters - us 1 small batch bourbon,,,,Spirits,[],True,,,1004,1024,1284,316.5,40507.78,0.34275,280.05835156819836,0.3434343434343434
981,bcls,product,201770,0.3639408,MIDLETON - GREEN SPOT,,,Whisky,,[],,82.99,,,,,,,[],,,201770,,[],,483,2024-03-11 19:10:01,,1,['00080432105993'],False,,0.75,[],MIDLETON - GREEN SPOT,,Ireland,False,,2,2,,,False,58.0, GREEN SPOT,0.4,,False,[],SH,,MIDLETON ,IE,,Irish Whiskey,Whisky / Whiskey,False,False,0,82.99,,,,,midleton - green spot,,,,Spirits,[],True,,,1004,1024,1287,362.25,40084.17,0.30000000000000004,276.63333333333327,0.29292929292929293
982,bcls,product,249505,0.35400322,MIDLETON - VERY RARE 2023,,,Whisky,,[],,314.99,,,,,,,[],,,249505,,[],,12,2024-03-11 19:10:01,,1,['00080432000557'],False,,0.7,[],MIDLETON - VERY RARE 2023,,Ireland,False,,2,2,,,False,5.0, VERY RARE 2023,0.4,,False,[],SM,,MIDLETON ,IE,,Irish Whiskey,Whisky / Whiskey,False,False,0,314.99,,,,,midleton - very rare 2023,,,,Spirits,[],True,,,1004,1024,1287,8.399999999999999,3779.88,0.27999999999999997,1124.9642857142858,0.025252525252525252
983,bcls,product,154203,0.3639408,MIGUEL TORRES - 10,,,Grape and Fruit Brandy,,[],,35.49,,,,,,,[],,,154203,,[],,972,2024-03-11 19:10:01,,1,['08410113000095'],False,,0.75,[],MIGUEL TORRES - 10,,Spain,False,,2,2,,,False,75.0, 10,0.4,,False,[],SR,,MIGUEL TORRES ,ES,,Brandy,Brandy,False,False,0,35.49,,,,,miguel torres - 10,,,,Spirits,[],True,,,1004,1018,1171,729.0,34496.28,0.30000000000000004,118.29999999999998,0.3787878787878788
984,bcls,product,387285,0.3639408,MINOR CASE - STRAIGHT RYE,,,Whisky,,[],,82.99,,,,,,,['BCL Select'],,,387285,,[],,23,2024-03-11 19:10:01,,1,['00088352131702'],False,,0.75,[],MINOR CASE - STRAIGHT RYE,,USA,False,,3,3,,,False,3.0, STRAIGHT RYE,0.45,,True,['BCL Select'],C,,MINOR CASE ,US,,American Whiskey,Whisky / Whiskey,False,False,1,82.99,,,,,minor case - straight rye,,,,Spirits,"[{'id': 'empty-placeholder', 'label': '&nbsp;', 'labelLengthWithoutTags': 1}, {'id': 'exclusive', 'label': 'ONLY@BCL', 'labelLengthWithoutTags': 8}]",True,,,1004,1024,1282,17.25,1908.77,0.3375,245.89629629629627,0.015151515151515152
985,bcls,product,147929,0.35400322,MONKEY 47 - SCHWARZWALD DRY GIN,,,Gin,,[],,52.99,,,,,,,[],,,147929,,[],,424,2024-03-11 19:10:01,,1,['00083089410359'],False,,0.375,[],MONKEY 47 - SCHWARZWALD DRY GIN,,Germany,False,,2,2,,,False,54.0, SCHWARZWALD DRY GIN,0.47,,False,[],SR,,MONKEY 47 ,DE,,Dry Gin,Gin,False,False,0,52.99,,,,,monkey 47 - schwarzwald dry gin,,,,Spirits,[],True,,,1004,1017,1168,159.0,22467.760000000002,0.17625,300.6524822695036,0.2727272727272727
986,bcls,product,789768,0.3639408,MONKEY SHOULDER,,,Whisky,,[],,56.99,,,,,,,[],,,789768,,[],,878,2024-03-11 19:10:01,,1,"['00083664872541', '05010327105215']",False,,0.75,['Kosher'],MONKEY SHOULDER,,United Kingdom,False,,2,2,,,False,119.0,MONKEY SHOULDER,0.43,,False,[],SR,,,GB,,Blended Malt Scotch Whisky,Whisky / Whiskey,True,False,0,56.99,,,,,monkey shoulder,,,,Spirits,[],True,,,1004,1024,1291,658.5,50037.22,0.3225,176.71317829457365,0.601010101010101
987,bcls,product,78022,0.35400322,MONTELOBOS - MEZCAL JOVEN,,,Tequila,,[],True,65.99,,,2024-03-03T00:00:00.000-08:00,,,2024-03-03T00:00:00.000-08:00,['On Sale'],2024-03-31T00:00:00.000-07:00,,78022,True,[],,701,2024-03-11 19:10:01,,1,['00083664872978'],False,,0.75,[],MONTELOBOS - MEZCAL JOVEN,,Mexico,False,,2,2,,,False,89.0, MEZCAL JOVEN,0.43200000000000005,,False,['On Sale'],SR,,MONTELOBOS ,MX,,Mezcal,Tequila,False,False,0,63.49,,,,,montelobos - mezcal joven,,2024-03-31T00:00:00.000-07:00,,Spirits,[],True,,,1004,1022,1273,525.75,46258.99,0.32400000000000007,203.67283950617278,0.4494949494949495
988,bcls,product,924290,0.3639408,MOONLIGHT - PREMIUM SHOCHU,,,Asian Spirits,,[],,24.79,,,,,,,[],,,924290,,[],,660,2024-03-11 19:10:01,,1,['08935029275257'],False,,0.75,[],MOONLIGHT - PREMIUM SHOCHU,,Vietnam,False,,2,2,,,False,53.0, PREMIUM SHOCHU,0.25,,False,[],SR,,MOONLIGHT ,VN,,Other Country Asian Spirits,Other Spirits,False,False,0,24.79,,,,,moonlight - premium shochu,,,,Spirits,[],True,,,1004,1016,1066,495.0,16361.4,0.1875,132.21333333333334,0.2676767676767677
989,bcls,product,470342,0.35400322,MORRIS - AUSTRALIAN SIGNATURE SINGLE MALT WHISKY,,,Whisky,,[],,89.99,,,,,,,['BCL Select'],,,470342,,[],,68,2024-03-11 19:10:01,,1,['00839743003036'],False,,0.7,[],MORRIS - AUSTRALIAN SIGNATURE SINGLE MALT WHISKY,,Australia,False,,3,3,,,False,14.0, AUSTRALIAN SIGNATURE SINGLE MALT WHISKY,0.44,,True,['BCL Select'],C,,MORRIS ,AU,,Other Country Whisky,Whisky / Whiskey,False,False,1,89.99,,,,,morris - australian signature single malt whisky,,,,Spirits,"[{'id': 'empty-placeholder', 'label': '&nbsp;', 'labelLengthWithoutTags': 1}, {'id': 'exclusive', 'label': 'ONLY@BCL', 'labelLengthWithoutTags': 8}]",True,,,1004,1024,1288,47.599999999999994,6119.32,0.308,292.17532467532465,0.0707070707070707
990,bcls,product,157415,0.3639408,MORRISON AND MACKAY - OLD PERTH 23YO,,,Whisky,,[],,229.99,,,,,,,['BCL Select'],,,157415,,[],,4,2024-03-11 19:10:01,,1,['05060109226836'],False,,0.7,[],MORRISON AND MACKAY - OLD PERTH 23YO,,United Kingdom,False,,3,3,,,False,1.0, OLD PERTH 23YO,0.551,,True,['BCL Select'],C,,MORRISON AND MACKAY ,GB,,Blended Malt Scotch Whisky,Whisky / Whiskey,False,False,1,229.99,,,,,morrison and mackay - old perth 23yo,,,,Spirits,"[{'id': 'empty-placeholder', 'label': '&nbsp;', 'labelLengthWithoutTags': 1}, {'id': 'exclusive', 'label': 'ONLY@BCL', 'labelLengthWithoutTags': 8}]",True,,,1004,1024,1291,2.8,919.96,0.3857,596.2924552761214,0.005050505050505051
991,bcls,product,398311,0.3639408,MORTLACH - SPECIAL RELEASE 2022,,,Whisky,,[],,439.99,,,,,,,['BCL Select'],,,398311,,[],,69,2024-03-11 19:10:01,Speyside,1,['00088076187801'],False,,0.75,[],MORTLACH - SPECIAL RELEASE 2022,,United Kingdom,False,Scotland,3,3,,,False,9.0, SPECIAL RELEASE 2022,0.578,,True,['BCL Select'],C,,MORTLACH ,GB,,Single Malt Scotch Whisky,Whisky / Whiskey,False,False,1,439.99,,,,,mortlach - special release 2022,,,,Spirits,"[{'id': 'empty-placeholder', 'label': '&nbsp;', 'labelLengthWithoutTags': 1}, {'id': 'exclusive', 'label': 'ONLY@BCL', 'labelLengthWithoutTags': 8}]",True,,,1004,1024,1289,51.75,30359.31,0.4335,1014.9711649365629,0.045454545454545456
992,bcls,product,235402,0.3639408,MORTLACH NAD - SPECIAL RELEASE 2023,,,Whisky,,[],,439.99,,,,,,,['BCL Select'],,,235402,,[],,80,2024-03-11 19:10:01,Speyside,1,['00088076188747'],False,,0.75,[],MORTLACH NAD - SPECIAL RELEASE 2023,,United Kingdom,False,Scotland,3,3,,,False,9.0, SPECIAL RELEASE 2023,0.578,,True,['BCL Select'],C,,MORTLACH NAD ,GB,,Single Malt Scotch Whisky,Whisky / Whiskey,False,False,0,439.99,,,,,mortlach nad - special release 2023,,,,Spirits,"[{'id': 'empty-placeholder', 'label': '&nbsp;', 'labelLengthWithoutTags': 1}, {'id': 'exclusive', 'label': 'ONLY@BCL', 'labelLengthWithoutTags': 8}]",True,,,1004,1024,1289,60.0,35199.2,0.4335,1014.9711649365629,0.045454545454545456
993,bcls,product,76367,0.35400322,MORTLACH PRIVATE COLLECTION 1954 - GORDON AND MACPHAIL,,,Whisky,,[],,22800.0,,,,,,,[],,,76367,,[],,1,2024-03-11 19:10:01,Speyside,1,['05020613072701'],False,,0.7,[],MORTLACH PRIVATE COLLECTION 1954 - GORDON AND MACPHAIL,,United Kingdom,False,Scotland,2,2,,,False,1.0, GORDON AND MACPHAIL,0.43,,False,[],SM,,MORTLACH PRIVATE COLLECTION 1954 ,GB,,Single Malt Scotch Whisky,Whisky / Whiskey,False,False,0,22800.0,,,,,mortlach private collection 1954 - gordon and macphail,,,,Spirits,[],True,,,1004,1024,1289,0.7,22800.0,0.301,75747.50830564785,0.005050505050505051
994,bcls,product,123422,0.35400322,MOUNT GAY - ECLIPSE,,,Rum,,[],,32.99,,,,,,,[],,,123422,,[],,2337,2024-03-11 19:10:01,,1,"['09501007103400', '09501007110408', '09501007103202']",False,,0.75,[],MOUNT GAY - ECLIPSE,,Barbados,False,,2,2,,,False,197.0, ECLIPSE,0.4,,False,[],SR,,MOUNT GAY ,BB,,Amber Rum,Rum,False,False,0,32.99,,,,,mount gay - eclipse,,,,Spirits,[],True,,,1004,1021,1252,1752.75,77097.63,0.30000000000000004,109.96666666666665,0.9949494949494949
995,bcls,product,254060,0.3639408,MUHAK - WHITE GOOD DAY SOJU,,,Asian Spirits,,[],,7.79,,,,,,,[],,,254060,,[],,1477,2024-03-11 19:10:01,,1,"['08801100129736', '08801100129729']",False,,0.36,[],MUHAK - WHITE GOOD DAY SOJU,,Korea - South,False,,2,2,,,False,29.0, WHITE GOOD DAY SOJU,0.165,,False,[],SR,,MUHAK ,KR,,Korea Spirits,Other Spirits,False,False,0,7.79,,,,,muhak - white good day soju,,,,Spirits,[],True,,,1004,1016,1065,531.72,11505.83,0.0594,131.14478114478115,0.14646464646464646
996,bcls,product,754812,0.3639408,MUHAK - WHITE SOJU,,,Asian Spirits,,[],,8.49,,,,,,,[],,,754812,,[],,0,2024-03-11 19:10:01,,1,['08801100129217'],False,,0.36,[],MUHAK - WHITE SOJU,,Korea - South,False,,2,2,,,False,, WHITE SOJU,0.2,,False,[],SR,,MUHAK ,KR,,Korea Spirits,Other Spirits,False,False,0,8.49,,,,,muhak - white soju,,,,Spirits,[],False,,,1004,1016,1065,0.0,0.0,0.072,117.91666666666669,
997,bcls,product,62180,0.35400322,NEMIROFF - DELUXE VODKA,,,Vodka,,[],,31.99,,,,,,,[],,,62180,,[],,1147,2024-03-11 19:10:01,,1,['04820181424251'],False,,0.75,[],NEMIROFF - DELUXE VODKA,,Ukraine ,False,,2,2,,,False,99.0, DELUXE VODKA,0.4,,False,[],SR,,NEMIROFF ,UA,,Straight Vodka,Vodka,False,False,0,31.99,,,,,nemiroff - deluxe vodka,,,,Spirits,[],True,,,1004,1023,1281,860.25,36692.53,0.30000000000000004,106.63333333333331,0.5
998,bcls,product,431059,0.3639408,NEVER NEVER - TRIPLE JUNIPER GIN,,,Gin,,[],True,69.99,,,2024-03-03T00:00:00.000-08:00,,,2024-03-03T00:00:00.000-08:00,['On Sale'],2024-03-31T00:00:00.000-07:00,,431059,True,[],,143,2024-03-11 19:10:01,,1,"['09357905000187', '09357905000231']",False,,0.7,[],NEVER NEVER - TRIPLE JUNIPER GIN,,Australia,False,,3,3,,,False,18.0, TRIPLE JUNIPER GIN,0.43,,False,['On Sale'],SM,,NEVER NEVER ,AU,,Dry Gin,Gin,False,False,1,64.97,,,,,never never - triple juniper gin,,2024-03-31T00:00:00.000-07:00,,Spirits,[],True,,,1004,1017,1168,100.1,10008.57,0.301,232.5249169435216,0.09090909090909091
999,bcls,product,51370,0.35400322,NEW AMSTERDAM - PINK WHITNEY VODKA,,,Vodka,,[],,29.49,,,,,,,[],,,51370,,[],,3069,2024-03-11 19:10:01,,1,['00085000029626'],False,,0.75,[],NEW AMSTERDAM - PINK WHITNEY VODKA,,USA,False,,2,2,,,False,196.0, PINK WHITNEY VODKA,0.3,,False,[],G,,NEW AMSTERDAM ,US,,Flavoured Vodka,Vodka,False,False,0,29.49,,,,,new amsterdam - pink whitney vodka,,,,Spirits,[],True,,,1004,1023,1280,2301.75,90504.81,0.22499999999999998,131.06666666666666,0.98989898989899
1000,bcls,product,446487,0.35400322,NEW AMSTERDAM - PINK WHITNEY VODKA,,,Vodka,,[],True,15.99,,,2024-03-03T00:00:00.000-08:00,,,2024-03-03T00:00:00.000-08:00,['On Sale'],2024-03-31T00:00:00.000-07:00,,446487,True,[],,2454,2024-03-11 19:10:01,,1,['00085000032541'],False,,0.375,[],NEW AMSTERDAM - PINK WHITNEY VODKA,,USA,False,,2,2,,,False,119.0, PINK WHITNEY VODKA,0.3,,False,['On Sale'],SR,,NEW AMSTERDAM ,US,,Flavoured Vodka,Vodka,False,False,0,14.99,,,,,new amsterdam - pink whitney vodka,,2024-03-31T00:00:00.000-07:00,,Spirits,[],True,,,1004,1023,1280,920.25,39239.46,0.11249999999999999,142.13333333333335,0.601010101010101
1001,bcls,product,694406,0.35400322,NEW AMSTERDAM VODKA NO 525,,,Vodka,,[],,26.99,,,,,,,[],,,694406,,[],,2501,2024-03-11 19:10:01,,1,['00085000019498'],False,,0.75,[],NEW AMSTERDAM VODKA NO 525,,USA,False,,2,2,,,False,179.0,NEW AMSTERDAM VODKA NO 525,0.4,,False,[],G,,,US,,Straight Vodka,Vodka,False,False,0,26.99,,,,,new amsterdam vodka no 525,,,,Spirits,[],True,,,1004,1023,1281,1875.75,67501.98999999999,0.30000000000000004,89.96666666666665,0.9040404040404041
1002,bcls,product,187190,0.3639408,NIKKA - COFFEY GIN,,,Gin,,[],True,65.99,,,2024-03-03T00:00:00.000-08:00,,,2024-03-03T00:00:00.000-08:00,['On Sale'],2024-03-31T00:00:00.000-07:00,,187190,True,[],,259,2024-03-11 19:10:01,,1,"['03700597303269', '04904230048664']",False,,0.7,[],NIKKA - COFFEY GIN,,Japan,False,,3,3,,,False,31.0, COFFEY GIN,0.47,,False,['On Sale'],SR,,NIKKA ,JP,,Dry Gin,Gin,False,False,0,62.99,,,,,nikka - coffey gin,,2024-03-31T00:00:00.000-07:00,,Spirits,[],True,,,1004,1017,1168,181.29999999999998,17091.41,0.32899999999999996,200.5775075987842,0.15656565656565657
1003,bcls,product,438580,0.35400322,NIKKA - COFFEY GRAIN WHISKY,,,Whisky,,[],,89.99,,,,,,,[],,,438580,,[],,343,2024-03-11 19:10:01,,1,"['04904230032731', '00626990205098', '03700597302316']",False,,0.7,[],NIKKA - COFFEY GRAIN WHISKY,,Japan,False,,2,2,,,False,45.0, COFFEY GRAIN WHISKY,0.45,,False,[],ST,,NIKKA ,JP,,Other Country Whisky,Whisky / Whiskey,False,False,0,89.99,,,,,nikka - coffey grain whisky,,,,Spirits,[],True,,,1004,1024,1288,240.1,30866.57,0.315,285.68253968253964,0.22727272727272727
1004,bcls,product,829473,0.3639408,NIKKA - COFFEY MALT WHISKY,,,Whisky,,[],,95.99,,,,,,,[],,,829473,,[],,327,2024-03-11 19:10:01,,1,"['03700597302323', '04904230035725', '00626990205104']",False,,0.7,[],NIKKA - COFFEY MALT WHISKY,,Japan,False,,2,2,,,False,43.0, COFFEY MALT WHISKY,0.45,,False,[],SH,,NIKKA ,JP,,Other Country Whisky,Whisky / Whiskey,False,False,0,95.99,,,,,nikka - coffey malt whisky,,,,Spirits,[],True,,,1004,1024,1288,228.89999999999998,31388.73,0.315,304.73015873015873,0.21717171717171718
1005,bcls,product,460855,0.35400322,NIKKA - DAYS,,,Whisky,,[],True,61.99,,,2024-03-03T00:00:00.000-08:00,,,2024-03-03T00:00:00.000-08:00,['On Sale'],2024-03-31T00:00:00.000-07:00,,460855,True,[],,544,2024-03-11 19:10:01,,1,['04904230054160'],False,,0.7,[],NIKKA - DAYS,,Japan,False,,2,2,,,False,63.0, DAYS,0.4,,False,['On Sale'],SH,,NIKKA ,JP,,Other Country Whisky,Whisky / Whiskey,False,False,0,58.99,,,,,nikka - days,,2024-03-31T00:00:00.000-07:00,,Spirits,[],True,,,1004,1024,1288,380.79999999999995,33722.56,0.27999999999999997,221.39285714285717,0.3181818181818182
1006,bcls,product,546366,0.3639408,NIKKA - FROM THE BARREL,,,Whisky,,[],,67.99,,,,,,,[],,,546366,,[],,984,2024-03-11 19:10:01,,1,"['04904230100683', '03700597302378']",False,,0.5,[],NIKKA - FROM THE BARREL,,Japan,False,,2,2,,,False,142.0, FROM THE BARREL,0.514,,False,[],SR,,NIKKA ,JP,,Other Country Whisky,Whisky / Whiskey,False,False,0,67.99,,,,,nikka - from the barrel,,,,Spirits,[],True,,,1004,1024,1288,492.0,66902.15999999999,0.257,264.55252918287937,0.7171717171717171
1007,bcls,product,14718,0.35400322,NIKKA - MIYAGIKYO SINGLE MALT,,,Whisky,,[],,94.99,,,,,,,[],,,14718,,[],,289,2024-03-11 19:10:01,,1,['04904230042242'],False,,0.7,[],NIKKA - MIYAGIKYO SINGLE MALT,,Japan,False,,2,2,,,False,40.0, MIYAGIKYO SINGLE MALT,0.45,,False,[],ST,,NIKKA ,JP,,Other Country Whisky,Whisky / Whiskey,False,False,0,94.99,,,,,nikka - miyagikyo single malt,,,,Spirits,[],True,,,1004,1024,1288,202.29999999999998,27452.109999999997,0.315,301.55555555555554,0.20202020202020202
1008,bcls,product,521992,0.35400322,NIKKA - TAKETSURU PURE MALT,,,Whisky,,[],,88.99,,,,,,,[],,,521992,,[],,227,2024-03-11 19:10:01,,1,['04904230064374'],False,,0.7,[],NIKKA - TAKETSURU PURE MALT,,Japan,False,,2,2,,,False,33.0, TAKETSURU PURE MALT,0.43,,False,[],SH,,NIKKA ,JP,,Other Country Whisky,Whisky / Whiskey,False,False,0,88.99,,,,,nikka - taketsuru pure malt,,,,Spirits,[],True,,,1004,1024,1288,158.89999999999998,20200.73,0.301,295.6478405315614,0.16666666666666666
1009,bcls,product,340805,0.3639408,NIKKA - THE GRAIN WHISKY DISCOVERY EDITION 2023,,,Whisky,,[],,189.99,,,,,,,[],,,340805,,[],,96,2024-03-11 19:10:01,,1,['04904230072140'],False,,0.7,[],NIKKA - THE GRAIN WHISKY DISCOVERY EDITION 2023,,Japan,False,,2,2,,,False,13.0, THE GRAIN WHISKY DISCOVERY EDITION 2023,0.48,,False,[],SM,,NIKKA ,JP,,Other Country Whisky,Whisky / Whiskey,False,False,0,189.99,,,,,nikka - the grain whisky discovery edition 2023,,,,Spirits,[],True,,,1004,1024,1288,67.19999999999999,18239.04,0.33599999999999997,565.4464285714287,0.06565656565656566
1010,bcls,product,14723,0.3639408,NIKKA - YOICHI SINGLE MALT,,,Whisky,,[],,94.99,,,,,,,[],,,14723,,[],,308,2024-03-11 19:10:01,,1,['04904230042204'],False,,0.7,[],NIKKA - YOICHI SINGLE MALT,,Japan,False,,2,2,,,False,48.0, YOICHI SINGLE MALT,0.45,,False,[],SR,,NIKKA ,JP,,Other Country Whisky,Whisky / Whiskey,False,False,0,94.99,,,,,nikka - yoichi single malt,,,,Spirits,[],True,,,1004,1024,1288,215.6,29256.92,0.315,301.55555555555554,0.24242424242424243
1011,bcls,product,407831,0.35400322,NIKKA - YOICHI SINGLE MALT AROMATIC YEAST DISCOVERY EDITION,,,Whisky,,[],,255.99,,,,,,,[],,,407831,,[],,3,2024-03-11 19:10:01,,1,['04904230071228'],False,,0.7,[],NIKKA - YOICHI SINGLE MALT AROMATIC YEAST DISCOVERY EDITION,,Japan,False,,3,3,,,False,1.0, YOICHI SINGLE MALT AROMATIC YEAST DISCOVERY EDITION,0.48,,False,[],SM,,NIKKA ,JP,,Other Country Whisky,Whisky / Whiskey,False,False,1,255.99,,,,,nikka - yoichi single malt aromatic yeast discovery edition,,,,Spirits,[],True,,,1004,1024,1288,2.0999999999999996,767.97,0.33599999999999997,761.8750000000001,0.005050505050505051
1012,bcls,product,196130,0.35400322,NIRASAKI BLENDED JAPANESE WHISKY,,,Whisky,,[],,55.99,,,,,,,[],,,196130,,[],,4,2024-03-11 19:10:01,,1,['04997738170876'],False,,0.7,[],NIRASAKI BLENDED JAPANESE WHISKY,,Japan,False,,3,3,,,False,1.0,NIRASAKI BLENDED JAPANESE WHISKY,0.4,,False,[],SH,,,JP,,Other Country Whisky,Whisky / Whiskey,False,False,1,55.99,,,,,nirasaki blended japanese whisky,,,,Spirits,[],True,,,1004,1024,1288,2.8,223.96,0.27999999999999997,199.96428571428575,0.005050505050505051
1013,bcls,product,199913,0.35400322,NIRVANA WILLIAMS PEAR BRANDY,,,Grape and Fruit Brandy,,[],,49.99,,,,,,,[],,,199913,,[],,112,2024-03-11 19:10:01,,1,['08606008202280'],False,,0.7,[],NIRVANA WILLIAMS PEAR BRANDY,,Serbia,False,,2,2,,,False,16.0,NIRVANA WILLIAMS PEAR BRANDY,0.4,,False,[],SH,,,RS,,Eau de Vie,Other Spirits,False,False,0,49.99,,,,,nirvana williams pear brandy,,,,Spirits,[],True,,,1004,1018,1173,78.39999999999999,5598.88,0.27999999999999997,178.5357142857143,0.08080808080808081
1014,bcls,product,193649,0.3639408,NOLET - KETEL ONE,,,Vodka,,[],,71.99,,,,,,,['BCL Select'],,,193649,,[],,1641,2024-03-11 19:10:01,,1,"['00085156803682', '00085156217007']",False,,1.75,[],NOLET - KETEL ONE,,Netherlands,False,,2,2,,,False,139.0, KETEL ONE,0.4,,True,['BCL Select'],C,,NOLET ,NL,,Straight Vodka,Vodka,False,False,0,71.99,,,,,nolet - ketel one,,,,Spirits,"[{'id': 'empty-placeholder', 'label': '&nbsp;', 'labelLengthWithoutTags': 1}, {'id': 'exclusive', 'label': 'ONLY@BCL', 'labelLengthWithoutTags': 8}]",True,,,1004,1023,1281,2871.75,118135.59,0.7000000000000001,102.84285714285713,0.702020202020202
1015,bcls,product,371229,0.3639408,NOLET - KETEL ONE,,,Vodka,,[],True,49.99,,,2024-03-03T00:00:00.000-08:00,,,2024-03-03T00:00:00.000-08:00,['On Sale'],2024-03-31T00:00:00.000-07:00,,371229,True,[],,2109,2024-03-11 19:10:01,,1,['00085156211005'],False,,1.14,[],NOLET - KETEL ONE,,Netherlands,False,,2,2,,,False,169.0, KETEL ONE,0.4,,False,['On Sale'],G,,NOLET ,NL,,Straight Vodka,Vodka,False,False,0,47.99,,,,,nolet - ketel one,,2024-03-31T00:00:00.000-07:00,,Spirits,[],True,,,1004,1023,1281,2404.2599999999998,105428.91,0.45599999999999996,109.62719298245615,0.8535353535353535
1016,bcls,product,456095,0.3639408,NOLET - KETEL ONE,,,Vodka,,[],,35.99,,,,,,,[],,,456095,,[],,2771,2024-03-11 19:10:01,,1,"['00008556275019', '00085156515417', '00085156275014', '00085156326402']",False,,0.75,[],NOLET - KETEL ONE,,Netherlands,False,,2,2,,,False,177.0, KETEL ONE,0.4,,False,[],G,,NOLET ,NL,,Straight Vodka,Vodka,False,False,0,35.99,,,,,nolet - ketel one,,,,Spirits,[],True,,,1004,1023,1281,2078.25,99728.29000000001,0.30000000000000004,119.96666666666665,0.8939393939393939
1017,bcls,product,451082,0.3639408,NORTH BRITISH - 25 YEAR OLD OLD PARTICULAR DOUGLAS LAING,,,Whisky,,[],,190.99,,,,,,,['BCL Select'],,,451082,,[],,1,2024-03-11 19:10:01,Lowland,1,['05014218818697'],False,,0.7,[],NORTH BRITISH - 25 YEAR OLD OLD PARTICULAR DOUGLAS LAING,,United Kingdom,False,Scotland,3,3,,,False,1.0, 25 YEAR OLD OLD PARTICULAR DOUGLAS LAING,0.489,,True,['BCL Select'],C,,NORTH BRITISH ,GB,,Single Malt Scotch Whisky,Whisky / Whiskey,False,False,1,190.99,,,,,north british - 25 year old old particular douglas laing,,,,Spirits,"[{'id': 'empty-placeholder', 'label': '&nbsp;', 'labelLengthWithoutTags': 1}, {'id': 'exclusive', 'label': 'ONLY@BCL', 'labelLengthWithoutTags': 8}]",True,,,1004,1024,1289,0.7,190.99,0.3423,557.9608530528776,0.005050505050505051
1018,bcls,product,68627,0.35400322,O'DARBY - IRISH CREAM,,,Liqueurs,,[],,23.49,,,,,,,[],,,68627,,[],,1655,2024-03-11 19:10:01,,1,['05099561100132'],False,,0.75,[],O'DARBY - IRISH CREAM,,Ireland,False,,2,2,,,False,137.0, IRISH CREAM,0.17,,False,[],SR,,O'DARBY ,IE,,Cream/Dairy Liqueurs,Liqueurs,False,False,0,23.49,,,,,odarby - irish cream,,,,Spirits,[],True,,,1004,1019,1210,1241.25,38875.95,0.1275,184.23529411764704,0.6919191919191919
1019,bcls,product,235526,0.3639408,OBAN - 11 YO SPECIAL RELEASE 2023,,,Whisky,,[],,224.99,,,,,,,['BCL Select'],,,235526,,[],,104,2024-03-11 19:10:01,Other Scotch Regions,1,['00088076188723'],False,,0.75,[],OBAN - 11 YO SPECIAL RELEASE 2023,,United Kingdom,False,Scotland,3,3,,,False,19.0, 11 YO SPECIAL RELEASE 2023,0.58,,True,['BCL Select'],C,,OBAN ,GB,,Single Malt Scotch Whisky,Whisky / Whiskey,False,False,0,224.99,,,,,oban - 11 yo special release 2023,,,,Spirits,"[{'id': 'empty-placeholder', 'label': '&nbsp;', 'labelLengthWithoutTags': 1}, {'id': 'exclusive', 'label': 'ONLY@BCL', 'labelLengthWithoutTags': 8}]",True,,,1004,1024,1289,78.0,23398.96,0.43499999999999994,517.2183908045978,0.09595959595959595
1020,bcls,product,243824,0.35400322,OBAN - 14 YEAR OLD,,,Whisky,,[],,150.99,,,,,,,[],,,243824,,[],,1475,2024-03-11 19:10:01,Highland,1,"['05000281002989', '00622153618040']",False,,0.75,[],OBAN - 14 YEAR OLD,,United Kingdom,False,Scotland,2,2,,,False,177.0, 14 YEAR OLD,0.43,,False,[],SR,,OBAN ,GB,,Single Malt Scotch Whisky,Whisky / Whiskey,False,False,0,150.99,,,,,oban - 14 year old,,,,Spirits,[],True,,,1004,1024,1289,1106.25,222710.25,0.3225,468.1860465116279,0.8939393939393939
1021,bcls,product,411023,0.35400322,OBAN - DISTILLERS EDITION,,,Whisky,,[],,164.99,,,,,,,['BCL Select'],,,411023,,[],,359,2024-03-11 19:10:01,Highland,1,['00088076188280'],False,,0.75,[],OBAN - DISTILLERS EDITION,,United Kingdom,False,Scotland,2,2,,,False,42.0, DISTILLERS EDITION,0.43,,True,['BCL Select'],C,,OBAN ,GB,,Single Malt Scotch Whisky,Whisky / Whiskey,False,False,0,164.99,,,,,oban - distillers edition,,,,Spirits,"[{'id': 'empty-placeholder', 'label': '&nbsp;', 'labelLengthWithoutTags': 1}, {'id': 'exclusive', 'label': 'ONLY@BCL', 'labelLengthWithoutTags': 8}]",True,,,1004,1024,1289,269.25,59231.41,0.3225,511.59689922480624,0.21212121212121213
1022,bcls,product,569137,0.35400322,OBAN - LITTLE BAY,,,Whisky,,[],,120.99,,,,,,,[],,,569137,,[],,914,2024-03-11 19:10:01,Highland,1,"['00088076179806', '00088076179875']",False,,0.75,[],OBAN - LITTLE BAY,,United Kingdom,False,Scotland,2,2,,,False,89.0, LITTLE BAY,0.43,,False,[],SR,,OBAN ,GB,,Single Malt Scotch Whisky,Whisky / Whiskey,False,False,0,120.99,,,,,oban - little bay,,,,Spirits,[],True,,,1004,1024,1289,685.5,110584.86,0.3225,375.1627906976744,0.4494949494949495
1023,bcls,product,531690,0.35400322,OLD FORESTER - 1920 WHISKEY ROW SERIES,,,Whisky,,[],,92.99,,,,,,,[],,,531690,,[],,145,2024-03-11 19:10:01,,1,['00081128001155'],False,,0.75,[],OLD FORESTER - 1920 WHISKEY ROW SERIES,,USA,False,,2,2,,,False,21.0, 1920 WHISKEY ROW SERIES,0.575,,False,[],SH,,OLD FORESTER ,US,,Bourbon Whiskey,Whisky / Whiskey,False,False,0,92.99,,,,,old forester - 1920 whiskey row series,,,,Spirits,[],True,,,1004,1024,1284,108.75,13483.55,0.43124999999999997,215.62898550724637,0.10606060606060606
1024,bcls,product,21822,0.3639408,OLD FORESTER - SIGNATURE 86 PROOF,,,Whisky,,[],True,36.99,,,2024-03-03T00:00:00.000-08:00,,,2024-03-03T00:00:00.000-08:00,['On Sale'],2024-03-31T00:00:00.000-07:00,,21822,True,[],,1022,2024-03-11 19:10:01,,1,['00081128005085'],False,,0.75,[],OLD FORESTER - SIGNATURE 86 PROOF,,USA,False,,2,2,,,False,67.0, SIGNATURE 86 PROOF,0.43,,False,['On Sale'],SR,,OLD FORESTER ,US,,American Whiskey,Whisky / Whiskey,False,False,0,34.99,,,,,old forester - signature 86 proof,,2024-03-31T00:00:00.000-07:00,,Spirits,[],True,,,1004,1024,1282,766.5,37803.78,0.3225,114.69767441860465,0.3383838383838384
1025,bcls,product,491798,0.3639408,OLD FORESTER - WHISKEY ROW SERIES GIFT PACK,,,Whisky,,[],,109.99,,,,,,,[],,,491798,,[],,78,2024-03-11 19:10:01,,3,"['00081128202880', '00081128003036']",False,,0.375,[],OLD FORESTER - WHISKEY ROW SERIES GIFT PACK,,USA,False,,3,3,,,False,21.0, WHISKEY ROW SERIES GIFT PACK,0.5,,False,[],ST,,OLD FORESTER ,US,,Bourbon Whiskey,Whisky / Whiskey,False,False,0,109.99,,,,,old forester - whiskey row series gift pack,,,,Spirits,[],True,,,1004,1024,1284,87.75,8579.22,0.5625,195.53777777777776,0.10606060606060606
1026,bcls,product,646117,0.35400322,OLD GRAND DAD - KENTUCKY BOURBON,,,Whisky,,[],True,33.99,,,2024-03-03T00:00:00.000-08:00,,,2024-03-03T00:00:00.000-08:00,['On Sale'],2024-03-31T00:00:00.000-07:00,,646117,True,[],,923,2024-03-11 19:10:01,,1,"['00080686407409', '00080686418078']",False,,0.75,[],OLD GRAND DAD - KENTUCKY BOURBON,,USA,False,,2,2,,,False,73.0, KENTUCKY BOURBON,0.4,,False,['On Sale'],SR,,OLD GRAND DAD ,US,,Bourbon Whiskey,Whisky / Whiskey,False,False,0,32.99,,,,,old grand dad - kentucky bourbon,,2024-03-31T00:00:00.000-07:00,,Spirits,[],True,,,1004,1024,1284,692.25,31372.77,0.30000000000000004,113.29999999999998,0.3686868686868687
1027,bcls,product,394332,0.35400322,OLD POTRERO - STRAIGHT RYE WHISKEY,,,Whisky,,[],,150.99,,,,,,,[],,,394332,,[],,192,2024-03-11 19:10:01,,1,['00087229178758'],False,,0.7,[],OLD POTRERO - STRAIGHT RYE WHISKEY,,USA,False,,3,3,,,False,34.0, STRAIGHT RYE WHISKEY,0.485,,False,[],SM,,OLD POTRERO ,US,,American Whiskey,Whisky / Whiskey,False,False,0,150.99,,,,,old potrero - straight rye whiskey,,,,Spirits,[],True,,,1004,1024,1282,134.39999999999998,28990.08,0.33949999999999997,444.7422680412372,0.1717171717171717
1028,bcls,product,132079,0.3639408,OLD PULTENEY - 12 YEAR OLD SINGLE MALT SCOTCH,,,Whisky,,[],,90.99,,,,,,,[],,,132079,,[],,739,2024-03-11 19:10:01,Highland,1,"['00632070101457', '00632070100092']",False,,0.75,[],OLD PULTENEY - 12 YEAR OLD SINGLE MALT SCOTCH,,United Kingdom,False,Scotland,2,2,,,False,85.0, 12 YEAR OLD SINGLE MALT SCOTCH,0.4,,False,[],SR,,OLD PULTENEY ,GB,,Single Malt Scotch Whisky,Whisky / Whiskey,False,False,0,90.99,,,,,old pulteney - 12 year old single malt scotch,,,,Spirits,[],True,,,1004,1024,1289,554.25,67241.61,0.30000000000000004,303.29999999999995,0.4292929292929293
1029,bcls,product,178415,0.3639408,OLD PULTENEY - 15 YEAR OLD,,,Whisky,,[],,154.99,,,,,,,[],,,178415,,[],,177,2024-03-11 19:10:01,Highland,1,['00632070101341'],False,,0.75,[],OLD PULTENEY - 15 YEAR OLD,,United Kingdom,False,Scotland,3,3,,,False,26.0, 15 YEAR OLD,0.46,,False,[],ST,,OLD PULTENEY ,GB,,Single Malt Scotch Whisky,Whisky / Whiskey,False,False,0,154.99,,,,,old pulteney - 15 year old,,,,Spirits,[],True,,,1004,1024,1289,132.75,27433.230000000003,0.34500000000000003,449.2463768115942,0.13131313131313133
1030,bcls,product,188480,0.35400322,OLD PULTENEY 25 YEAR OLD,,,Whisky,,[],,759.99,,,,,,,[],,,188480,,[],,12,2024-03-11 19:10:01,Highland,1,"['05010509881517', '05010509881203']",False,,0.7,[],OLD PULTENEY 25 YEAR OLD,,United Kingdom,False,Scotland,3,3,,,False,3.0,OLD PULTENEY 25 YEAR OLD,0.46,,False,[],SM,,,GB,,Single Malt Scotch Whisky,Whisky / Whiskey,False,False,0,759.99,,,,,old pulteney 25 year old,,,,Spirits,[],True,,,1004,1024,1289,8.399999999999999,9119.880000000001,0.322,2360.217391304348,0.015151515151515152
1031,bcls,product,693697,0.35400322,OLD TOMS - EGG NOG,,,Liqueurs,,[],True,19.99,,,2024-03-03T00:00:00.000-08:00,,,2024-03-03T00:00:00.000-08:00,"['BCL Select', 'On Sale']",2024-03-31T00:00:00.000-07:00,,693697,True,[],,82,2024-03-11 19:10:01,,1,['00088004400279'],False,,0.75,[],OLD TOMS - EGG NOG,,Canada,False,,3,3,,,False,3.0, EGG NOG,0.14,,True,"['BCL Select', 'On Sale']",C,,OLD TOMS ,CA,,Cream/Dairy Liqueurs,Liqueurs,False,False,1,15.97,,,,,old toms - egg nog,,2024-03-31T00:00:00.000-07:00,,Spirits,"[{'id': 'empty-placeholder', 'label': '&nbsp;', 'labelLengthWithoutTags': 1}, {'id': 'exclusive', 'label': 'ONLY@BCL', 'labelLengthWithoutTags': 8}]",True,,,1004,1019,1210,61.5,1639.1799999999998,0.10500000000000001,190.38095238095235,0.015151515151515152
1032,bcls,product,673137,0.3639408,OLE SMOKY - APPLE PIE MOONSHINE,,,Other Spirits,,[],,33.49,,,,,,,[],,,673137,,[],,1167,2024-03-11 19:10:01,,1,['00856011004007'],False,,0.75,[],OLE SMOKY - APPLE PIE MOONSHINE,,USA,False,,2,2,,,False,137.0, APPLE PIE MOONSHINE,0.2,,False,[],SR,,OLE SMOKY ,US,,Moonshine Spirits,Other Spirits,False,False,0,33.49,,,,,ole smoky - apple pie moonshine,,,,Spirits,[],True,,,1004,1020,1240,875.25,39082.83,0.15000000000000002,223.26666666666665,0.6919191919191919
1033,bcls,product,271379,0.35400322,OLE SMOKY - APPLE PIE MOONSHINE 70 PROOF MINATURE,,,Other Spirits,,[],,5.59,,,,,,,[],,,271379,,[],,7027,2024-03-11 19:10:01,,1,"['00856011004151', '00854628006315', '00854628006445']",False,,0.05,[],OLE SMOKY - APPLE PIE MOONSHINE 70 PROOF MINATURE,,USA,False,,2,2,,,False,188.0, APPLE PIE MOONSHINE 70 PROOF MINATURE,0.35,,False,[],SR,,OLE SMOKY ,US,,Moonshine Spirits,Other Spirits,False,False,0,5.59,,,,,ole smoky - apple pie moonshine 70 proof minature,,,,Spirits,[],True,,,1004,1020,1240,351.35,39280.93,0.017499999999999998,319.42857142857144,0.9494949494949495
1034,bcls,product,429041,0.35400322,OLE SMOKY - BANANA PUDDING CREAM,,,Other Spirits,,[],,5.09,,,,,,,['BCL Select'],,,429041,,[],,5615,2024-03-11 19:10:01,,1,['00810088370182'],False,,0.05,[],OLE SMOKY - BANANA PUDDING CREAM,,USA,False,,2,2,,,False,123.0, BANANA PUDDING CREAM,0.175,,True,['BCL Select'],C,,OLE SMOKY ,US,,Moonshine Spirits,Other Spirits,False,False,0,5.09,,,,,ole smoky - banana pudding cream,,,,Spirits,"[{'id': 'empty-placeholder', 'label': '&nbsp;', 'labelLengthWithoutTags': 1}, {'id': 'exclusive', 'label': 'ONLY@BCL', 'labelLengthWithoutTags': 8}]",True,,,1004,1020,1240,280.75,28580.35,0.008749999999999999,581.7142857142858,0.6212121212121212
1035,bcls,product,22158,0.35400322,OLE SMOKY - HUNCH PUNCH MOONSHINE,,,Other Spirits,,[],,5.29,,,,,,,[],,,22158,,[],,4491,2024-03-11 19:10:01,,1,"['00854628006322', '00854628006056']",False,,0.05,[],OLE SMOKY - HUNCH PUNCH MOONSHINE,,USA,False,,2,2,,,False,96.0, HUNCH PUNCH MOONSHINE,0.4,,False,[],SH,,OLE SMOKY ,US,,Moonshine Spirits,Other Spirits,False,False,0,5.29,,,,,ole smoky - hunch punch moonshine,,,,Spirits,[],True,,,1004,1020,1240,224.55,23757.39,0.020000000000000004,264.49999999999994,0.48484848484848486
1036,bcls,product,440725,0.3639408,OLE SMOKY - JAMES OWNBY RESERVE,,,Whisky,,[],,86.99,,,,,,,[],,,440725,,[],,73,2024-03-11 19:10:01,,1,['00853915008988'],False,,0.75,[],OLE SMOKY - JAMES OWNBY RESERVE,,USA,False,,3,3,,,False,10.0, JAMES OWNBY RESERVE,0.47,,False,[],SM,,OLE SMOKY ,US,,Bourbon Whiskey,Whisky / Whiskey,False,False,1,86.99,,,,,ole smoky - james ownby reserve,,,,Spirits,[],True,,,1004,1024,1284,54.75,6350.2699999999995,0.3525,246.78014184397162,0.050505050505050504
1037,bcls,product,358870,0.35400322,OLE SMOKY - MANDARIN ORANGE MOONSHINE,,,Other Spirits,,[],,31.99,,,,,,,['BCL Select'],,,358870,,[],,397,2024-03-11 19:10:01,,1,['00810088370533'],False,,0.75,[],OLE SMOKY - MANDARIN ORANGE MOONSHINE,,USA,False,,2,2,,,False,55.0, MANDARIN ORANGE MOONSHINE,0.2,,True,['BCL Select'],C,,OLE SMOKY ,US,,Moonshine Spirits,Other Spirits,False,False,0,31.99,,,,,ole smoky - mandarin orange moonshine,,,,Spirits,"[{'id': 'empty-placeholder', 'label': '&nbsp;', 'labelLengthWithoutTags': 1}, {'id': 'exclusive', 'label': 'ONLY@BCL', 'labelLengthWithoutTags': 8}]",True,,,1004,1020,1240,297.75,12700.029999999999,0.15000000000000002,213.26666666666662,0.2777777777777778
1038,bcls,product,51295,0.3639408,OLE SMOKY - MOONSHINE PICKLES,,,Other Spirits,,[],,31.99,,,,,,,[],,,51295,,[],,1132,2024-03-11 19:10:01,,1,['00853915008247'],False,,0.75,[],OLE SMOKY - MOONSHINE PICKLES,,USA,False,,2,2,,,False,115.0, MOONSHINE PICKLES,0.2,,False,[],SH,,OLE SMOKY ,US,,Moonshine Spirits,Other Spirits,False,False,0,31.99,,,,,ole smoky - moonshine pickles,,,,Spirits,[],True,,,1004,1020,1240,849.0,36212.68,0.15000000000000002,213.26666666666662,0.5808080808080808
1039,bcls,product,65122,0.3639408,OLE SMOKY - MOUNTAIN JAVA,,,Whisky,,[],,5.29,,,,,,,[],,,65122,,[],,5326,2024-03-11 19:10:01,,1,"['00853915008278', '00853915008261']",False,,0.05,[],OLE SMOKY - MOUNTAIN JAVA,,USA,False,,2,2,,,False,129.0, MOUNTAIN JAVA,0.175,,False,[],ST,,OLE SMOKY ,US,,American Whiskey,Whisky / Whiskey,False,False,0,5.29,,,,,ole smoky - mountain java,,,,Spirits,[],True,,,1004,1024,1282,266.3,28174.54,0.008749999999999999,604.5714285714287,0.6515151515151515
1040,bcls,product,273069,0.35400322,OLE SMOKY - PEANUT BUTTER WHISKEY,,,Whisky,,[],,5.29,,,,,,,['BCL Select'],,,273069,,[],,1083,2024-03-11 19:10:01,,1,['00853915008650'],False,,0.05,[],OLE SMOKY - PEANUT BUTTER WHISKEY,,USA,False,,2,2,,,False,27.0, PEANUT BUTTER WHISKEY,0.3,,True,['BCL Select'],C,,OLE SMOKY ,US,,Flavoured Whisky,Whisky / Whiskey,False,False,0,5.29,,,,,ole smoky - peanut butter whiskey,,,,Spirits,"[{'id': 'empty-placeholder', 'label': '&nbsp;', 'labelLengthWithoutTags': 1}, {'id': 'exclusive', 'label': 'ONLY@BCL', 'labelLengthWithoutTags': 8}]",True,,,1004,1024,1286,54.150000000000006,5729.07,0.015,352.6666666666667,0.13636363636363635
1041,bcls,product,440415,0.3639408,OLE SMOKY - PINEAPPLES MOONSHINE,,,Other Spirits,,[],,32.99,,,,,,,[],,,440415,,[],,371,2024-03-11 19:10:01,,1,['00810088370267'],False,,0.75,[],OLE SMOKY - PINEAPPLES MOONSHINE,,USA,False,,2,2,,,False,60.0, PINEAPPLES MOONSHINE,0.2,,False,[],SH,,OLE SMOKY ,US,,Moonshine Spirits,Other Spirits,False,False,0,32.99,,,,,ole smoky - pineapples moonshine,,,,Spirits,[],True,,,1004,1020,1240,278.25,12239.29,0.15000000000000002,219.9333333333333,0.30303030303030304
1042,bcls,product,87142,0.35400322,OLE SMOKY - SALTY CARAMEL WHISKEY,,,Whisky,,[],True,42.99,,,2024-03-03T00:00:00.000-08:00,,,2024-03-03T00:00:00.000-08:00,['On Sale'],2024-03-31T00:00:00.000-07:00,,87142,True,[],,533,2024-03-11 19:10:01,,1,['00854628006131'],False,,0.75,[],OLE SMOKY - SALTY CARAMEL WHISKEY,,USA,False,,2,2,,,False,66.0, SALTY CARAMEL WHISKEY,0.3,,False,['On Sale'],SH,,OLE SMOKY ,US,,American Whiskey,Whisky / Whiskey,False,False,0,39.99,,,,,ole smoky - salty caramel whiskey,,2024-03-31T00:00:00.000-07:00,,Spirits,[],True,,,1004,1024,1282,399.75,22913.670000000002,0.22499999999999998,191.0666666666667,0.3333333333333333
1043,bcls,product,306288,0.35400322,OLE SMOKY - SHINE NOG,,,Liqueurs,,[],True,5.29,,,2024-03-03T00:00:00.000-08:00,,,2024-03-03T00:00:00.000-08:00,"['BCL Select', 'On Sale']",2024-03-31T00:00:00.000-07:00,,306288,True,[],,649,2024-03-11 19:10:01,,1,['00856011004199'],False,,0.05,[],OLE SMOKY - SHINE NOG,,USA,False,,3,3,,,False,22.0, SHINE NOG,0.175,,True,"['BCL Select', 'On Sale']",C,,OLE SMOKY ,US,,Cream/Dairy Liqueurs,Liqueurs,False,False,1,4.27,,,,,ole smoky - shine nog,,2024-03-31T00:00:00.000-07:00,,Spirits,"[{'id': 'empty-placeholder', 'label': '&nbsp;', 'labelLengthWithoutTags': 1}, {'id': 'exclusive', 'label': 'ONLY@BCL', 'labelLengthWithoutTags': 8}]",True,,,1004,1019,1210,32.45,3433.21,0.008749999999999999,604.5714285714287,0.1111111111111111
1044,bcls,product,429046,0.3639408,OLE SMOKY - WHITE CHOCOLATE STRAWBERRY,,,Other Spirits,,[],,5.09,,,,,,,['BCL Select'],,,429046,,[],,5454,2024-03-11 19:10:01,,1,['00810088370168'],False,,0.05,[],OLE SMOKY - WHITE CHOCOLATE STRAWBERRY,,USA,False,,2,2,,,False,110.0, WHITE CHOCOLATE STRAWBERRY,0.175,,True,['BCL Select'],C,,OLE SMOKY ,US,,Moonshine Spirits,Other Spirits,False,False,0,5.09,,,,,ole smoky - white chocolate strawberry,,,,Spirits,"[{'id': 'empty-placeholder', 'label': '&nbsp;', 'labelLengthWithoutTags': 1}, {'id': 'exclusive', 'label': 'ONLY@BCL', 'labelLengthWithoutTags': 8}]",True,,,1004,1020,1240,272.7,27760.86,0.008749999999999999,581.7142857142858,0.5555555555555556
1045,bcls,product,762773,0.3639408,OLMECA - ALTOS PLATA,,,Tequila,,[],,49.99,,,,,,,[],,,762773,,[],,1428,2024-03-11 19:10:01,,1,['00080432106846'],False,,0.75,[],OLMECA - ALTOS PLATA,,Mexico,False,,2,2,,,False,109.0, ALTOS PLATA,0.4,,False,[],SR,,OLMECA ,MX,,Blanco/Silver Tequila,Tequila,False,False,0,49.99,,,,,olmeca - altos plata,,,,Spirits,[],True,,,1004,1022,1270,1071.0,71385.72,0.30000000000000004,166.63333333333333,0.5505050505050505
1046,bcls,product,99010,0.3639408,OLMECA - GOLD,,,Tequila,,[],,35.49,,,,,,,[],,,99010,,[],,1495,2024-03-11 19:10:01,,1,['00080432402153'],False,,0.75,[],OLMECA - GOLD,,Mexico,False,,2,2,,,False,129.0, GOLD,0.4,,False,[],SR,,OLMECA ,MX,,Gold Tequila,Tequila,False,False,0,35.49,,,,,olmeca - gold,,,,Spirits,[],True,,,1004,1022,1272,1121.25,53057.55,0.30000000000000004,118.29999999999998,0.6515151515151515
1047,bcls,product,98707,0.35400322,OLMECA - SILVER,,,Tequila,,[],,35.99,,,,,,,[],,,98707,,[],,1390,2024-03-11 19:10:01,,1,['00080432402191'],False,,0.75,[],OLMECA - SILVER,,Mexico,False,,2,2,,,False,121.0, SILVER,0.4,,False,[],SR,,OLMECA ,MX,,Blanco/Silver Tequila,Tequila,False,False,0,35.99,,,,,olmeca - silver,,,,Spirits,[],True,,,1004,1022,1270,1042.5,50026.100000000006,0.30000000000000004,119.96666666666665,0.6111111111111112
1048,bcls,product,399673,0.3639408,OLMECA ALTOS MARGARITA - CLASSIC LIME READY TO DRINK COCKTAI,,,Other Spirits,,[],,25.99,,,,,,,[],,,399673,,[],,1004,2024-03-11 19:10:01,,1,['00080432000212'],False,,0.75,[],OLMECA ALTOS MARGARITA - CLASSIC LIME READY TO DRINK COCKTAI,,Mexico,False,,2,2,,,False,115.0, CLASSIC LIME READY TO DRINK COCKTAI,0.15,,False,[],SH,,OLMECA ALTOS MARGARITA ,MX,,Ready to Serve Cocktails,Other Spirits,False,False,0,25.99,,,,,olmeca altos margarita - classic lime ready to drink cocktai,,,,Spirits,[],True,,,1004,1020,1242,753.0,26093.96,0.11249999999999999,231.02222222222224,0.5808080808080808
1049,bcls,product,310373,0.35400322,OLMECA ALTOS MARGARITA - STRAWBERRY READY TO DRINK COCKTAIL,,,Other Spirits,,[],,23.99,,,,,,,[],,,310373,,[],,60,2024-03-11 19:10:01,,1,['00080432000533'],False,,0.75,[],OLMECA ALTOS MARGARITA - STRAWBERRY READY TO DRINK COCKTAIL,,Mexico,False,,2,2,,,False,4.0, STRAWBERRY READY TO DRINK COCKTAIL,0.15,,False,[],SH,,OLMECA ALTOS MARGARITA ,MX,,Ready to Serve Cocktails,Other Spirits,False,False,0,23.99,,,,,olmeca altos margarita - strawberry ready to drink cocktail,,,,Spirits,[],False,,,1004,1020,1242,45.0,1439.3999999999999,0.11249999999999999,213.24444444444444,0.020202020202020204
1050,bcls,product,108790,0.35400322,ON THE ROCKS - EFFEN COSMOPOLITAN,,,Liqueurs,,[],,22.99,,,,,,,[],,,108790,,[],,1140,2024-03-11 19:10:01,,1,['00855880008055'],False,,0.375,[],ON THE ROCKS - EFFEN COSMOPOLITAN,,USA,False,,2,2,,,False,77.0, EFFEN COSMOPOLITAN,0.2,,False,[],SR,,ON THE ROCKS ,US,,Fruit Liqueurs,Liqueurs,False,False,0,22.99,,,,,on the rocks - effen cosmopolitan,,,,Spirits,[],True,,,1004,1019,1211,427.5,26208.6,0.07500000000000001,306.53333333333325,0.3888888888888889
1051,bcls,product,408322,0.3639408,ON THE ROCKS - EFFEN ESPRESSO MARTINI,,,Liqueurs,,[],,22.99,,,,,,,[],,,408322,,[],,1779,2024-03-11 19:10:01,,1,['00855880008420'],False,,0.375,[],ON THE ROCKS - EFFEN ESPRESSO MARTINI,,USA,False,,2,2,,,False,94.0, EFFEN ESPRESSO MARTINI,0.2,,False,[],SH,,ON THE ROCKS ,US,,Other Liqueurs,Liqueurs,False,False,0,22.99,,,,,on the rocks - effen espresso martini,,,,Spirits,[],True,,,1004,1019,1213,667.125,40899.21,0.07500000000000001,306.53333333333325,0.47474747474747475
1052,bcls,product,108793,0.35400322,ON THE ROCKS - HORNITOS MARGARITA,,,Liqueurs,,[],,22.99,,,,,,,[],,,108793,,[],,1510,2024-03-11 19:10:01,,1,['00855880008116'],False,,0.375,[],ON THE ROCKS - HORNITOS MARGARITA,,USA,False,,2,2,,,False,97.0, HORNITOS MARGARITA,0.2,,False,[],SR,,ON THE ROCKS ,US,,Fruit Liqueurs,Liqueurs,False,False,0,22.99,,,,,on the rocks - hornitos margarita,,,,Spirits,[],True,,,1004,1019,1211,566.25,34714.899999999994,0.07500000000000001,306.53333333333325,0.4898989898989899
1053,bcls,product,66699,0.35400322,ON THE ROCKS - KNOB CREEK OLD FASHIONED,,,Liqueurs,,[],True,7.79,,,2024-03-03T00:00:00.000-08:00,,,2024-03-03T00:00:00.000-08:00,['On Sale'],2024-03-31T00:00:00.000-07:00,,66699,True,[],,846,2024-03-11 19:10:01,,1,['00855880008000'],False,,0.1,[],ON THE ROCKS - KNOB CREEK OLD FASHIONED,,USA,False,,3,3,,,False,20.0, KNOB CREEK OLD FASHIONED,0.35,,False,['On Sale'],ST,,ON THE ROCKS ,US,,Fruit Liqueurs,Liqueurs,False,False,0,7.19,,,,,on the rocks - knob creek old fashioned,,2024-03-31T00:00:00.000-07:00,,Spirits,[],True,,,1004,1019,1211,84.60000000000001,6590.34,0.034999999999999996,222.57142857142858,0.10101010101010101
1054,bcls,product,108785,0.35400322,ON THE ROCKS - KNOB CREEK OLD FASHIONED,,,Liqueurs,,[],,22.99,,,,,,,[],,,108785,,[],,1039,2024-03-11 19:10:01,,1,['00855880008024'],False,,0.375,[],ON THE ROCKS - KNOB CREEK OLD FASHIONED,,USA,False,,2,2,,,False,72.0, KNOB CREEK OLD FASHIONED,0.35,,False,[],SR,,ON THE ROCKS ,US,,Fruit Liqueurs,Liqueurs,False,False,0,22.99,,,,,on the rocks - knob creek old fashioned,,,,Spirits,[],True,,,1004,1019,1211,389.625,23886.609999999997,0.13124999999999998,175.1619047619048,0.36363636363636365
1055,bcls,product,53611,0.3639408,ORANGE AND BRANDY - MCGUINNESS,,,Liqueurs,,[],,26.99,,,,,,,[],,,53611,,[],,2081,2024-03-11 19:10:01,,1,['00048415346245'],False,,0.75,[],ORANGE AND BRANDY - MCGUINNESS,,Canada,False,,2,2,,,False,182.0, MCGUINNESS,0.35,,False,[],SR,,ORANGE AND BRANDY ,CA,,Fruit Liqueurs,Liqueurs,False,False,0,26.99,,,,,orange and brandy - mcguinness,,,,Spirits,[],True,,,1004,1019,1211,1560.75,56166.189999999995,0.26249999999999996,102.81904761904764,0.9191919191919192
1056,bcls,product,270371,0.35400322,OUZO - TSANTALIS,,,Liqueurs,,[],,24.99,,,,,,,[],,,270371,,[],,2062,2024-03-11 19:10:01,,1,"['05201021502077', '05201021511703', '05201021532753', '05201021530704']",False,,0.75,[],OUZO - TSANTALIS,,Greece,False,,2,2,,,False,191.0, TSANTALIS,0.38,,False,[],SR,,OUZO ,GR,,Anise And Herbal/Spice Liqueurs,Liqueurs,False,False,0,24.99,,,,,ouzo - tsantalis,,,,Spirits,[],True,,,1004,1019,1208,1546.5,51529.38,0.28500000000000003,87.68421052631578,0.9646464646464646
1057,bcls,product,711630,0.3639408,OUZO 12,,,Liqueurs,,[],,25.99,,,,,,,[],,,711630,,[],,579,2024-03-11 19:10:01,,1,['05201003110702'],False,,0.75,[],OUZO 12,,Greece,False,,2,2,,,False,51.0,OUZO 12,0.4,,False,[],SH,,,GR,,Anise And Herbal/Spice Liqueurs,Liqueurs,False,False,0,25.99,,,,,ouzo 12,,,,Spirits,[],True,,,1004,1019,1208,434.25,15048.21,0.30000000000000004,86.63333333333331,0.25757575757575757
1058,bcls,product,30332,0.3639408,PADDY - IRISH WHISKEY,,,Whisky,,[],True,29.99,,,2024-03-03T00:00:00.000-08:00,,,2024-03-03T00:00:00.000-08:00,"['BCL Select', 'On Sale']",2024-03-31T00:00:00.000-07:00,,30332,True,[],,593,2024-03-11 19:10:01,,1,"['01210000101204', '00088004027131', '00080432107119']",False,,0.75,[],PADDY - IRISH WHISKEY,,Ireland,False,,2,2,,,False,94.0, IRISH WHISKEY,0.43,,True,"['BCL Select', 'On Sale']",C,,PADDY ,IE,,Irish Whiskey,Whisky / Whiskey,False,False,0,26.99,,,,,paddy - irish whiskey,,2024-03-31T00:00:00.000-07:00,,Spirits,"[{'id': 'empty-placeholder', 'label': '&nbsp;', 'labelLengthWithoutTags': 1}, {'id': 'exclusive', 'label': 'ONLY@BCL', 'labelLengthWithoutTags': 8}]",True,,,1004,1024,1287,444.75,17784.07,0.3225,92.99224806201549,0.47474747474747475
1059,bcls,product,296194,0.35400322,PARALYZER MIX - POTTER'S,,,Other Spirits,,[],,33.99,,,,,,,[],,,296194,,[],,1572,2024-03-11 19:10:01,,1,"['00776555550078', '00776555452709']",False,,1.14,[],PARALYZER MIX - POTTER'S,,Canada,False,,2,2,,,False,140.0, POTTER'S,0.349,,False,[],SR,,PARALYZER MIX ,CA,,Ready to Mix Cocktails,Other Spirits,False,False,0,33.99,,,,,paralyzer mix - potters,,,,Spirits,[],True,,,1004,1020,1241,1792.08,53432.280000000006,0.39785999999999994,85.43206152918114,0.7070707070707071
1060,bcls,product,15693,0.35400322,PASTIS DE MARSEILLE 45 - RICARD,,,Liqueurs,,[],,37.99,,,,,,,[],,,15693,,[],,1240,2024-03-11 19:10:01,,1,"['03163937836009', '03163937011000']",False,,0.75,[],PASTIS DE MARSEILLE 45 - RICARD,,France,False,,2,2,,,False,115.0, RICARD,0.45,,False,[],SR,,PASTIS DE MARSEILLE 45 ,FR,,Anise And Herbal/Spice Liqueurs,Liqueurs,False,False,0,37.99,,,,,pastis de marseille 45 - ricard,,,,Spirits,[],True,,,1004,1019,1208,930.0,47107.600000000006,0.3375,112.56296296296296,0.5808080808080808
1061,bcls,product,311282,0.3639408,PATRON - ANEJO,,,Tequila,,[],,105.99,,,,,,,[],,,311282,,[],,1359,2024-03-11 19:10:01,,1,['00721733000012'],False,,0.75,[],PATRON - ANEJO,,Mexico,False,,2,2,,,False,161.0, ANEJO,0.4,,False,[],SR,,PATRON ,MX,,Gold Tequila,Tequila,False,False,0,105.99,,,,,patron - anejo,,,,Spirits,[],True,,,1004,1022,1272,1019.25,144040.41,0.30000000000000004,353.29999999999995,0.8131313131313131
1062,bcls,product,424695,0.3639408,PATRON - GIFTPACK,,,Tequila,,[],,35.99,,,,,,,[],,,424695,,[],,10,2024-03-11 19:10:01,,3,['00721733000241'],False,,0.05,[],PATRON - GIFTPACK,,Mexico,False,,3,3,,,False,3.0, GIFTPACK,0.4,,False,[],SM,,PATRON ,MX,,Blanco/Silver Tequila,Tequila,False,False,0,35.99,,,,,patron - giftpack,,,,Spirits,[],True,,,1004,1022,1270,1.5000000000000002,359.90000000000003,0.06000000000000001,599.8333333333333,0.015151515151515152
1063,bcls,product,311274,0.35400322,PATRON - REPOSADO,,,Tequila,,[],True,95.99,,,2024-03-03T00:00:00.000-08:00,,,2024-03-03T00:00:00.000-08:00,['On Sale'],2024-03-31T00:00:00.000-07:00,,311274,True,[],,1734,2024-03-11 19:10:01,,1,['00721733000159'],False,,0.75,[],PATRON - REPOSADO,,Mexico,False,,2,2,,,False,151.0, REPOSADO,0.4,,False,['On Sale'],SR,,PATRON ,MX,,Gold Tequila,Tequila,False,False,0,89.99,,,,,patron - reposado,,2024-03-31T00:00:00.000-07:00,,Spirits,[],True,,,1004,1022,1272,1300.5,166446.66,0.30000000000000004,319.9666666666666,0.7626262626262627
1064,bcls,product,956508,0.3639408,PATRON - REPOSADO BARREL SELECT,,,Tequila,,[],,104.99,,,,,,,['BCL Select'],,,956508,,[],,103,2024-03-11 19:10:01,,1,"['00721733003051', '00721733002931']",False,,0.75,[],PATRON - REPOSADO BARREL SELECT,,Mexico,False,,3,3,,,False,15.0, REPOSADO BARREL SELECT,0.4,,True,['BCL Select'],C,,PATRON ,MX,,Gold Tequila,Tequila,False,False,0,104.99,,,,,patron - reposado barrel select,,,,Spirits,"[{'id': 'empty-placeholder', 'label': '&nbsp;', 'labelLengthWithoutTags': 1}, {'id': 'exclusive', 'label': 'ONLY@BCL', 'labelLengthWithoutTags': 8}]",True,,,1004,1022,1272,77.25,10813.97,0.30000000000000004,349.9666666666666,0.07575757575757576
1065,bcls,product,85639,0.35400322,PATRON - SILVER,,,Tequila,,[],,44.99,,,,,,,[],,,85639,,[],,946,2024-03-11 19:10:01,,1,['00721733000944'],False,,0.375,[],PATRON - SILVER,,Mexico,False,,2,2,,,False,103.0, SILVER,0.4,,False,[],SR,,PATRON ,MX,,Blanco/Silver Tequila,Tequila,False,False,0,44.99,,,,,patron - silver,,,,Spirits,[],True,,,1004,1022,1270,354.75,42560.54,0.15000000000000002,299.9333333333333,0.5202020202020202
1066,bcls,product,205542,0.3639408,PATRON - SILVER,,,Tequila,,[],,10.29,,,,,,,[],,,205542,,[],,2306,2024-03-11 19:10:01,,1,['00721733000234'],False,,0.05,[],PATRON - SILVER,,Mexico,False,,2,2,,,False,56.0, SILVER,0.4,,False,[],SH,,PATRON ,MX,,Blanco/Silver Tequila,Tequila,False,False,0,10.29,,,,,patron - silver,,,,Spirits,[],True,,,1004,1022,1270,115.30000000000001,23728.739999999998,0.020000000000000004,514.4999999999999,0.2828282828282828
1067,bcls,product,391250,0.3639408,PATRON - SILVER,,,Tequila,,[],True,85.99,,,2024-03-03T00:00:00.000-08:00,,,2024-03-03T00:00:00.000-08:00,['On Sale'],2024-03-31T00:00:00.000-07:00,,391250,True,[],,1931,2024-03-11 19:10:01,,1,"['00721733005918', '00721733000029']",False,,0.75,[],PATRON - SILVER,,Mexico,False,,2,2,,,False,194.0, SILVER,0.4,,False,['On Sale'],SR,,PATRON ,MX,,Blanco/Silver Tequila,Tequila,False,False,0,80.99,,,,,patron - silver,,2024-03-31T00:00:00.000-07:00,,Spirits,[],True,,,1004,1022,1270,1448.25,166046.69,0.30000000000000004,286.63333333333327,0.9797979797979798
1068,bcls,product,108129,0.3639408,PAUL JOHN - MITHUNA INDIAN SINGLE MALT,,,Whisky,,[],,390.99,,,,,,,[],,,108129,,[],,96,2024-03-11 19:10:01,,1,['08904014807346'],False,,0.75,[],PAUL JOHN - MITHUNA INDIAN SINGLE MALT,,India,False,,3,3,,,False,12.0, MITHUNA INDIAN SINGLE MALT,0.58,,False,[],ST,,PAUL JOHN ,IN,,Other Country Whisky,Whisky / Whiskey,False,False,0,390.99,,,,,paul john - mithuna indian single malt,,,,Spirits,[],True,,,1004,1024,1288,72.0,37535.04,0.43499999999999994,898.8275862068967,0.06060606060606061
1069,bcls,product,96467,0.3639408,PAUL JOHN - NIRVANA INDIAN SINGLE MALT,,,Whisky,,[],,59.99,,,,,,,[],,,96467,,[],,80,2024-03-11 19:10:01,,1,['08904014802723'],False,,0.75,[],PAUL JOHN - NIRVANA INDIAN SINGLE MALT,,India,False,,2,2,,,False,16.0, NIRVANA INDIAN SINGLE MALT,0.4,,False,[],SH,,PAUL JOHN ,IN,,Other Country Whisky,Whisky / Whiskey,False,False,0,59.99,,,,,paul john - nirvana indian single malt,,,,Spirits,[],True,,,1004,1024,1288,60.0,4799.2,0.30000000000000004,199.96666666666664,0.08080808080808081
1070,bcls,product,89910,0.35400322,PAUL JOHN - OLOROSO SELECT CASK INDIAN SINGLE MALT,,,Whisky,,[],,149.99,,,,,,,[],,,89910,,[],,61,2024-03-11 19:10:01,,1,['08904014803362'],False,,0.75,[],PAUL JOHN - OLOROSO SELECT CASK INDIAN SINGLE MALT,,India,False,,3,3,,,False,11.0, OLOROSO SELECT CASK INDIAN SINGLE MALT,0.48,,False,[],ST,,PAUL JOHN ,IN,,Other Country Whisky,Whisky / Whiskey,False,False,0,149.99,,,,,paul john - oloroso select cask indian single malt,,,,Spirits,[],True,,,1004,1024,1288,45.75,9149.390000000001,0.36,416.6388888888889,0.05555555555555555
1071,bcls,product,313049,0.35400322,PEACH - DR. MCGILLICUDDY'S,,,Liqueurs,,[],,19.99,,,,,,,[],,,313049,,[],,3156,2024-03-11 19:10:01,,1,"['00088004144777', '00088004400644', '00087000401754']",False,,0.75,[],PEACH - DR. MCGILLICUDDY'S,,Canada,False,,2,2,,,False,192.0, DR. MCGILLICUDDY'S,0.21,,False,[],SR,,PEACH ,CA,,Fruit Liqueurs,Liqueurs,False,False,0,19.99,,,,,peach - dr. mcgillicuddys,,,,Spirits,[],True,,,1004,1019,1211,2367.0,63088.439999999995,0.1575,126.92063492063491,0.9696969696969697
1072,bcls,product,363411,0.35400322,PEERLESS - KENTUCKY DOUBLE OAK STRAIGHT BOURBON,,,Whisky,,[],,184.99,,,,,,,[],,,363411,,[],,56,2024-03-11 19:10:01,,1,['00813555020795'],False,,0.75,[],PEERLESS - KENTUCKY DOUBLE OAK STRAIGHT BOURBON,,USA,False,,3,3,,,False,13.0, KENTUCKY DOUBLE OAK STRAIGHT BOURBON,0.5479999999999999,,False,[],SM,,PEERLESS ,US,,American Whiskey,Whisky / Whiskey,False,False,0,184.99,,,,,peerless - kentucky double oak straight bourbon,,,,Spirits,[],True,,,1004,1024,1282,42.0,10359.44,0.4109999999999999,450.09732360097337,0.06565656565656566
1073,bcls,product,168936,0.35400322,PENDLETON,,,Whisky,,[],True,36.99,,,2024-03-03T00:00:00.000-08:00,,,2024-03-03T00:00:00.000-08:00,['On Sale'],2024-03-31T00:00:00.000-07:00,,168936,True,[],,837,2024-03-11 19:10:01,,1,['00811538019323'],False,,0.75,[],PENDLETON,,Canada,False,,2,2,,,False,95.0,PENDLETON,0.4,,False,['On Sale'],SR,,,CA,,Canadian Whisky,Whisky / Whiskey,False,False,0,33.99,,,,,pendleton,,2024-03-31T00:00:00.000-07:00,,Spirits,[],True,,,1004,1024,1285,627.75,30960.63,0.30000000000000004,123.29999999999998,0.4797979797979798
1074,bcls,product,627174,0.3639408,PENDLETON - 1910,,,Whisky,,[],,54.99,,,,,,,[],,,627174,,[],,317,2024-03-11 19:10:01,,1,"['00811538019408', '00084104118915']",False,,0.75,[],PENDLETON - 1910,,Canada,False,,2,2,,,False,50.0, 1910,0.4,,False,[],SH,,PENDLETON ,CA,,Canadian Whisky,Whisky / Whiskey,False,False,0,54.99,,,,,pendleton - 1910,,,,Spirits,[],True,,,1004,1024,1285,237.75,17431.83,0.30000000000000004,183.29999999999998,0.25252525252525254
1075,bcls,product,307491,0.3639408,PERE MAGLOIRE - CALVADOS VSOP SINGLE MALT CASK FINISH,,,Grape and Fruit Brandy,,[],,74.99,,,,,,,[],,,307491,,[],,88,2024-03-11 19:10:01,,1,"['03181250000785', '09783181250006']",False,,0.7,[],PERE MAGLOIRE - CALVADOS VSOP SINGLE MALT CASK FINISH,,France,False,,2,2,,,False,16.0, CALVADOS VSOP SINGLE MALT CASK FINISH,0.4,,False,[],ST,,PERE MAGLOIRE ,FR,,Eau de Vie,Other Spirits,False,False,0,74.99,,,,,pere magloire - calvados vsop single malt cask finish,,,,Spirits,[],True,,,1004,1018,1173,61.599999999999994,6599.12,0.27999999999999997,267.82142857142856,0.08080808080808081
1076,bcls,product,6049,0.35400322,PERNOD - PERNOD FILS,,,Liqueurs,,[],,37.99,,,,,,,[],,,6049,,[],,1552,2024-03-11 19:10:01,,1,"['00630637091036', '00080432291672']",False,,0.75,[],PERNOD - PERNOD FILS,,France,False,,2,2,,,False,148.0, PERNOD FILS,0.4,,False,[],SR,,PERNOD ,FR,,Anise And Herbal/Spice Liqueurs,Liqueurs,False,False,0,37.99,,,,,pernod - pernod fils,,,,Spirits,[],True,,,1004,1019,1208,1164.0,58960.48,0.30000000000000004,126.63333333333333,0.7474747474747475
1077,bcls,product,82883,0.35400322,PERSIAN EMPIRE -  ARAK SAGGI,,,Other Spirits,,[],,47.99,,,,,,,[],,,82883,,[],,436,2024-03-11 19:10:01,,1,['00627314750126'],False,,0.75,[],PERSIAN EMPIRE -  ARAK SAGGI,,Canada,False,,2,2,,,False,21.0,  ARAK SAGGI,0.4,,False,[],SH,,PERSIAN EMPIRE ,CA,,Miscellaneous/Other Spirits,Other Spirits,False,False,0,47.99,,,,,persian empire -  arak saggi,,,,Spirits,[],True,,,1004,1020,1239,327.0,20923.64,0.30000000000000004,159.96666666666664,0.10606060606060606
1078,bcls,product,545376,0.3639408,PIKE CREEK - 10 YEAR OLD DOUBLE BARRELLED,,,Whisky,,[],,38.99,,,,,,,[],,,545376,,[],,778,2024-03-11 19:10:01,,1,"['00626990197393', '00048415520621']",False,,0.75,[],PIKE CREEK - 10 YEAR OLD DOUBLE BARRELLED,,Canada,False,,2,2,,,False,100.0, 10 YEAR OLD DOUBLE BARRELLED,0.42,,False,[],SR,,PIKE CREEK ,CA,,Canadian Whisky,Whisky / Whiskey,False,False,0,38.99,,,,,pike creek - 10 year old double barrelled,,,,Spirits,[],True,,,1004,1024,1285,583.5,30334.22,0.315,123.77777777777779,0.5050505050505051
1079,bcls,product,282277,0.3639408,PIMMS - NO. 1 CUP,,,Gin,,[],,27.99,,,,,,,[],,,282277,,[],,1982,2024-03-11 19:10:01,,1,"['00622153621040', '05010262075017']",False,,0.75,[],PIMMS - NO. 1 CUP,,United Kingdom,False,,2,2,,,False,177.0, NO. 1 CUP,0.25,,False,[],SR,,PIMMS ,GB,,Flavoured Gin,Gin,False,False,0,27.99,,,,,pimms - no. 1 cup,,,,Spirits,[],True,,,1004,1017,1167,1486.5,55476.18,0.1875,149.28,0.8939393939393939
1080,bcls,product,196626,0.35400322,PINNACLE,,,Vodka,,[],,23.49,,,,,,,[],,,196626,,[],,2012,2024-03-11 19:10:01,,1,"['00080686929406', '00089708465427']",False,,0.75,[],PINNACLE,,France,False,,2,2,,,False,163.0,PINNACLE,0.4,,False,[],SR,,,FR,,Straight Vodka,Vodka,False,False,0,23.49,,,,,pinnacle,,,,Spirits,[],True,,,1004,1023,1281,1509.0,47261.88,0.30000000000000004,78.29999999999998,0.8232323232323232
1081,bcls,product,317347,0.3639408,PISCO - CAPEL PREMIUM,,,Grape and Fruit Brandy,,[],,36.99,,,,,,,[],,,317347,,[],,1575,2024-03-11 19:10:01,,1,"['07802110002263', '07802110001358', '07802110231199']",False,,0.75,[],PISCO - CAPEL PREMIUM,,Chile,False,,2,2,,,False,139.0, CAPEL PREMIUM,0.4,,False,[],SR,,PISCO ,CL,,Pisco,Other Spirits,False,False,0,36.99,,,,,pisco - capel premium,,,,Spirits,[],True,,,1004,1018,1175,1181.25,58259.25,0.30000000000000004,123.29999999999998,0.702020202020202
1082,bcls,product,844803,0.3639408,PISCO EL GOBERNADOR - MIGUEL TORRES CHILE,,,Grape and Fruit Brandy,,[],,37.49,,,,,,,[],,,844803,,[],,657,2024-03-11 19:10:01,,1,['07804626930023'],False,,0.7,[],PISCO EL GOBERNADOR - MIGUEL TORRES CHILE,,Chile,False,,2,2,,,False,76.0, MIGUEL TORRES CHILE,0.4,,False,[],SR,,PISCO EL GOBERNADOR ,CL,,Pisco,Other Spirits,False,False,0,37.49,,,,,pisco el gobernador - miguel torres chile,,,,Spirits,[],True,,,1004,1018,1175,459.9,24630.93,0.27999999999999997,133.89285714285717,0.3838383838383838
1083,bcls,product,880401,0.35400322,PLANTATION -  20TH ANNIVERSARY XO,,,Rum,,[],True,87.99,,,2024-03-03T00:00:00.000-08:00,,,2024-03-03T00:00:00.000-08:00,['On Sale'],2024-03-31T00:00:00.000-07:00,,880401,True,[],,515,2024-03-11 19:10:01,,1,['00695521151203'],False,,0.75,[],PLANTATION -  20TH ANNIVERSARY XO,,Barbados,False,,2,2,,,False,78.0,  20TH ANNIVERSARY XO,0.4,,False,['On Sale'],SR,,PLANTATION ,BB,,Dark Rum,Rum,False,False,0,81.99,,,,,plantation -  20th anniversary xo,,2024-03-31T00:00:00.000-07:00,,Spirits,[],True,,,1004,1021,1253,386.25,45314.85,0.30000000000000004,293.29999999999995,0.3939393939393939
1084,bcls,product,318827,0.35400322,PLANTATION - BARBADOS 5 YEAR RUM,,,Rum,,[],,48.99,,,,,,,[],,,318827,,[],,586,2024-03-11 19:10:01,,1,['00695521151135'],False,,0.75,[],PLANTATION - BARBADOS 5 YEAR RUM,,France,False,,3,3,,,False,50.0, BARBADOS 5 YEAR RUM,0.4,,False,[],SH,,PLANTATION ,FR,,Amber Rum,Rum,False,False,0,48.99,,,,,plantation - barbados 5 year rum,,,,Spirits,[],False,,,1004,1021,1252,439.5,28708.14,0.30000000000000004,163.29999999999998,0.25252525252525254
1085,bcls,product,699116,0.3639408,PLANTATION - ORIGINAL DARK,,,Rum,,[],,45.99,,,,,,,[],,,699116,,[],,482,2024-03-11 19:10:01,,1,['00695521151456'],False,,0.75,[],PLANTATION - ORIGINAL DARK,,Trinidad And Tobago,False,,2,2,,,False,53.0, ORIGINAL DARK,0.4,,False,[],SR,,PLANTATION ,TT,,Dark Rum,Rum,False,False,0,45.99,,,,,plantation - original dark,,,,Spirits,[],True,,,1004,1021,1253,361.5,22167.18,0.30000000000000004,153.29999999999998,0.2676767676767677
1086,bcls,product,440923,0.3639408,PLANTATION - UNDER THE SEA BARBADOS 2013,,,Rum,,[],,159.99,,,,,,,['BCL Select'],,,440923,,[],,9,2024-03-11 19:10:01,,1,['00695521153986'],False,,0.75,[],PLANTATION - UNDER THE SEA BARBADOS 2013,,France,False,,3,3,,,False,3.0, UNDER THE SEA BARBADOS 2013,0.502,,True,['BCL Select'],C,,PLANTATION ,FR,,Amber Rum,Rum,False,False,1,159.99,,,,,plantation - under the sea barbados 2013,,,,Spirits,"[{'id': 'empty-placeholder', 'label': '&nbsp;', 'labelLengthWithoutTags': 1}, {'id': 'exclusive', 'label': 'ONLY@BCL', 'labelLengthWithoutTags': 8}]",True,,,1004,1021,1252,6.75,1439.91,0.3765,424.9402390438247,0.015151515151515152
1087,bcls,product,268745,0.3639408,PLANTATION - VENEZUELA UNDER THE SEA RUM 2010,,,Rum,,[],True,168.99,,,2024-03-03T00:00:00.000-08:00,,,2024-03-03T00:00:00.000-08:00,"['BCL Select', 'On Sale']",2024-03-31T00:00:00.000-07:00,,268745,True,[],,42,2024-03-11 19:10:01,,1,['00695521153993'],False,,0.75,[],PLANTATION - VENEZUELA UNDER THE SEA RUM 2010,,Venezuela,False,,3,3,,,False,5.0, VENEZUELA UNDER THE SEA RUM 2010,0.52,,True,"['BCL Select', 'On Sale']",C,,PLANTATION ,VE,,Amber Rum,Rum,False,False,1,155.97,,,,,plantation - venezuela under the sea rum 2010,,2024-03-31T00:00:00.000-07:00,,Spirits,"[{'id': 'empty-placeholder', 'label': '&nbsp;', 'labelLengthWithoutTags': 1}, {'id': 'exclusive', 'label': 'ONLY@BCL', 'labelLengthWithoutTags': 8}]",True,,,1004,1021,1252,31.5,7097.58,0.39,433.3076923076923,0.025252525252525252
1088,bcls,product,318822,0.35400322,PLANTATION - XO 2OTH ANNIVERSARY RUM,,,Rum,,[],,45.99,,,,,,,[],,,318822,,[],,383,2024-03-11 19:10:01,,1,['00695521153115'],False,,0.375,[],PLANTATION - XO 2OTH ANNIVERSARY RUM,,France,False,,3,3,,,False,38.0, XO 2OTH ANNIVERSARY RUM,0.4,,False,[],SH,,PLANTATION ,FR,,Amber Rum,Rum,False,False,0,45.99,,,,,plantation - xo 2oth anniversary rum,,,,Spirits,[],False,,,1004,1021,1252,143.625,17614.170000000002,0.15000000000000002,306.59999999999997,0.1919191919191919
1089,bcls,product,136119,0.35400322,POLAR ICE,,,Vodka,,[],,34.99,,,,,,,[],,,136119,,[],,3612,2024-03-11 19:10:01,,1,['00048415345927'],False,,1.14,[],POLAR ICE,,Canada,False,,2,2,,,False,177.0,POLAR ICE,0.4,,False,[],G,,,CA,,Straight Vodka,Vodka,False,False,0,34.99,,,,,polar ice,,,,Spirits,[],True,,,1004,1023,1281,4117.679999999999,126383.88,0.45599999999999996,76.73245614035089,0.8939393939393939
1090,bcls,product,477885,0.35400322,POLAR ICE,,,Vodka,,[],,52.49,,,,,,,[],,,477885,,[],,2017,2024-03-11 19:10:01,,1,['00048415411325'],False,,1.75,[],POLAR ICE,,Canada,False,,2,2,,,False,195.0,POLAR ICE,0.4,,False,[],G,,,CA,,Straight Vodka,Vodka,False,False,0,52.49,,,,,polar ice,,,,Spirits,[],True,,,1004,1023,1281,3529.75,105872.33,0.7000000000000001,74.98571428571428,0.9848484848484849
1091,bcls,product,93021,0.3639408,POLAR ICE,,,Vodka,,[],,6.99,,,,,,,[],,,93021,,[],,7077,2024-03-11 19:10:01,,1,['00048415457248'],False,,0.2,[],POLAR ICE,,Canada,False,,2,2,,,False,188.0,POLAR ICE,0.4,,False,[],SR,,,CA,,Straight Vodka,Vodka,False,False,0,6.99,,,,,polar ice,,,,Spirits,[],True,,,1004,1023,1281,1415.4,49468.23,0.08000000000000002,87.37499999999999,0.9494949494949495
1092,bcls,product,477893,0.3639408,POLAR ICE,,,Vodka,,[],,11.99,,,,,,,[],,,477893,,[],,5137,2024-03-11 19:10:01,,1,['00048415411301'],False,,0.375,[],POLAR ICE,,Canada,False,,2,2,,,False,178.0,POLAR ICE,0.4,,False,[],G,,,CA,,Straight Vodka,Vodka,False,False,0,11.99,,,,,polar ice,,,,Spirits,[],True,,,1004,1023,1281,1926.375,61592.630000000005,0.15000000000000002,79.93333333333332,0.898989898989899
1093,bcls,product,399689,0.3639408,POLAR ICE - BERRY BLIZZARD,,,Liqueurs,,[],True,23.99,,,2024-03-03T00:00:00.000-08:00,,,2024-03-03T00:00:00.000-08:00,['On Sale'],2024-03-31T00:00:00.000-07:00,,399689,True,[],,1217,2024-03-11 19:10:01,,1,['00048415000123'],False,,0.75,[],POLAR ICE - BERRY BLIZZARD,,Canada,False,,2,2,,,False,104.0, BERRY BLIZZARD,0.3,,False,['On Sale'],SH,,POLAR ICE ,CA,,Other Liqueurs,Liqueurs,False,False,0,22.49,,,,,polar ice - berry blizzard,,2024-03-31T00:00:00.000-07:00,,Spirits,[],True,,,1004,1019,1213,912.75,29195.829999999998,0.22499999999999998,106.62222222222222,0.5252525252525253
1094,bcls,product,496604,0.3639408,POLAR ICE - TRAVELLER,,,Vodka,,[],,22.99,,,,,,,[],,,496604,,[],,2593,2024-03-11 19:10:01,,1,['00048415502559'],False,,0.75,[],POLAR ICE - TRAVELLER,,Canada,False,,2,2,,,False,190.0, TRAVELLER,0.4,,False,[],G,,POLAR ICE ,CA,,Straight Vodka,Vodka,False,False,0,22.99,,,,,polar ice - traveller,,,,Spirits,[],True,,,1004,1023,1281,1944.75,59613.06999999999,0.30000000000000004,76.63333333333331,0.9595959595959596
1095,bcls,product,201459,0.3639408,POTTER'S,,,Vodka,,[],,51.99,,,,,,,[],,,201459,,[],,1905,2024-03-11 19:10:01,,1,['00776555100808'],False,,1.75,[],POTTER'S,,Canada,False,,2,2,,,False,178.0,POTTER'S,0.4,,False,[],G,,,CA,,Straight Vodka,Vodka,False,False,0,51.99,,,,,potters,,,,Spirits,[],True,,,1004,1023,1281,3333.75,99040.95,0.7000000000000001,74.27142857142857,0.898989898989899
1096,bcls,product,160077,0.35400322,POTTER'S - SPECIAL OLD,,,Whisky,,[],,51.99,,,,,,,[],,,160077,,[],,1030,2024-03-11 19:10:01,,1,['00776555010800'],False,,1.75,[],POTTER'S - SPECIAL OLD,,Canada,False,,2,2,,,False,117.0, SPECIAL OLD,0.4,,False,[],G,,POTTER'S ,CA,,Canadian Whisky,Whisky / Whiskey,False,False,0,51.99,,,,,potters - special old,,,,Spirits,[],True,,,1004,1024,1285,1802.5,53549.700000000004,0.7000000000000001,74.27142857142857,0.5909090909090909
1097,bcls,product,19281,0.35400322,POTTER'S - VODKA,,,Vodka,,[],,33.99,,,,,,,[],,,19281,,[],,1357,2024-03-11 19:10:01,,1,['00776555100709'],False,,1.14,[],POTTER'S - VODKA,,Canada,False,,2,2,,,False,95.0, VODKA,0.4,,False,[],G,,POTTER'S ,CA,,Straight Vodka,Vodka,False,False,0,33.99,,,,,potters - vodka,,,,Spirits,[],True,,,1004,1023,1281,1546.9799999999998,46124.43,0.45599999999999996,74.53947368421053,0.4797979797979798
1098,bcls,product,299560,0.35400322,PRAIRIE - ORGANIC GIN,,,Gin,,[],,36.99,,,,,,,['BCL Select'],,,299560,,[],,1633,2024-03-11 19:10:01,,1,['00087116019034'],False,,0.75,['Organic'],PRAIRIE - ORGANIC GIN,,USA,False,,2,2,,,True,117.0, ORGANIC GIN,0.4,,True,['BCL Select'],C,,PRAIRIE ,US,,Dry Gin,Gin,False,False,0,36.99,,,,,prairie - organic gin,,,,Spirits,"[{'id': 'empty-placeholder', 'label': '&nbsp;', 'labelLengthWithoutTags': 1}, {'id': 'exclusive', 'label': 'ONLY@BCL', 'labelLengthWithoutTags': 8}]",True,,,1004,1017,1168,1224.75,60404.670000000006,0.30000000000000004,123.29999999999998,0.5909090909090909
1099,bcls,product,404082,0.3639408,PROPER NO. TWELVE,,,Whisky,,[],True,81.99,,,2024-03-03T00:00:00.000-08:00,,,2024-03-03T00:00:00.000-08:00,"['BCL Select', 'On Sale']",2024-03-31T00:00:00.000-07:00,,404082,True,[],,908,2024-03-11 19:10:01,,1,['00811538019675'],False,,1.75,[],PROPER NO. TWELVE,,Ireland,False,,2,2,,,False,68.0,PROPER NO. TWELVE,0.4,,True,"['BCL Select', 'On Sale']",C,,,IE,,Irish Whiskey,Whisky / Whiskey,False,False,0,71.99,,,,,proper no. twelve,,2024-03-31T00:00:00.000-07:00,,Spirits,"[{'id': 'empty-placeholder', 'label': '&nbsp;', 'labelLengthWithoutTags': 1}, {'id': 'exclusive', 'label': 'ONLY@BCL', 'labelLengthWithoutTags': 8}]",True,,,1004,1024,1287,1589.0,74446.92,0.7000000000000001,117.1285714285714,0.3434343434343434
1100,bcls,product,186329,0.35400322,PROPER NO. TWELVE - IRISH WHISKEY,,,Whisky,,[],True,38.49,,,2024-03-03T00:00:00.000-08:00,,,2024-03-03T00:00:00.000-08:00,['On Sale'],2024-03-31T00:00:00.000-07:00,,186329,True,[],,1422,2024-03-11 19:10:01,,1,['00811538019569'],False,,0.75,[],PROPER NO. TWELVE - IRISH WHISKEY,,Ireland,False,,2,2,,,False,98.0, IRISH WHISKEY,0.4,,False,['On Sale'],SR,,PROPER NO. TWELVE ,IE,,Irish Whiskey,Whisky / Whiskey,False,False,0,36.49,,,,,proper no. twelve - irish whiskey,,2024-03-31T00:00:00.000-07:00,,Spirits,[],True,,,1004,1024,1287,1066.5,54732.780000000006,0.30000000000000004,128.29999999999998,0.494949494949495
1101,bcls,product,67234,0.3639408,PROSPERO - BLANCO TEQUILA,,,Tequila,,[],,89.99,,,,,,,[],,,67234,,[],,188,2024-03-11 19:10:01,,1,['00736040544234'],False,,0.75,[],PROSPERO - BLANCO TEQUILA,,Mexico,False,,3,3,,,False,44.0, BLANCO TEQUILA,0.4,,False,[],SM,,PROSPERO ,MX,,Blanco/Silver Tequila,Tequila,False,False,0,89.99,,,,,prospero - blanco tequila,,,,Spirits,[],True,,,1004,1022,1270,141.0,16918.12,0.30000000000000004,299.9666666666666,0.2222222222222222
1102,bcls,product,530887,0.3639408,RABBIT HOLE - CAVEHILL,,,Whisky,,[],,77.99,,,,,,,[],,,530887,,[],,368,2024-03-11 19:10:01,,1,['00865674000165'],False,,0.75,[],RABBIT HOLE - CAVEHILL,,USA,False,,2,2,,,False,53.0, CAVEHILL,0.475,,False,[],SH,,RABBIT HOLE ,US,,Bourbon Whiskey,Whisky / Whiskey,False,False,0,77.99,,,,,rabbit hole - cavehill,,,,Spirits,[],True,,,1004,1024,1284,276.0,28700.32,0.35624999999999996,218.91929824561404,0.2676767676767677
1103,bcls,product,530890,0.3639408,RABBIT HOLE - DARERINGER,,,Whisky,,[],,100.99,,,,,,,[],,,530890,,[],,329,2024-03-11 19:10:01,,1,['00856581006142'],False,,0.75,[],RABBIT HOLE - DARERINGER,,USA,False,,2,2,,,False,44.0, DARERINGER,0.465,,False,[],SH,,RABBIT HOLE ,US,,Bourbon Whiskey,Whisky / Whiskey,False,False,0,100.99,,,,,rabbit hole - dareringer,,,,Spirits,[],True,,,1004,1024,1284,246.75,33225.71,0.34875,289.5770609318996,0.2222222222222222
1104,bcls,product,356025,0.35400322,RABBIT HOLE - HEIGOLD,,,Whisky,,[],,79.99,,,,,,,[],,,356025,,[],,19,2024-03-11 19:10:01,,1,['00856581006043'],False,,0.75,[],RABBIT HOLE - HEIGOLD,,USA,False,,3,3,,,False,7.0, HEIGOLD,0.475,,False,[],SM,,RABBIT HOLE ,US,,Bourbon Whiskey,Whisky / Whiskey,False,False,0,79.99,,,,,rabbit hole - heigold,,,,Spirits,[],True,,,1004,1024,1284,14.25,1519.81,0.35624999999999996,224.53333333333336,0.03535353535353535
1105,bcls,product,223068,0.3639408,RADEMON ESTATE - SHORTCROSS GIN,,,Gin,,[],,54.99,,,,,,,[],,,223068,,[],,66,2024-03-11 19:10:01,,1,"['05060537700359', '05060537700083']",False,,0.75,[],RADEMON ESTATE - SHORTCROSS GIN,,Ireland,False,,2,2,,,False,12.0, SHORTCROSS GIN,0.46,,False,[],ST,,RADEMON ESTATE ,IE,,Dry Gin,Gin,False,False,0,54.99,,,,,rademon estate - shortcross gin,,,,Spirits,[],True,,,1004,1017,1168,49.5,3629.34,0.34500000000000003,159.3913043478261,0.06060606060606061
1106,bcls,product,387492,0.35400322,REBEL YELL - 10 YEAR OLD SINGLE BARREL,,,Whisky,,[],,129.99,,,,,,,['BCL Select'],,,387492,,[],,9,2024-03-11 19:10:01,,1,['00088352131238'],False,,0.75,[],REBEL YELL - 10 YEAR OLD SINGLE BARREL,,USA,False,,3,3,,,False,2.0, 10 YEAR OLD SINGLE BARREL,0.5,,True,['BCL Select'],C,,REBEL YELL ,US,,Bourbon Whiskey,Whisky / Whiskey,False,False,0,129.99,,,,,rebel yell - 10 year old single barrel,,,,Spirits,"[{'id': 'empty-placeholder', 'label': '&nbsp;', 'labelLengthWithoutTags': 1}, {'id': 'exclusive', 'label': 'ONLY@BCL', 'labelLengthWithoutTags': 8}]",True,,,1004,1024,1284,6.75,1169.91,0.375,346.64000000000004,0.010101010101010102
1107,bcls,product,375937,0.3639408,RED BANK - CANADIAN WHISKY,,,Whisky,,[],,49.99,,,,,,,[],,,375937,,[],,995,2024-03-11 19:10:01,,1,['00628098040007'],False,,0.75,[],RED BANK - CANADIAN WHISKY,,Canada,False,,2,2,,,False,86.0, CANADIAN WHISKY,0.4,,False,[],SH,,RED BANK ,CA,,Canadian Whisky,Whisky / Whiskey,False,False,0,49.99,,,,,red bank - canadian whisky,,,,Spirits,[],True,,,1004,1024,1285,746.25,49740.05,0.30000000000000004,166.63333333333333,0.43434343434343436
1108,bcls,product,24729,0.35400322,RED STAR ER GUO TOU,,,Asian Spirits,,[],,20.99,,,,,,,[],,,24729,,[],,1837,2024-03-11 19:10:01,,1,['06906785230868'],False,,0.5,[],RED STAR ER GUO TOU,,China,False,,2,2,,,False,92.0,RED STAR ER GUO TOU,0.56,,False,[],SR,,,CN,,China Spirits,Other Spirits,False,False,0,20.99,,,,,red star er guo tou,,,,Spirits,[],True,,,1004,1016,1064,918.5,38558.63,0.28,74.96428571428571,0.46464646464646464
1109,bcls,product,80648,0.3639408,RED TASSEL,,,Vodka,,[],,51.99,,,,,,,[],,,80648,,[],,754,2024-03-11 19:10:01,,1,"['00048415345873', '00088004400033']",False,,1.75,[],RED TASSEL,,Canada,False,,2,2,,,False,83.0,RED TASSEL,0.4,,False,[],SR,,,CA,,Straight Vodka,Vodka,False,False,0,51.99,,,,,red tassel,,,,Spirits,[],True,,,1004,1023,1281,1319.5,39200.46,0.7000000000000001,74.27142857142857,0.41919191919191917
1110,bcls,product,339864,0.3639408,RED TASSEL VODKA,,,Vodka,,[],,1.99,,,,,,,['BCL Select'],,,339864,,[],,6654,2024-03-11 19:10:01,,1,['00088004053123'],False,,0.05,[],RED TASSEL VODKA,,Canada,False,,2,2,,,False,68.0,RED TASSEL VODKA,0.4,,True,['BCL Select'],C,,,CA,,Straight Vodka,Vodka,False,False,0,1.99,,,,,red tassel vodka,,,,Spirits,"[{'id': 'empty-placeholder', 'label': '&nbsp;', 'labelLengthWithoutTags': 1}, {'id': 'exclusive', 'label': 'ONLY@BCL', 'labelLengthWithoutTags': 8}]",True,,,1004,1023,1281,332.70000000000005,13241.46,0.020000000000000004,99.49999999999999,0.3434343434343434
1111,bcls,product,258137,0.35400322,REDBREAST - 15 YEAR OLD SINGLE POT STILL,,,Whisky,,[],,164.99,,,,,,,[],,,258137,,[],,251,2024-03-11 19:10:01,,1,['00080432106419'],False,,0.75,[],REDBREAST - 15 YEAR OLD SINGLE POT STILL,,Ireland,False,,2,2,,,False,35.0, 15 YEAR OLD SINGLE POT STILL,0.46,,False,[],ST,,REDBREAST ,IE,,Irish Whiskey,Whisky / Whiskey,False,False,0,164.99,,,,,redbreast - 15 year old single pot still,,,,Spirits,[],True,,,1004,1024,1287,188.25,41412.490000000005,0.34500000000000003,478.231884057971,0.17676767676767677
1112,bcls,product,260299,0.3639408,REDBREAST - 21 YEAR OLD SINGLE POT STILL,,,Whisky,,[],,365.0,,,,,,,[],,,260299,,[],,2,2024-03-11 19:10:01,,1,['00080432108321'],False,,0.75,[],REDBREAST - 21 YEAR OLD SINGLE POT STILL,,Ireland,False,,3,3,,,False,2.0, 21 YEAR OLD SINGLE POT STILL,0.46,,False,[],ST,,REDBREAST ,IE,,Irish Whiskey,Whisky / Whiskey,False,False,0,365.0,,,,,redbreast - 21 year old single pot still,,,,Spirits,[],True,,,1004,1024,1287,1.5,730.0,0.34500000000000003,1057.9710144927535,0.010101010101010102
1113,bcls,product,199816,0.3639408,REDBREAST - LUSTAU IRISH WHISKEY,,,Whisky,,[],,109.99,,,,,,,[],,,199816,,[],,22,2024-03-11 19:10:01,,1,['00080432110751'],False,,0.75,[],REDBREAST - LUSTAU IRISH WHISKEY,,Ireland,False,,2,2,,,False,8.0, LUSTAU IRISH WHISKEY,0.46,,False,[],SM,,REDBREAST ,IE,,Irish Whiskey,Whisky / Whiskey,False,False,0,109.99,,,,,redbreast - lustau irish whiskey,,,,Spirits,[],True,,,1004,1024,1287,16.5,2419.7799999999997,0.34500000000000003,318.8115942028985,0.04040404040404041
1114,bcls,product,636845,0.35400322,REDBREAST 12 YEAR OLD SINGLE POT STILL,,,Whisky,,[],,91.99,,,,,,,[],,,636845,,[],,1551,2024-03-11 19:10:01,,1,"['00080432586174', '00464154293204']",False,,0.75,[],REDBREAST 12 YEAR OLD SINGLE POT STILL,,Ireland,False,,2,2,,,False,130.0,REDBREAST 12 YEAR OLD SINGLE POT STILL,0.4,,False,[],SR,,,IE,,Irish Whiskey,Whisky / Whiskey,False,False,0,91.99,,,,,redbreast 12 year old single pot still,,,,Spirits,[],True,,,1004,1024,1287,1163.25,142676.49,0.30000000000000004,306.63333333333327,0.6565656565656566
1115,bcls,product,250013,0.35400322,REIFEL RYE - CANADIAN WHISKY,,,Whisky,,[],,43.99,,,,,,,[],,,250013,,[],,939,2024-03-11 19:10:01,,1,['00080686828013'],False,,0.75,[],REIFEL RYE - CANADIAN WHISKY,,Canada,False,,2,2,,,False,102.0, CANADIAN WHISKY,0.42,,False,[],SH,,REIFEL RYE ,CA,,Canadian Whisky,Whisky / Whiskey,False,False,0,43.99,,,,,reifel rye - canadian whisky,,,,Spirits,[],True,,,1004,1024,1285,704.25,41306.61,0.315,139.65079365079364,0.5151515151515151
1116,bcls,product,330371,0.3639408,REMUS REPEAL - RESERVE BOURBON SERIES VII,,,Whisky,,[],,164.99,,,,,,,['BCL Select'],,,330371,,[],,69,2024-03-11 19:10:01,,1,['00088352140209'],False,,0.75,[],REMUS REPEAL - RESERVE BOURBON SERIES VII,,USA,False,,3,3,,,False,9.0, RESERVE BOURBON SERIES VII,0.5,,True,['BCL Select'],C,,REMUS REPEAL ,US,,American Whiskey,Whisky / Whiskey,False,False,0,164.99,,,,,remus repeal - reserve bourbon series vii,,,,Spirits,"[{'id': 'empty-placeholder', 'label': '&nbsp;', 'labelLengthWithoutTags': 1}, {'id': 'exclusive', 'label': 'ONLY@BCL', 'labelLengthWithoutTags': 8}]",True,,,1004,1024,1282,51.75,11384.310000000001,0.375,439.97333333333336,0.045454545454545456
1117,bcls,product,928234,0.3639408,REMY MARTIN - 1738 ACCORD ROYAL,,,Grape and Fruit Brandy,,[],,143.99,,,,,,,[],,,928234,,[],,240,2024-03-11 19:10:01,,1,"['00087236002114', '03024480008605']",False,,0.75,[],REMY MARTIN - 1738 ACCORD ROYAL,,France,False,,2,2,,,False,37.0, 1738 ACCORD ROYAL,0.4,,False,[],SR,,REMY MARTIN ,FR,,Cognac,Cognac,False,False,0,143.99,,,,,remy martin - 1738 accord royal,,,,Spirits,[],True,,,1004,1018,1172,180.0,34557.600000000006,0.30000000000000004,479.96666666666664,0.18686868686868688
1118,bcls,product,67090,0.35400322,REMY MARTIN - GRANDE CHAMPAGNE LOUIS XIII,,,Grape and Fruit Brandy,,[],,4500.0,,,,,,,[],,,67090,,[],,96,2024-03-11 19:10:01,,1,"['03024480007974', '03024480006793', '03024480002191', '03024484370197']",False,,0.7,[],REMY MARTIN - GRANDE CHAMPAGNE LOUIS XIII,,France,False,,2,2,,,False,45.0, GRANDE CHAMPAGNE LOUIS XIII,0.4,,False,[],SR,,REMY MARTIN ,FR,,Cognac,Cognac,False,False,0,4500.0,,,,,remy martin - grande champagne louis xiii,,,,Spirits,[],True,,,1004,1018,1172,67.19999999999999,432000.0,0.27999999999999997,16071.428571428572,0.22727272727272727
1119,bcls,product,680744,0.3639408,REMY MARTIN - GRANDE CHAMPAGNE LOUIS XIII LE JEROBOAM,,,Grape and Fruit Brandy,,[],,35800.0,,,,,,,[],,,680744,,[],,1,2024-03-11 19:10:01,,1,['03024480008568'],False,,3.0,[],REMY MARTIN - GRANDE CHAMPAGNE LOUIS XIII LE JEROBOAM,,France,False,,2,2,,,False,1.0, GRANDE CHAMPAGNE LOUIS XIII LE JEROBOAM,0.4,,False,[],SM,,REMY MARTIN ,FR,,Cognac,Cognac,False,False,0,35800.0,,,,,remy martin - grande champagne louis xiii le jeroboam,,,,Spirits,[],True,,,1004,1018,1172,3.0,35800.0,1.2000000000000002,29833.33333333333,0.005050505050505051
1120,bcls,product,248966,0.3639408,REMY MARTIN - LOUIS XIII RARE CASK 42.1,,,Grape and Fruit Brandy,,[],,78500.0,,,,,,,['BCL Select'],,,248966,,[],,1,2024-03-11 19:10:01,,1,['03024480016167'],False,,0.7,[],REMY MARTIN - LOUIS XIII RARE CASK 42.1,,France,False,,2,2,,,False,1.0, LOUIS XIII RARE CASK 42.1,0.42100000000000004,,True,['BCL Select'],C,,REMY MARTIN ,FR,,Cognac,Cognac,False,False,0,78500.0,,,,,remy martin - louis xiii rare cask 42.1,,,,Spirits,"[{'id': 'empty-placeholder', 'label': '&nbsp;', 'labelLengthWithoutTags': 1}, {'id': 'exclusive', 'label': 'ONLY@BCL', 'labelLengthWithoutTags': 8}]",True,,,1004,1018,1172,0.7,78500.0,0.2947,266372.58228707156,0.005050505050505051
1121,bcls,product,4101,0.3639408,REMY MARTIN - V.S.O.P. FINE CHAMPAGNE,,,Grape and Fruit Brandy,,[],,108.99,,,,,,,[],,,4101,,[],,1947,2024-03-11 19:10:01,,1,"['03024480004928', '00087236700621', '03024482270123', '00087236001162']",False,,0.75,[],REMY MARTIN - V.S.O.P. FINE CHAMPAGNE,,France,False,,2,2,,,False,139.0, V.S.O.P. FINE CHAMPAGNE,0.4,,False,[],SR,,REMY MARTIN ,FR,,Cognac,Cognac,False,False,0,108.99,,,,,remy martin - v.s.o.p. fine champagne,,,,Spirits,[],True,,,1004,1018,1172,1460.25,212203.53,0.30000000000000004,363.29999999999995,0.702020202020202
1122,bcls,product,583468,0.35400322,REMY MARTIN - X.O. FINE CHAMPAGNE EXCELLENCE,,,Grape and Fruit Brandy,,[],,351.99,,,,,,,[],,,583468,,[],,836,2024-03-11 19:10:01,,1,"['03024480006076', '00087236002381', '00087236002336', '00087236003371', '03024480004522']",False,,0.75,[],REMY MARTIN - X.O. FINE CHAMPAGNE EXCELLENCE,,France,False,,2,2,,,False,113.0, X.O. FINE CHAMPAGNE EXCELLENCE,0.4,,False,[],SR,,REMY MARTIN ,FR,,Cognac,Cognac,False,False,0,351.99,,,,,remy martin - x.o. fine champagne excellence,,,,Spirits,[],True,,,1004,1018,1172,627.0,294263.64,0.30000000000000004,1173.3,0.5707070707070707
1123,bcls,product,445765,0.3639408,REVEL STOKE - SON OF A PEACH,,,Whisky,,[],True,27.99,,,2024-03-03T00:00:00.000-08:00,,,2024-03-03T00:00:00.000-08:00,['On Sale'],2024-03-31T00:00:00.000-07:00,,445765,True,[],,545,2024-03-11 19:10:01,,1,"['00087116004016', '00087116009271']",False,,0.75,[],REVEL STOKE - SON OF A PEACH,,USA,False,,3,3,,,False,53.0, SON OF A PEACH,0.35,,False,['On Sale'],SH,,REVEL STOKE ,US,,Flavoured Whisky,Whisky / Whiskey,False,False,0,25.99,,,,,revel stoke - son of a peach,,2024-03-31T00:00:00.000-07:00,,Spirits,[],True,,,1004,1024,1286,408.75,15254.55,0.26249999999999996,106.62857142857145,0.2676767676767677
1124,bcls,product,165654,0.35400322,RITTENHOUSE - STRAIGHT RYE WHISKEY 100 PROOF,,,Whisky,,[],True,62.99,,,2024-03-03T00:00:00.000-08:00,,,2024-03-03T00:00:00.000-08:00,['On Sale'],2024-03-31T00:00:00.000-07:00,,165654,True,[],,553,2024-03-11 19:10:01,,1,['00096749702756'],False,,0.75,[],RITTENHOUSE - STRAIGHT RYE WHISKEY 100 PROOF,,USA,False,,2,2,,,False,48.0, STRAIGHT RYE WHISKEY 100 PROOF,0.5,,False,['On Sale'],SR,,RITTENHOUSE ,US,,American Whiskey,Whisky / Whiskey,False,False,0,57.99,,,,,rittenhouse - straight rye whiskey 100 proof,,2024-03-31T00:00:00.000-07:00,,Spirits,[],True,,,1004,1024,1282,414.75,34833.47,0.375,167.97333333333333,0.24242424242424243
1125,bcls,product,254549,0.35400322,ROCK ISLAND - 14 YEAR OLD SHERRY BLENDED MALT DOUGLAS LAING,,,Whisky,,[],,119.99,,,,,,,['BCL Select'],,,254549,,[],,17,2024-03-11 19:10:01,,1,['05014218823110'],False,,0.7,[],ROCK ISLAND - 14 YEAR OLD SHERRY BLENDED MALT DOUGLAS LAING,,United Kingdom,False,,3,3,,,False,6.0, 14 YEAR OLD SHERRY BLENDED MALT DOUGLAS LAING,0.46799999999999997,,True,['BCL Select'],C,,ROCK ISLAND ,GB,,Blended Malt Scotch Whisky,Whisky / Whiskey,False,False,0,119.99,,,,,rock island - 14 year old sherry blended malt douglas laing,,,,Spirits,"[{'id': 'empty-placeholder', 'label': '&nbsp;', 'labelLengthWithoutTags': 1}, {'id': 'exclusive', 'label': 'ONLY@BCL', 'labelLengthWithoutTags': 8}]",True,,,1004,1024,1291,11.899999999999999,2039.83,0.32759999999999995,366.2698412698413,0.030303030303030304
1126,bcls,product,125977,0.35400322,ROCK TOWN - ARKANSAS RYE WHISKEY,,,Whisky,,[],,100.99,,,,,,,['BCL Select'],,,125977,,[],,2,2024-03-11 19:10:01,,1,['00858495002265'],False,,0.75,[],ROCK TOWN - ARKANSAS RYE WHISKEY,,USA,False,,3,3,,,False,1.0, ARKANSAS RYE WHISKEY,0.46,,True,['BCL Select'],C,,ROCK TOWN ,US,,American Whiskey,Whisky / Whiskey,False,False,1,100.99,,,,,rock town - arkansas rye whiskey,,,,Spirits,"[{'id': 'empty-placeholder', 'label': '&nbsp;', 'labelLengthWithoutTags': 1}, {'id': 'exclusive', 'label': 'ONLY@BCL', 'labelLengthWithoutTags': 8}]",True,,,1004,1024,1282,1.5,201.98,0.34500000000000003,292.7246376811594,0.005050505050505051
1127,bcls,product,282801,0.35400322,ROCK TOWN - COLUMN STILL TOASTED FRENCH OAK STRAIGHT BOURBON,,,Whisky,,[],,161.99,,,,,,,[],,,282801,,[],,115,2024-03-11 19:10:01,,1,['00850024325319'],False,,0.75,[],ROCK TOWN - COLUMN STILL TOASTED FRENCH OAK STRAIGHT BOURBON,,USA,False,,3,3,,,False,19.0, COLUMN STILL TOASTED FRENCH OAK STRAIGHT BOURBON,0.5,,False,[],SM,,ROCK TOWN ,US,,Bourbon Whiskey,Whisky / Whiskey,False,False,0,161.99,,,,,rock town - column still toasted french oak straight bourbon,,,,Spirits,[],True,,,1004,1024,1284,86.25,18628.850000000002,0.375,431.97333333333336,0.09595959595959595
1128,bcls,product,416894,0.3639408,ROE AND CO - BLENDED IRISH WHISKEY,,,Whisky,,[],True,47.99,,,2024-03-03T00:00:00.000-08:00,,,2024-03-03T00:00:00.000-08:00,['On Sale'],2024-03-31T00:00:00.000-07:00,,416894,True,[],,1033,2024-03-11 19:10:01,,1,['00088076183650'],False,,0.75,[],ROE AND CO - BLENDED IRISH WHISKEY,,Ireland,False,,2,2,,,False,89.0, BLENDED IRISH WHISKEY,0.45,,False,['On Sale'],SH,,ROE AND CO ,IE,,Irish Whiskey,Whisky / Whiskey,False,False,0,46.99,,,,,roe and co - blended irish whiskey,,2024-03-31T00:00:00.000-07:00,,Spirits,[],True,,,1004,1024,1287,774.75,49573.670000000006,0.3375,142.19259259259258,0.4494949494949495
1129,bcls,product,211842,0.3639408,ROKU GIN,,,Gin,,[],,50.99,,,,,,,[],,,211842,,[],,995,2024-03-11 19:10:01,,1,"['00080686004998', '00080686958031']",False,,0.75,[],ROKU GIN,,Japan,False,,2,2,,,False,114.0,ROKU GIN,0.43,,False,[],SR,,,JP,,Other Gin,Gin,False,False,0,50.99,,,,,roku gin,,,,Spirits,[],True,,,1004,1017,1169,746.25,50735.05,0.3225,158.10852713178295,0.5757575757575758
1130,bcls,product,464222,0.35400322,RON MATUSALEM - 15 YEAR SOLERA GRAN RESERVA,,,Rum,,[],,41.99,,,,,,,[],,,464222,,[],,541,2024-03-11 19:10:01,,1,"['00811538017039', '00721059187503', '00766094010041']",False,,0.75,[],RON MATUSALEM - 15 YEAR SOLERA GRAN RESERVA,,Dominican Republic,False,,2,2,,,False,69.0, 15 YEAR SOLERA GRAN RESERVA,0.4,,False,[],SR,,RON MATUSALEM ,DO,,Amber Rum,Rum,False,False,0,41.99,,,,,ron matusalem - 15 year solera gran reserva,,,,Spirits,[],True,,,1004,1021,1252,405.75,22716.59,0.30000000000000004,139.96666666666664,0.3484848484848485
1131,bcls,product,129990,0.35400322,RON MATUSALEM - GRAN RESERVA 23,,,Rum,,[],,82.99,,,,,,,[],,,129990,,[],,202,2024-03-11 19:10:01,,1,['00811538013598'],False,,0.75,[],RON MATUSALEM - GRAN RESERVA 23,,Dominican Republic,False,,3,3,,,False,42.0, GRAN RESERVA 23,0.4,,False,[],SH,,RON MATUSALEM ,DO,,Amber Rum,Rum,False,False,0,82.99,,,,,ron matusalem - gran reserva 23,,,,Spirits,[],True,,,1004,1021,1252,151.5,16763.98,0.30000000000000004,276.63333333333327,0.21212121212121213
1132,bcls,product,152645,0.35400322,RON ZACAPA - 23 YEAR SOLERA GRAN RESERVA GUATEMALA,,,Rum,,[],,86.99,,,,,,,[],,,152645,,[],,768,2024-03-11 19:10:01,,1,['00699013000550'],False,,0.75,[],RON ZACAPA - 23 YEAR SOLERA GRAN RESERVA GUATEMALA,,Guatemala,False,,2,2,,,False,121.0, 23 YEAR SOLERA GRAN RESERVA GUATEMALA,0.4,,False,[],SR,,RON ZACAPA ,GT,,Dark Rum,Rum,False,False,0,86.99,,,,,ron zacapa - 23 year solera gran reserva guatemala,,,,Spirits,[],True,,,1004,1021,1253,576.0,66808.31999999999,0.30000000000000004,289.9666666666666,0.6111111111111112
1133,bcls,product,127285,0.3639408,RON ZACAPA - EDICION NEGRA,,,Rum,,[],,98.99,,,,,,,[],,,127285,,[],,220,2024-03-11 19:10:01,,1,['00699013000956'],False,,0.75,[],RON ZACAPA - EDICION NEGRA,,Guatemala,False,,3,3,,,False,32.0, EDICION NEGRA,0.43,,False,[],SH,,RON ZACAPA ,GT,,Dark Rum,Rum,False,False,0,98.99,,,,,ron zacapa - edicion negra,,,,Spirits,[],True,,,1004,1021,1253,165.0,21777.8,0.3225,306.9457364341085,0.16161616161616163
1134,bcls,product,257226,0.3639408,ROOT BEER - DR. MCGILLICUDDY'S,,,Liqueurs,,[],,19.99,,,,,,,['BCL Select'],,,257226,,[],,1279,2024-03-11 19:10:01,,1,"['00088004044725', '00088004009601', '00088004009625']",False,,0.75,[],ROOT BEER - DR. MCGILLICUDDY'S,,Canada,False,,2,2,,,False,102.0, DR. MCGILLICUDDY'S,0.21,,True,['BCL Select'],C,,ROOT BEER ,CA,,Whiskey Liqueurs,Liqueurs,False,False,0,19.99,,,,,root beer - dr. mcgillicuddys,,,,Spirits,"[{'id': 'empty-placeholder', 'label': '&nbsp;', 'labelLengthWithoutTags': 1}, {'id': 'exclusive', 'label': 'ONLY@BCL', 'labelLengthWithoutTags': 8}]",True,,,1004,1019,1214,959.25,25567.21,0.1575,126.92063492063491,0.5151515151515151
1135,bcls,product,235534,0.35400322,ROSEISLE - 12 YO SPECIAL RELEASE 2023,,,Whisky,,[],,189.99,,,,,,,['BCL Select'],,,235534,,[],,97,2024-03-11 19:10:01,Speyside,1,['00088076188785'],False,,0.75,[],ROSEISLE - 12 YO SPECIAL RELEASE 2023,,United Kingdom,False,Scotland,3,3,,,False,16.0, 12 YO SPECIAL RELEASE 2023,0.565,,True,['BCL Select'],C,,ROSEISLE ,GB,,Single Malt Scotch Whisky,Whisky / Whiskey,False,False,0,189.99,,,,,roseisle - 12 yo special release 2023,,,,Spirits,"[{'id': 'empty-placeholder', 'label': '&nbsp;', 'labelLengthWithoutTags': 1}, {'id': 'exclusive', 'label': 'ONLY@BCL', 'labelLengthWithoutTags': 8}]",True,,,1004,1024,1289,72.75,18429.030000000002,0.42374999999999996,448.35398230088504,0.08080808080808081
1136,bcls,product,353987,0.3639408,ROSSI D'ASIAGO - LIMONCELLO,,,Liqueurs,,['Only@BCL'],,27.99,,,,,,,['BCL Select'],,,353987,,['Only@BCL'],,2483,2024-03-11 19:10:01,,1,['08004747634087'],False,,0.75,[],ROSSI D'ASIAGO - LIMONCELLO,,Italy,False,,2,2,,,False,198.0, LIMONCELLO,0.32,,True,['BCL Select'],C,,ROSSI D'ASIAGO ,IT,,Fruit Liqueurs,Liqueurs,False,False,0,27.99,,,"[{'urlAlias': '/promotion/only-at-bcl', 'name': 'Only@BCL', 'promoCode': '2020BCLSELECT', 'published': True, 'shortName': ''}]","[{'urlAlias': '/promotion/only-at-bcl', 'name': 'Only@BCL', 'promoCode': '2020BCLSELECT', 'published': True, 'shortName': ''}]",rossi dasiago - limoncello,,,,Spirits,"[{'id': 'featured', 'label': 'FEATURED', 'labelLengthWithoutTags': 8}, {'id': 'exclusive', 'label': 'ONLY@BCL', 'labelLengthWithoutTags': 8}]",True,,,1004,1019,1211,1862.25,69499.17,0.24,116.625,1.0
1137,bcls,product,880674,0.3639408,ROYAL DRAGON IMPERIAL VODKA WITH 23 CARAT GOLD LEAVES,,,Vodka,,[],,109.99,,,,,,,['BCL Select'],,,880674,,[],,529,2024-03-11 19:10:01,,1,['04897038110414'],False,,0.75,[],ROYAL DRAGON IMPERIAL VODKA WITH 23 CARAT GOLD LEAVES,,Lithuania,False,,2,2,,,False,60.0,ROYAL DRAGON IMPERIAL VODKA WITH 23 CARAT GOLD LEAVES,0.4,,True,['BCL Select'],C,,,LT,,Straight Vodka,Vodka,False,False,0,109.99,,,,,royal dragon imperial vodka with 23 carat gold leaves,,,,Spirits,"[{'id': 'empty-placeholder', 'label': '&nbsp;', 'labelLengthWithoutTags': 1}, {'id': 'exclusive', 'label': 'ONLY@BCL', 'labelLengthWithoutTags': 8}]",True,,,1004,1023,1281,396.75,58184.71,0.30000000000000004,366.63333333333327,0.30303030303030304
1138,bcls,product,167844,0.35400322,ROYAL STAG - BARREL SELECT,,,Whisky,,[],,28.99,,,,,,,['BCL Select'],,,167844,,[],,38,2024-03-11 19:10:01,,1,['00000089005439'],False,,0.75,[],ROYAL STAG - BARREL SELECT,,India,False,,2,2,,,False,12.0, BARREL SELECT,0.428,,True,['BCL Select'],C,,ROYAL STAG ,IN,,Other Country Whisky,Whisky / Whiskey,False,False,0,28.99,,,,,royal stag - barrel select,,,,Spirits,"[{'id': 'empty-placeholder', 'label': '&nbsp;', 'labelLengthWithoutTags': 1}, {'id': 'exclusive', 'label': 'ONLY@BCL', 'labelLengthWithoutTags': 8}]",True,,,1004,1024,1288,28.5,1101.62,0.321,90.31152647975077,0.06060606060606061
1139,bcls,product,432209,0.35400322,RUMCHATA - PEPPERMINT BARK,,,Liqueurs,,[],True,37.99,,,2024-03-03T00:00:00.000-08:00,,,2024-03-03T00:00:00.000-08:00,['On Sale'],2024-03-31T00:00:00.000-07:00,,432209,True,[],,1080,2024-03-11 19:10:01,,1,['00890355001551'],False,,0.75,[],RUMCHATA - PEPPERMINT BARK,,USA,False,,3,3,,,False,75.0, PEPPERMINT BARK,0.14,,False,['On Sale'],ST,,RUMCHATA ,US,,Cream/Dairy Liqueurs,Liqueurs,False,False,0,34.97,,,,,rumchata - peppermint bark,,2024-03-31T00:00:00.000-07:00,,Spirits,[],True,,,1004,1019,1210,810.0,41029.200000000004,0.10500000000000001,361.8095238095238,0.3787878787878788
1140,bcls,product,560672,0.3639408,RUMCHATA CREAM,,,Liqueurs,,[],True,44.99,,,2024-03-03T00:00:00.000-08:00,,,2024-03-03T00:00:00.000-08:00,['On Sale'],2024-03-31T00:00:00.000-07:00,,560672,True,[],,2255,2024-03-11 19:10:01,,1,"['00890355001025', '00890355051198']",False,,0.75,[],RUMCHATA CREAM,,USA,False,,2,2,,,False,175.0,RUMCHATA CREAM,0.13699999999999998,,False,['On Sale'],SR,,,US,,Cream/Dairy Liqueurs,Liqueurs,False,False,0,41.99,,,,,rumchata cream,,2024-03-31T00:00:00.000-07:00,,Spirits,[],True,,,1004,1019,1210,1691.25,101452.45000000001,0.10274999999999998,437.8588807785889,0.8838383838383839
1141,bcls,product,266767,0.35400322,RUSSELL'S RESERVE - 10 YEAR OLD SMALL BATCH  BOURBON,,,Whisky,,[],,55.99,,,,,,,[],,,266767,,[],,322,2024-03-11 19:10:01,,1,"['00080432565179', '00721059957502']",False,,0.75,[],RUSSELL'S RESERVE - 10 YEAR OLD SMALL BATCH  BOURBON,,USA,False,,2,2,,,False,49.0, 10 YEAR OLD SMALL BATCH  BOURBON,0.45,,False,[],SR,,RUSSELL'S RESERVE ,US,,Bourbon Whiskey,Whisky / Whiskey,False,False,0,55.99,,,,,russells reserve - 10 year old small batch  bourbon,,,,Spirits,[],True,,,1004,1024,1284,241.5,18028.78,0.3375,165.8962962962963,0.2474747474747475
1142,bcls,product,237680,0.3639408,RYUJIN - JAPANESE WHISKY,,,Whisky,,[],,189.99,,,,,,,[],,,237680,,[],,2,2024-03-11 19:10:01,,1,['00785571933185'],False,,0.75,[],RYUJIN - JAPANESE WHISKY,,Japan,False,,2,2,,,False,1.0, JAPANESE WHISKY,0.4,,False,[],SM,,RYUJIN ,JP,,Other Country Whisky,Whisky / Whiskey,False,False,0,189.99,,,,,ryujin - japanese whisky,,,,Spirits,[],True,,,1004,1024,1288,1.5,379.98,0.30000000000000004,633.3,0.005050505050505051
1143,bcls,product,413581,0.35400322,SAGAMORE SPIRIT - CASK STRENGTH RYE WHISKEY,,,Whisky,,[],,121.99,,,,,,,[],,,413581,,[],,28,2024-03-11 19:10:01,,1,['00864784000164'],False,,0.75,[],SAGAMORE SPIRIT - CASK STRENGTH RYE WHISKEY,,USA,False,,3,3,,,False,6.0, CASK STRENGTH RYE WHISKEY,0.561,,False,[],SM,,SAGAMORE SPIRIT ,US,,American Whiskey,Whisky / Whiskey,False,False,0,121.99,,,,,sagamore spirit - cask strength rye whiskey,,,,Spirits,[],True,,,1004,1024,1282,21.0,3415.72,0.42075000000000007,289.9346405228758,0.030303030303030304
1144,bcls,product,432925,0.35400322,SAIGON BAIGUR - GIN,,,Gin,,[],,64.99,,,,,,,[],,,432925,,[],,391,2024-03-11 19:10:01,,1,['08936188540033'],False,,0.7,[],SAIGON BAIGUR - GIN,,Vietnam,False,,2,2,,,False,62.0, GIN,0.43,,False,[],SH,,SAIGON BAIGUR ,VN,,Dry Gin,Gin,False,False,0,64.99,,,,,saigon baigur - gin,,,,Spirits,[],True,,,1004,1017,1168,273.7,25411.089999999997,0.301,215.91362126245846,0.31313131313131315
1145,bcls,product,786376,0.3639408,SAILOR JERRY - SPICED NAVY,,,Rum,,[],,47.49,,,,,,,[],,,786376,,[],,1644,2024-03-11 19:10:01,,1,"['00083664873333', '00083664871384']",False,,1.14,[],SAILOR JERRY - SPICED NAVY,,Virgin Islands,False,,2,2,,,False,188.0, SPICED NAVY,0.46,,False,[],SR,,SAILOR JERRY ,VI,,Spiced Rum,Rum,False,False,0,47.49,,,,,sailor jerry - spiced navy,,,,Spirits,[],True,,,1004,1021,1255,1874.1599999999999,78073.56,0.5244,90.56064073226545,0.9494949494949495
1146,bcls,product,786988,0.3639408,SAILOR JERRY - SPICED NAVY,,,Rum,,[],,34.49,,,,,,,[],,,786988,,[],,2394,2024-03-11 19:10:01,,1,"['00083664864461', '00083664873319']",False,,0.75,[],SAILOR JERRY - SPICED NAVY,,Virgin Islands,False,,2,2,,,False,197.0, SPICED NAVY,0.46,,False,[],SR,,SAILOR JERRY ,VI,,Spiced Rum,Rum,False,False,0,34.49,,,,,sailor jerry - spiced navy,,,,Spirits,[],True,,,1004,1021,1255,1795.5,82569.06,0.34500000000000003,99.97101449275362,0.9949494949494949
1147,bcls,product,466891,0.3639408,SAILOR JERRY - SPICED RUM PET,,,Rum,,[],,18.99,,,,,,,[],,,466891,,[],,2337,2024-03-11 19:10:01,,1,['00083664874767'],False,,0.375,[],SAILOR JERRY - SPICED RUM PET,,USA,False,,2,2,,,False,120.0, SPICED RUM PET,0.46,,False,[],SR,,SAILOR JERRY ,US,,Spiced Rum,Rum,False,False,0,18.99,,,,,sailor jerry - spiced rum pet,,,,Spirits,[],True,,,1004,1021,1255,876.375,44379.63,0.17250000000000001,110.08695652173911,0.6060606060606061
1148,bcls,product,48862,0.35400322,SAINT JAMES - AGRICOLE ROYAL AMBRE,,,Rum,,[],True,35.99,,,2024-03-03T00:00:00.000-08:00,,,2024-03-03T00:00:00.000-08:00,"['BCL Select', 'On Sale']",2024-03-31T00:00:00.000-07:00,,48862,True,[],,705,2024-03-11 19:10:01,,1,['03147699111093'],False,,0.75,[],SAINT JAMES - AGRICOLE ROYAL AMBRE,,France,False,,2,2,,,False,62.0, AGRICOLE ROYAL AMBRE,0.4,,True,"['BCL Select', 'On Sale']",C,,SAINT JAMES ,FR,,Amber Rum,Rum,False,False,0,32.99,,,,,saint james - agricole royal ambre,,2024-03-31T00:00:00.000-07:00,,Spirits,"[{'id': 'empty-placeholder', 'label': '&nbsp;', 'labelLengthWithoutTags': 1}, {'id': 'exclusive', 'label': 'ONLY@BCL', 'labelLengthWithoutTags': 8}]",True,,,1004,1021,1252,528.75,25372.95,0.30000000000000004,119.96666666666665,0.31313131313131315
1149,bcls,product,73080,0.3639408,SAINT VIVANT - V.S.O.P.,,,Grape and Fruit Brandy,,[],,76.99,,,,,,,[],,,73080,,[],,808,2024-03-11 19:10:01,,1,"['03147690021407', '03147690083320']",False,,0.75,[],SAINT VIVANT - V.S.O.P.,,France,False,,2,2,,,False,84.0, V.S.O.P.,0.4,,False,[],SR,,SAINT VIVANT ,FR,,Armagnac,Other Spirits,False,False,0,76.99,,,,,saint vivant - v.s.o.p.,,,,Spirits,[],True,,,1004,1018,1170,606.0,62207.92,0.30000000000000004,256.63333333333327,0.42424242424242425
1150,bcls,product,40196,0.35400322,SAMBUCA DEI CESARI - LUXARDO,,,Liqueurs,,[],,31.99,,,,,,,[],,,40196,,[],,2040,2024-03-11 19:10:01,,1,['08000353000049'],False,,0.75,['Kosher'],SAMBUCA DEI CESARI - LUXARDO,,Italy,False,,2,2,,,False,195.0, LUXARDO,0.38,,False,[],G,,SAMBUCA DEI CESARI ,IT,,Anise And Herbal/Spice Liqueurs,Liqueurs,True,False,0,31.99,,,,,sambuca dei cesari - luxardo,,,,Spirits,[],True,,,1004,1019,1208,1530.0,65259.6,0.28500000000000003,112.2456140350877,0.9848484848484849
1151,bcls,product,164780,0.35400322,SAMBUCA DEI CESARI - LUXARDO,,,Liqueurs,,[],,16.99,,,,,,,[],,,164780,,[],,3279,2024-03-11 19:10:01,,1,['08000353000285'],False,,0.375,['Kosher'],SAMBUCA DEI CESARI - LUXARDO,,Italy,False,,2,2,,,False,172.0, LUXARDO,0.38,,False,[],SR,,SAMBUCA DEI CESARI ,IT,,Anise And Herbal/Spice Liqueurs,Liqueurs,True,False,0,16.99,,,,,sambuca dei cesari - luxardo,,,,Spirits,[],True,,,1004,1019,1208,1229.625,55710.20999999999,0.14250000000000002,119.22807017543857,0.8686868686868687
1152,bcls,product,510008,0.35400322,SAMBUCA DEI CESARI - LUXARDO,,,Liqueurs,,[],,44.99,,,,,,,[],,,510008,,[],,461,2024-03-11 19:10:01,,1,['08000353001411'],False,,1.14,['Kosher'],SAMBUCA DEI CESARI - LUXARDO,,Italy,False,,2,2,,,False,89.0, LUXARDO,0.38,,False,[],SR,,SAMBUCA DEI CESARI ,IT,,Anise And Herbal/Spice Liqueurs,Liqueurs,True,False,0,44.99,,,,,sambuca dei cesari - luxardo,,,,Spirits,[],True,,,1004,1019,1208,525.54,20740.39,0.4332,103.8550323176362,0.4494949494949495
1153,bcls,product,331496,0.35400322,SAMBUCA PASSIONE NERA - LUXARDO,,,Liqueurs,,[],,32.99,,,,,,,[],,,331496,,[],,1798,2024-03-11 19:10:01,,1,"['08000353000377', '08000353000360']",False,,0.75,['Kosher'],SAMBUCA PASSIONE NERA - LUXARDO,,Italy,False,,2,2,,,False,164.0, LUXARDO,0.38,,False,[],SR,,SAMBUCA PASSIONE NERA ,IT,,Anise And Herbal/Spice Liqueurs,Liqueurs,True,False,0,32.99,,,,,sambuca passione nera - luxardo,,,,Spirits,[],True,,,1004,1019,1208,1348.5,59316.020000000004,0.28500000000000003,115.75438596491227,0.8282828282828283
1154,bcls,product,233742,0.35400322,SAUZA - GOLD,,,Tequila,,[],,55.99,,,,,,,[],,,233742,,[],,1785,2024-03-11 19:10:01,,1,"['00082422237424', '00080686831037']",False,,1.14,[],SAUZA - GOLD,,Mexico,False,,2,2,,,False,172.0, GOLD,0.4,,False,[],SR,,SAUZA ,MX,,Gold Tequila,Tequila,False,False,0,55.99,,,,,sauza - gold,,,,Spirits,[],True,,,1004,1022,1272,2034.8999999999999,99942.15000000001,0.45599999999999996,122.78508771929826,0.8686868686868687
1155,bcls,product,17384,0.35400322,SAUZA - SILVER,,,Tequila,,[],,54.99,,,,,,,[],,,17384,,[],,1884,2024-03-11 19:10:01,,1,"['00082422173845', '00080686832034']",False,,1.14,[],SAUZA - SILVER,,Mexico,False,,2,2,,,False,191.0, SILVER,0.4,,False,[],G,,SAUZA ,MX,,Blanco/Silver Tequila,Tequila,False,False,0,54.99,,,,,sauza - silver,,,,Spirits,[],True,,,1004,1022,1270,2147.7599999999998,103601.16,0.45599999999999996,120.5921052631579,0.9646464646464646
1156,bcls,product,294199,0.35400322,SAZERAC - STRAIGHT RYE WHISKEY,,,Whisky,,[],,57.99,,,,,,,[],,,294199,,[],,308,2024-03-11 19:10:01,,1,['00088004139940'],False,,0.75,[],SAZERAC - STRAIGHT RYE WHISKEY,,USA,False,,2,2,,,False,34.0, STRAIGHT RYE WHISKEY,0.45,,False,[],SR,,SAZERAC ,US,,American Whiskey,Whisky / Whiskey,False,False,0,57.99,,,,,sazerac - straight rye whiskey,,,,Spirits,[],True,,,1004,1024,1282,231.0,17860.920000000002,0.3375,171.82222222222222,0.1717171717171717
1157,bcls,product,388457,0.3639408,SCALLYWAG - BCLS 100TH ANNIVERSARY SPEYSIDE BLENDED MALT,,,Whisky,,[],,90.99,,,,,,,['BCL Select'],,,388457,,[],,25,2024-03-11 19:10:01,,1,['05014218818499'],False,,0.7,[],SCALLYWAG - BCLS 100TH ANNIVERSARY SPEYSIDE BLENDED MALT,,United Kingdom,False,,3,3,,,False,1.0, BCLS 100TH ANNIVERSARY SPEYSIDE BLENDED MALT,0.484,,True,['BCL Select'],C,,SCALLYWAG ,GB,,Blended Malt Scotch Whisky,Whisky / Whiskey,False,False,1,90.99,,,,,scallywag - bcls 100th anniversary speyside blended malt,,,,Spirits,"[{'id': 'empty-placeholder', 'label': '&nbsp;', 'labelLengthWithoutTags': 1}, {'id': 'exclusive', 'label': 'ONLY@BCL', 'labelLengthWithoutTags': 8}]",True,,,1004,1024,1291,17.5,2274.75,0.3388,268.5655253837072,0.005050505050505051
1158,bcls,product,360239,0.3639408,SCALLYWAG - DOUGLAS LAING BLENDED MALT BCL EXCLUISVE 2ND EDI,,,Whisky,,[],,99.99,,,,,,,['BCL Select'],,,360239,,[],,40,2024-03-11 19:10:01,,1,['05014218824063'],False,,0.7,[],SCALLYWAG - DOUGLAS LAING BLENDED MALT BCL EXCLUISVE 2ND EDI,,United Kingdom,False,,3,3,,,False,9.0, DOUGLAS LAING BLENDED MALT BCL EXCLUISVE 2ND EDI,0.48,,True,['BCL Select'],C,,SCALLYWAG ,GB,,Blended Malt Scotch Whisky,Whisky / Whiskey,False,False,1,99.99,,,,,scallywag - douglas laing blended malt bcl excluisve 2nd edi,,,,Spirits,"[{'id': 'empty-placeholder', 'label': '&nbsp;', 'labelLengthWithoutTags': 1}, {'id': 'exclusive', 'label': 'ONLY@BCL', 'labelLengthWithoutTags': 8}]",True,,,1004,1024,1291,28.0,3999.6,0.33599999999999997,297.5892857142857,0.045454545454545456
1159,bcls,product,82628,0.3639408,SCAPA - GLANSA SCOTCH WHISKY,,,Whisky,,[],,86.99,,,,,,,[],,,82628,,[],,134,2024-03-11 19:10:01,Orkney Island,1,['00080432111239'],False,,0.75,[],SCAPA - GLANSA SCOTCH WHISKY,,United Kingdom,False,Scotland,3,3,,,False,27.0, GLANSA SCOTCH WHISKY,0.4,,False,[],SH,,SCAPA ,GB,,Single Malt Scotch Whisky,Whisky / Whiskey,False,False,1,86.99,,,,,scapa - glansa scotch whisky,,,,Spirits,[],True,,,1004,1024,1289,100.5,11656.66,0.30000000000000004,289.9666666666666,0.13636363636363635
1160,bcls,product,745554,0.35400322,SCAPA - THE ORCADIAN SKIREN FIRST FILL,,,Whisky,,[],,79.99,,,,,,,[],,,745554,,[],,248,2024-03-11 19:10:01,Orkney Island,1,['00080432110324'],False,,0.75,[],SCAPA - THE ORCADIAN SKIREN FIRST FILL,,United Kingdom,False,Scotland,2,2,,,False,39.0, THE ORCADIAN SKIREN FIRST FILL,0.4,,False,[],SR,,SCAPA ,GB,,Single Malt Scotch Whisky,Whisky / Whiskey,False,False,0,79.99,,,,,scapa - the orcadian skiren first fill,,,,Spirits,[],True,,,1004,1024,1289,186.0,19837.52,0.30000000000000004,266.63333333333327,0.19696969696969696
1161,bcls,product,172177,0.35400322,SCARABUS ISLAY SINGLE MALT SCOTCH WHISKY - HUNTER LAING,,,Whisky,,[],,90.99,,,,,,,[],,,172177,,[],,217,2024-03-11 19:10:01,Islay,1,['05060354267301'],False,,0.7,[],SCARABUS ISLAY SINGLE MALT SCOTCH WHISKY - HUNTER LAING,,United Kingdom,False,Scotland,3,3,,,False,34.0, HUNTER LAING,0.46,,False,[],SH,,SCARABUS ISLAY SINGLE MALT SCOTCH WHISKY ,GB,,Single Malt Scotch Whisky,Whisky / Whiskey,False,False,0,90.99,,,,,scarabus islay single malt scotch whisky - hunter laing,,,,Spirits,[],True,,,1004,1024,1289,151.89999999999998,19744.829999999998,0.322,282.5776397515528,0.1717171717171717
1162,bcls,product,226530,0.35400322,SCREECH - DARK,,,Rum,,[],,26.99,,,,,,,[],,,226530,,[],,1328,2024-03-11 19:10:01,,1,['00627040065044'],False,,0.75,[],SCREECH - DARK,,Jamaica,False,,2,2,,,False,106.0, DARK,0.4,,False,[],SR,,SCREECH ,JM,,Dark Rum,Rum,False,False,0,26.99,,,,,screech - dark,,,,Spirits,[],True,,,1004,1021,1253,996.0,35842.72,0.30000000000000004,89.96666666666665,0.5353535353535354
1163,bcls,product,307,0.3639408,SEAGRAM'S - V O,,,Whisky,,[],,22.99,,,,,,,['BCL Select'],,,307,,[],,1295,2024-03-11 19:10:01,,1,"['00087000007376', '00088004037277']",False,,0.75,[],SEAGRAM'S - V O,,Canada,False,,2,2,,,False,101.0, V O,0.4,,True,['BCL Select'],C,,SEAGRAM'S ,CA,,Canadian Whisky,Whisky / Whiskey,False,False,0,22.99,,,,,seagrams - v o,,,,Spirits,"[{'id': 'empty-placeholder', 'label': '&nbsp;', 'labelLengthWithoutTags': 1}, {'id': 'exclusive', 'label': 'ONLY@BCL', 'labelLengthWithoutTags': 8}]",True,,,1004,1024,1285,971.25,29772.05,0.30000000000000004,76.63333333333331,0.51010101010101
1164,bcls,product,471,0.3639408,SEAGRAM'S - V O,,,Whisky,,[],,33.99,,,,,,,[],,,471,,[],,1316,2024-03-11 19:10:01,,1,"['00088004037284', '00087000010345']",False,,1.14,[],SEAGRAM'S - V O,,Canada,False,,2,2,,,False,141.0, V O,0.4,,False,[],SR,,SEAGRAM'S ,CA,,Canadian Whisky,Whisky / Whiskey,False,False,0,33.99,,,,,seagrams - v o,,,,Spirits,[],True,,,1004,1024,1285,1500.2399999999998,44730.840000000004,0.45599999999999996,74.53947368421053,0.7121212121212122
1165,bcls,product,254428,0.3639408,SEAGRAM'S - VO SELECT,,,Whisky,,[],,29.99,,,,,,,[],,,254428,,[],,402,2024-03-11 19:10:01,,1,['00088004055158'],False,,0.75,[],SEAGRAM'S - VO SELECT,,Canada,False,,3,3,,,False,44.0, VO SELECT,0.4,,False,[],SH,,SEAGRAM'S ,CA,,Canadian Whisky,Whisky / Whiskey,False,False,0,29.99,,,,,seagrams - vo select,,,,Spirits,[],True,,,1004,1024,1285,301.5,12055.98,0.30000000000000004,99.96666666666664,0.2222222222222222
1166,bcls,product,363257,0.3639408,SERUM - GORGAS GRAN RESERVA PANAMA RUM,,,Rum,,[],,84.99,,,,,,,['BCL Select'],,,363257,,[],,46,2024-03-11 19:10:01,,1,['08595676600033'],False,,0.7,[],SERUM - GORGAS GRAN RESERVA PANAMA RUM,,Panama,False,,3,3,,,False,12.0, GORGAS GRAN RESERVA PANAMA RUM,0.4,,True,['BCL Select'],C,,SERUM ,PA,,Amber Rum,Rum,False,False,0,84.99,,,,,serum - gorgas gran reserva panama rum,,,,Spirits,"[{'id': 'empty-placeholder', 'label': '&nbsp;', 'labelLengthWithoutTags': 1}, {'id': 'exclusive', 'label': 'ONLY@BCL', 'labelLengthWithoutTags': 8}]",True,,,1004,1021,1252,32.199999999999996,3909.54,0.27999999999999997,303.5357142857143,0.06060606060606061
1167,bcls,product,795138,0.35400322,SHAANXI - XI FENG 1956,,,Asian Spirits,,[],,90.49,,,,,,,[],,,795138,,[],,102,2024-03-11 19:10:01,,1,"['06902212078584', '06902212033637']",False,,0.5,[],SHAANXI - XI FENG 1956,,China,False,,2,2,,,False,10.0, XI FENG 1956,0.52,,False,[],SH,,SHAANXI ,CN,,China Spirits,Other Spirits,False,False,0,90.49,,,,,shaanxi - xi feng 1956,,,,Spirits,[],True,,,1004,1016,1064,51.0,9229.98,0.26,348.0384615384615,0.050505050505050504
1168,bcls,product,94910,0.35400322,SHEEP DOG - PEANUT BUTTER WHISKEY,,,Whisky,,[],,16.49,,,,,,,[],,,94910,,[],,435,2024-03-11 19:10:01,,1,['00088004038687'],False,,0.375,[],SHEEP DOG - PEANUT BUTTER WHISKEY,,USA,False,,2,2,,,False,35.0, PEANUT BUTTER WHISKEY,0.35,,False,[],SH,,SHEEP DOG ,US,,Flavoured Whisky,Whisky / Whiskey,False,False,0,16.49,,,,,sheep dog - peanut butter whiskey,,,,Spirits,[],True,,,1004,1024,1286,163.125,7173.15,0.13124999999999998,125.63809523809525,0.17676767676767677
1169,bcls,product,324280,0.3639408,SHELTER POINT DISTILLERY - EVANS FAMILY RESERVE RUM CASK,,,Whisky,,[],,84.99,,,,,,,['BCL Select'],,,324280,,[],,89,2024-03-11 19:10:01,,1,['00814464004197'],False,,0.75,[],SHELTER POINT DISTILLERY - EVANS FAMILY RESERVE RUM CASK,,Canada,False,,3,3,,,False,16.0, EVANS FAMILY RESERVE RUM CASK,0.46,,True,['BCL Select'],C,,SHELTER POINT DISTILLERY ,CA,,Canadian Whisky,Whisky / Whiskey,False,False,1,84.99,,,,,shelter point distillery - evans family reserve rum cask,,,,Spirits,"[{'id': 'empty-placeholder', 'label': '&nbsp;', 'labelLengthWithoutTags': 1}, {'id': 'exclusive', 'label': 'ONLY@BCL', 'labelLengthWithoutTags': 8}]",True,,,1004,1024,1285,66.75,7564.11,0.34500000000000003,246.34782608695647,0.08080808080808081
1170,bcls,product,283499,0.35400322,SHELTER POINT DISTILLERY - SINGLE MALT,,,Whisky,,[],,77.99,,,,,,,['BCL Select'],,,283499,,[],,707,2024-03-11 19:10:01,,1,['00814464007006'],False,,0.75,[],SHELTER POINT DISTILLERY - SINGLE MALT,,Canada,False,,2,2,,,False,98.0, SINGLE MALT,0.46,,True,['BCL Select'],C,,SHELTER POINT DISTILLERY ,CA,,Canadian Whisky,Whisky / Whiskey,False,False,0,77.99,,,,,shelter point distillery - single malt,,,,Spirits,"[{'id': 'empty-placeholder', 'label': '&nbsp;', 'labelLengthWithoutTags': 1}, {'id': 'exclusive', 'label': 'ONLY@BCL', 'labelLengthWithoutTags': 8}]",True,,,1004,1024,1285,530.25,55138.92999999999,0.34500000000000003,226.05797101449272,0.494949494949495
1171,bcls,product,429855,0.3639408,SHELTER POINT DISTILLERY - THE FLIGHT PACK,,,Whisky,,[],,30.99,,,,,,,[],,,429855,,[],,7,2024-03-11 19:10:01,,4,['00814464003398'],False,,0.05,[],SHELTER POINT DISTILLERY - THE FLIGHT PACK,,Canada,False,,3,3,,,False,3.0, THE FLIGHT PACK,0.46,,False,[],SM,,SHELTER POINT DISTILLERY ,CA,,Canadian Whisky,Whisky / Whiskey,False,False,0,30.99,,,,,shelter point distillery - the flight pack,,,,Spirits,[],True,,,1004,1024,1285,1.4000000000000001,216.92999999999998,0.09200000000000001,336.84782608695645,0.015151515151515152
1172,bcls,product,230128,0.3639408,SHERIDAN'S ORIGINAL,,,Liqueurs,,[],,32.99,,,,,,,['BCL Select'],,,230128,,[],,736,2024-03-11 19:10:01,,1,['05011013500642'],False,,0.75,[],SHERIDAN'S ORIGINAL,,Ireland,False,,3,3,,,False,49.0,SHERIDAN'S ORIGINAL,0.155,,True,['BCL Select'],C,,,IE,,Cream/Dairy Liqueurs,Liqueurs,False,False,0,32.99,,,,,sheridans original,,,,Spirits,"[{'id': 'empty-placeholder', 'label': '&nbsp;', 'labelLengthWithoutTags': 1}, {'id': 'exclusive', 'label': 'ONLY@BCL', 'labelLengthWithoutTags': 8}]",True,,,1004,1019,1210,552.0,24280.640000000003,0.11624999999999999,283.78494623655916,0.2474747474747475
1173,bcls,product,826172,0.35400322,SHERINGHAM DISTILLERY - BEACON GIN,,,Gin,,[],,47.99,,,,,,,[],,,826172,,[],,752,2024-03-11 19:10:01,,1,['00626990237082'],False,,0.75,[],SHERINGHAM DISTILLERY - BEACON GIN,,Canada,False,,2,2,,,False,90.0, BEACON GIN,0.43,,False,[],SR,,SHERINGHAM DISTILLERY ,CA,,Dry Gin,Gin,False,False,0,47.99,,,,,sheringham distillery - beacon gin,,,,Spirits,[],True,,,1004,1017,1168,564.0,36088.48,0.3225,148.8062015503876,0.45454545454545453
1174,bcls,product,95941,0.3639408,SHERINGHAM DISTILLERY - RHUBARB LIQUEUR,,,Liqueurs,,[],,44.49,,,,,,,[],,,95941,,[],,735,2024-03-11 19:10:01,,1,['00626990384977'],False,,0.75,[],SHERINGHAM DISTILLERY - RHUBARB LIQUEUR,,Canada,False,,2,2,,,False,97.0, RHUBARB LIQUEUR,0.25,,False,[],SR,,SHERINGHAM DISTILLERY ,CA,,Fruit Liqueurs,Liqueurs,False,False,0,44.49,,,,,sheringham distillery - rhubarb liqueur,,,,Spirits,[],True,,,1004,1019,1211,551.25,32700.15,0.1875,237.28,0.4898989898989899
1175,bcls,product,776724,0.3639408,SHERINGHAM DISTILLERY - SEASIDE GIN,,,Gin,,[],,49.99,,,,,,,[],,,776724,,[],,1760,2024-03-11 19:10:01,,1,['00626990236993'],False,,0.75,[],SHERINGHAM DISTILLERY - SEASIDE GIN,,Canada,False,,2,2,,,False,158.0, SEASIDE GIN,0.43,,False,[],SR,,SHERINGHAM DISTILLERY ,CA,,Dry Gin,Gin,False,False,0,49.99,,,,,sheringham distillery - seaside gin,,,,Spirits,[],True,,,1004,1017,1168,1320.0,87982.40000000001,0.3225,155.0077519379845,0.797979797979798
1176,bcls,product,86549,0.3639408,SHETLAND REEL - FINISHED IN SHETLAND BLENDED MALT SCOTCH,,,Whisky,,[],,90.99,,,,,,,[],,,86549,,[],,15,2024-03-11 19:10:01,,1,"['05060396530142', '05060396530227']",False,,0.7,[],SHETLAND REEL - FINISHED IN SHETLAND BLENDED MALT SCOTCH,,United Kingdom,False,,3,3,,,False,2.0, FINISHED IN SHETLAND BLENDED MALT SCOTCH,0.47,,False,[],SM,,SHETLAND REEL ,GB,,Blended Malt Scotch Whisky,Whisky / Whiskey,False,False,1,90.99,,,,,shetland reel - finished in shetland blended malt scotch,,,,Spirits,[],True,,,1004,1024,1291,10.5,1364.85,0.32899999999999996,276.56534954407294,0.010101010101010102
1177,bcls,product,122116,0.35400322,SHINOBU - JAPANESE BLENDED WHISKY,,,Whisky,,[],,77.99,,,,,,,[],,,122116,,[],,426,2024-03-11 19:10:01,,1,['04520971500041'],False,,0.75,[],SHINOBU - JAPANESE BLENDED WHISKY,,Japan,False,,2,2,,,False,55.0, JAPANESE BLENDED WHISKY,0.43,,False,[],SH,,SHINOBU ,JP,,Other Country Whisky,Whisky / Whiskey,False,False,0,77.99,,,,,shinobu - japanese blended whisky,,,,Spirits,[],True,,,1004,1024,1288,319.5,33223.74,0.3225,241.82945736434107,0.2777777777777778
1178,bcls,product,157186,0.35400322,SHINOBU 15 YEAR OLD JAPANESE PURE MALT WHISKY,,,Whisky,,[],,246.99,,,,,,,[],,,157186,,[],,200,2024-03-11 19:10:01,,1,['04520971500102'],False,,0.75,[],SHINOBU 15 YEAR OLD JAPANESE PURE MALT WHISKY,,Japan,False,,2,2,,,False,25.0,SHINOBU 15 YEAR OLD JAPANESE PURE MALT WHISKY,0.43,,False,[],ST,,,JP,,Other Country Whisky,Whisky / Whiskey,False,False,0,246.99,,,,,shinobu 15 year old japanese pure malt whisky,,,,Spirits,[],True,,,1004,1024,1288,150.0,49398.0,0.3225,765.8604651162791,0.12626262626262627
1179,bcls,product,352802,0.35400322,SHIWAN - YU BING SHAO,,,Asian Spirits,,[],,55.29,,,,,,,[],,,352802,,[],,132,2024-03-11 19:10:01,,1,['06921098885789'],False,,0.5,[],SHIWAN - YU BING SHAO,,China,False,,2,2,,,False,10.0, YU BING SHAO,0.45,,False,[],ST,,SHIWAN ,CN,,China Spirits,Other Spirits,False,False,0,55.29,,,,,shiwan - yu bing shao,,,,Spirits,[],True,,,1004,1016,1064,66.0,7298.28,0.225,245.73333333333332,0.050505050505050504
1180,bcls,product,261396,0.35400322,SHUI JING FANG - RED FORTUNE,,,Asian Spirits,,[],,147.99,,,,,,,[],,,261396,,[],,96,2024-03-11 19:10:01,,1,"['06901676386082', '06901676527461', '06901676527720']",False,,0.5,[],SHUI JING FANG - RED FORTUNE,,China,False,,2,2,,,False,7.0, RED FORTUNE,0.52,,False,[],ST,,SHUI JING FANG ,CN,,China Spirits,Other Spirits,False,False,0,147.99,,,,,shui jing fang - red fortune,,,,Spirits,[],True,,,1004,1016,1064,48.0,14207.04,0.26,569.1923076923077,0.03535353535353535
1181,bcls,product,159015,0.35400322,SHUI JING FANG - WELLBAY,,,Asian Spirits,,[],,241.99,,,,,,,[],,,159015,,[],,104,2024-03-11 19:10:01,,1,['06901676527737'],False,,0.75,[],SHUI JING FANG - WELLBAY,,China,False,,2,2,,,False,14.0, WELLBAY,0.52,,False,[],SH,,SHUI JING FANG ,CN,,China Spirits,Other Spirits,False,False,0,241.99,,,,,shui jing fang - wellbay,,,,Spirits,[],True,,,1004,1016,1064,78.0,25166.96,0.39,620.4871794871794,0.0707070707070707
1182,bcls,product,222842,0.35400322,SIERRA TEQUILA - REPOSADO,,,Tequila,,[],,34.99,,,,,,,['BCL Select'],,,222842,,[],,2083,2024-03-11 19:10:01,,1,['04062400543125'],False,,0.75,[],SIERRA TEQUILA - REPOSADO,,Mexico,False,,2,2,,,False,152.0, REPOSADO,0.38,,True,['BCL Select'],C,,SIERRA TEQUILA ,MX,,Gold Tequila,Tequila,False,False,0,34.99,,,,,sierra tequila - reposado,,,,Spirits,"[{'id': 'empty-placeholder', 'label': '&nbsp;', 'labelLengthWithoutTags': 1}, {'id': 'exclusive', 'label': 'ONLY@BCL', 'labelLengthWithoutTags': 8}]",True,,,1004,1022,1272,1562.25,72884.17,0.28500000000000003,122.7719298245614,0.7676767676767676
1183,bcls,product,222839,0.3639408,SIERRA TEQUILA - SILVER,,,Tequila,,[],True,34.99,,,2024-03-03T00:00:00.000-08:00,,,2024-03-03T00:00:00.000-08:00,['On Sale'],2024-03-31T00:00:00.000-07:00,,222839,True,[],,1275,2024-03-11 19:10:01,,1,['04062400115483'],False,,0.75,[],SIERRA TEQUILA - SILVER,,Mexico,False,,2,2,,,False,101.0, SILVER,0.38,,False,['On Sale'],SR,,SIERRA TEQUILA ,MX,,Blanco/Silver Tequila,Tequila,False,False,0,31.99,,,,,sierra tequila - silver,,2024-03-31T00:00:00.000-07:00,,Spirits,[],True,,,1004,1022,1270,956.25,44612.25,0.28500000000000003,122.7719298245614,0.51010101010101
1184,bcls,product,180922,0.35400322,SIGNAL HILL - CANADIAN WHISKY,,,Whisky,,[],,40.99,,,,,,,[],,,180922,,[],,595,2024-03-11 19:10:01,,1,"['00627040040829', '00627040040294']",False,,0.75,[],SIGNAL HILL - CANADIAN WHISKY,,Canada,False,,2,2,,,False,71.0, CANADIAN WHISKY,0.4,,False,[],SR,,SIGNAL HILL ,CA,,Canadian Whisky,Whisky / Whiskey,False,False,0,40.99,,,,,signal hill - canadian whisky,,,,Spirits,[],True,,,1004,1024,1285,446.25,24389.050000000003,0.30000000000000004,136.63333333333333,0.35858585858585856
1185,bcls,product,5132,0.35400322,SILENT SAM,,,Vodka,,[],,22.99,,,,,,,[],,,5132,,[],,1449,2024-03-11 19:10:01,,1,['00622153192045'],False,,0.75,[],SILENT SAM,,Canada,False,,3,3,,,False,155.0,SILENT SAM,0.4,,False,[],G,,,CA,,Straight Vodka,Vodka,False,False,0,22.99,,,,,silent sam,,,,Spirits,[],True,,,1004,1023,1281,1086.75,33312.509999999995,0.30000000000000004,76.63333333333331,0.7828282828282829
1186,bcls,product,193433,0.35400322,SILENT SAM,,,Vodka,,[],,52.99,,,,,,,[],,,193433,,[],,1319,2024-03-11 19:10:01,,1,['00622153192076'],False,,1.75,[],SILENT SAM,,Canada,False,,3,3,,,False,152.0,SILENT SAM,0.4,,False,[],SR,,,CA,,Straight Vodka,Vodka,False,False,0,52.99,,,,,silent sam,,,,Spirits,[],True,,,1004,1023,1281,2308.25,69893.81,0.7000000000000001,75.69999999999999,0.7676767676767676
1187,bcls,product,12989,0.3639408,SILENT SAM,,,Vodka,,[],,34.49,,,,,,,[],,,12989,,[],,2003,2024-03-11 19:10:01,,1,['00622153192069'],False,,1.14,[],SILENT SAM,,Canada,False,,2,2,,,False,195.0,SILENT SAM,0.4,,False,[],G,,,CA,,Straight Vodka,Vodka,False,False,0,34.49,,,,,silent sam,,,,Spirits,[],True,,,1004,1023,1281,2283.4199999999996,69083.47,0.45599999999999996,75.63596491228071,0.9848484848484849
1188,bcls,product,22640,0.3639408,SILENT SAM,,,Vodka,,[],,12.49,,,,,,,[],,,22640,,[],,5230,2024-03-11 19:10:01,,1,['00622153192021'],False,,0.375,[],SILENT SAM,,Canada,False,,2,2,,,False,195.0,SILENT SAM,0.4,,False,[],G,,,CA,,Straight Vodka,Vodka,False,False,0,12.49,,,,,silent sam,,,,Spirits,[],True,,,1004,1023,1281,1961.25,65322.700000000004,0.15000000000000002,83.26666666666665,0.9848484848484849
1189,bcls,product,278162,0.3639408,SILENT SAM - PET,,,Vodka,,[],,52.99,,,,,,,[],,,278162,,[],,0,2024-03-11 19:10:01,,1,['00082000806943'],False,,1.75,[],SILENT SAM - PET,,Canada,False,,2,2,,,False,, PET,0.4,,False,[],G,,SILENT SAM ,CA,,Straight Vodka,Vodka,False,False,0,52.99,,,,,silent sam - pet,,,,Spirits,[],False,,,1004,1023,1281,0.0,0.0,0.7000000000000001,75.69999999999999,
1190,bcls,product,278165,0.3639408,SILENT SAM - PET,,,Vodka,,[],,22.99,,,,,,,[],,,278165,,[],,1866,2024-03-11 19:10:01,,1,['00082000806967'],False,,0.75,[],SILENT SAM - PET,,Canada,False,,2,2,,,False,162.0, PET,0.4,,False,[],G,,SILENT SAM ,CA,,Straight Vodka,Vodka,False,False,0,22.99,,,,,silent sam - pet,,,,Spirits,[],False,,,1004,1023,1281,1399.5,42899.34,0.30000000000000004,76.63333333333331,0.8181818181818182
1191,bcls,product,437710,0.3639408,SILKIE - DARK IRISH WHISKEY,,,Whisky,,[],True,68.99,,,2024-03-03T00:00:00.000-08:00,,,2024-03-03T00:00:00.000-08:00,['On Sale'],2024-03-31T00:00:00.000-07:00,,437710,True,[],,230,2024-03-11 19:10:01,,1,"['05391532620725', '05391532620275']",False,,0.75,[],SILKIE - DARK IRISH WHISKEY,,Ireland,False,,2,2,,,False,33.0, DARK IRISH WHISKEY,0.46,,False,['On Sale'],SH,,SILKIE ,IE,,Irish Whiskey,Whisky / Whiskey,False,False,0,64.99,,,,,silkie - dark irish whiskey,,2024-03-31T00:00:00.000-07:00,,Spirits,[],True,,,1004,1024,1287,172.5,15867.699999999999,0.34500000000000003,199.9710144927536,0.16666666666666666
1192,bcls,product,441501,0.3639408,SIMIC - QUINCE BRANDY,,,Grape and Fruit Brandy,,[],,52.99,,,,,,,[],,,441501,,[],,123,2024-03-11 19:10:01,,1,"['08606102124587', '08606102124327']",False,,0.75,[],SIMIC - QUINCE BRANDY,,Serbia,False,,2,2,,,False,11.0, QUINCE BRANDY,0.4,,False,[],SH,,SIMIC ,RS,,Eau de Vie,Other Spirits,False,False,0,52.99,,,,,simic - quince brandy,,,,Spirits,[],True,,,1004,1018,1173,92.25,6517.77,0.30000000000000004,176.63333333333333,0.05555555555555555
1193,bcls,product,891739,0.3639408,SINGLETON OF DUFFTOWN - 12 YEAR OLD,,,Whisky,,[],,62.99,,,,,,,[],,,891739,,[],,1003,2024-03-11 19:10:01,Speyside,1,['00088076179684'],False,,0.75,[],SINGLETON OF DUFFTOWN - 12 YEAR OLD,,United Kingdom,False,Scotland,2,2,,,False,117.0, 12 YEAR OLD,0.4,,False,[],SR,,SINGLETON OF DUFFTOWN ,GB,,Single Malt Scotch Whisky,Whisky / Whiskey,False,False,0,62.99,,,,,singleton of dufftown - 12 year old,,,,Spirits,[],True,,,1004,1024,1289,752.25,63178.97,0.30000000000000004,209.96666666666664,0.5909090909090909
1194,bcls,product,96923,0.3639408,SKREWBALL - PEANUT BUTTER WHISKEY,,,Whisky,,[],True,49.99,,,2024-03-03T00:00:00.000-08:00,,,2024-03-03T00:00:00.000-08:00,['On Sale'],2024-03-31T00:00:00.000-07:00,,96923,True,[],,1793,2024-03-11 19:10:01,,1,['00860265002405'],False,,0.75,[],SKREWBALL - PEANUT BUTTER WHISKEY,,USA,False,,2,2,,,False,149.0, PEANUT BUTTER WHISKEY,0.35,,False,['On Sale'],SR,,SKREWBALL ,US,,Flavoured Whisky,Whisky / Whiskey,False,False,0,46.99,,,,,skrewball - peanut butter whiskey,,2024-03-31T00:00:00.000-07:00,,Spirits,[],True,,,1004,1024,1286,1344.75,89632.07,0.26249999999999996,190.4380952380953,0.7525252525252525
1195,bcls,product,410415,0.35400322,SKYY,,,Vodka,,[],,26.99,,,,,,,[],,,410415,,[],,2549,2024-03-11 19:10:01,,1,"['00069321004531', '00721059007504']",False,,0.75,[],SKYY,,Canada,False,,2,2,,,False,180.0,SKYY,0.4,,False,[],SR,,,CA,,Straight Vodka,Vodka,False,False,0,26.99,,,,,skyy,,,,Spirits,[],True,,,1004,1023,1281,1911.75,68797.51,0.30000000000000004,89.96666666666665,0.9090909090909091
1196,bcls,product,630780,0.3639408,SKYY,,,Vodka,,[],True,39.99,,,2024-03-03T00:00:00.000-08:00,,,2024-03-03T00:00:00.000-08:00,['On Sale'],2024-03-31T00:00:00.000-07:00,,630780,True,[],,2065,2024-03-11 19:10:01,,1,"['00069321004548', '00721059011143']",False,,1.14,[],SKYY,,Canada,False,,2,2,,,False,143.0,SKYY,0.4,,False,['On Sale'],SR,,,CA,,Straight Vodka,Vodka,False,False,0,37.99,,,,,skyy,,2024-03-31T00:00:00.000-07:00,,Spirits,[],True,,,1004,1023,1281,2354.1,82579.35,0.45599999999999996,87.69736842105264,0.7222222222222222
1197,bcls,product,296764,0.3639408,SLJIVOVICA OLD PLUM BRANDY - MARASKA STARA,,,Grape and Fruit Brandy,,[],,33.49,,,,,,,[],,,296764,,[],,1298,2024-03-11 19:10:01,,1,['03850158301507'],False,,0.75,[],SLJIVOVICA OLD PLUM BRANDY - MARASKA STARA,,Croatia,False,,2,2,,,False,144.0, MARASKA STARA,0.4,,False,[],SR,,SLJIVOVICA OLD PLUM BRANDY ,HR,,Eau de Vie,Other Spirits,False,False,0,33.49,,,,,sljivovica old plum brandy - maraska stara,,,,Spirits,[],True,,,1004,1018,1173,973.5,43470.020000000004,0.30000000000000004,111.63333333333333,0.7272727272727273
1198,bcls,product,256845,0.35400322,SMIRNOFF - BERRY BLAST,,,Vodka,,[],,24.99,,,,,,,[],,,256845,,[],,2130,2024-03-11 19:10:01,,1,"['00082000803461', '00082000783749']",False,,0.75,[],SMIRNOFF - BERRY BLAST,,Canada,False,,2,2,,,False,170.0, BERRY BLAST,0.3,,False,[],SR,,SMIRNOFF ,CA,,Flavoured Vodka,Vodka,False,False,0,24.99,,,,,smirnoff - berry blast,,,,Spirits,[],True,,,1004,1023,1280,1597.5,53228.7,0.22499999999999998,111.06666666666668,0.8585858585858586
1199,bcls,product,205575,0.35400322,SMIRNOFF - BLUE LABEL,,,Vodka,,[],,26.99,,,,,,,[],,,205575,,[],,1321,2024-03-11 19:10:01,,1,['00776103000482'],False,,0.75,[],SMIRNOFF - BLUE LABEL,,Canada,False,,2,2,,,False,132.0, BLUE LABEL,0.5,,False,[],SR,,SMIRNOFF ,CA,,Straight Vodka,Vodka,False,False,0,26.99,,,,,smirnoff - blue label,,,,Spirits,[],True,,,1004,1023,1281,990.75,35653.79,0.375,71.97333333333333,0.6666666666666666
1200,bcls,product,430152,0.35400322,SMIRNOFF - CREAMSICLE BLAST,,,Vodka,,[],,25.99,,,,,,,[],,,430152,,[],,1586,2024-03-11 19:10:01,,1,['00082000803478'],False,,0.75,[],SMIRNOFF - CREAMSICLE BLAST,,Canada,False,,2,2,,,False,118.0, CREAMSICLE BLAST,0.3,,False,[],SR,,SMIRNOFF ,CA,,Flavoured Vodka,Vodka,False,False,0,25.99,,,,,smirnoff - creamsicle blast,,,,Spirits,[],True,,,1004,1023,1280,1189.5,41220.14,0.22499999999999998,115.51111111111112,0.5959595959595959
1201,bcls,product,401539,0.3639408,SMIRNOFF - GREEN APPLE,,,Vodka,,[],,25.99,,,,,,,[],,,401539,,[],,211,2024-03-11 19:10:01,,1,['00082000767237'],False,,0.75,[],SMIRNOFF - GREEN APPLE,,Canada,False,,3,3,,,False,20.0, GREEN APPLE,0.35,,False,[],SR,,SMIRNOFF ,CA,,Flavoured Vodka,Vodka,False,False,0,25.99,,,,,smirnoff - green apple,,,,Spirits,[],True,,,1004,1023,1280,158.25,5483.889999999999,0.26249999999999996,99.00952380952383,0.10101010101010101
1202,bcls,product,110800,0.35400322,SMIRNOFF - PEACH,,,Vodka,,[],,25.99,,,,,,,[],,,110800,,[],,135,2024-03-11 19:10:01,,1,['00082000795858'],False,,0.75,[],SMIRNOFF - PEACH,,Canada,False,,3,3,,,False,8.0, PEACH,0.35,,False,[],SH,,SMIRNOFF ,CA,,Flavoured Vodka,Vodka,False,False,0,25.99,,,,,smirnoff - peach,,,,Spirits,[],True,,,1004,1023,1280,101.25,3508.6499999999996,0.26249999999999996,99.00952380952383,0.04040404040404041
1203,bcls,product,448121,0.35400322,SMIRNOFF - PEACH LEMONADE,,,Vodka,,[],,25.99,,,,,,,[],,,448121,,[],,1326,2024-03-11 19:10:01,,1,['00082000799504'],False,,0.75,[],SMIRNOFF - PEACH LEMONADE,,USA,False,,2,2,,,False,109.0, PEACH LEMONADE,0.3,,False,[],SR,,SMIRNOFF ,US,,Flavoured Vodka,Vodka,False,False,0,25.99,,,,,smirnoff - peach lemonade,,,,Spirits,[],True,,,1004,1023,1280,994.5,34462.74,0.22499999999999998,115.51111111111112,0.5505050505050505
1204,bcls,product,446118,0.35400322,SMIRNOFF - PINK LEMONADE,,,Vodka,,[],,25.99,,,,,,,[],,,446118,,[],,1111,2024-03-11 19:10:01,,1,['00082000797883'],False,,0.75,[],SMIRNOFF - PINK LEMONADE,,USA,False,,3,3,,,False,105.0, PINK LEMONADE,0.3,,False,[],SR,,SMIRNOFF ,US,,Flavoured Vodka,Vodka,False,False,0,25.99,,,,,smirnoff - pink lemonade,,,,Spirits,[],True,,,1004,1023,1280,833.25,28874.89,0.22499999999999998,115.51111111111112,0.5303030303030303
1205,bcls,product,430339,0.35400322,SMIRNOFF - RASPBERRY,,,Vodka,,[],,14.49,,,,,,,[],,,430339,,[],,1676,2024-03-11 19:10:01,,1,['00082000800521'],False,,0.375,[],SMIRNOFF - RASPBERRY,,Canada,False,,2,2,,,False,99.0, RASPBERRY,0.35,,False,[],SR,,SMIRNOFF ,CA,,Flavoured Vodka,Vodka,False,False,0,14.49,,,,,smirnoff - raspberry,,,,Spirits,[],True,,,1004,1023,1280,628.5,24285.24,0.13124999999999998,110.40000000000002,0.5
1206,bcls,product,562561,0.3639408,SMIRNOFF - RASPBERRY,,,Vodka,,[],,25.99,,,,,,,[],,,562561,,[],,2247,2024-03-11 19:10:01,,1,['00082000767282'],False,,0.75,[],SMIRNOFF - RASPBERRY,,Canada,False,,2,2,,,False,169.0, RASPBERRY,0.35,,False,[],SR,,SMIRNOFF ,CA,,Flavoured Vodka,Vodka,False,False,0,25.99,,,,,smirnoff - raspberry,,,,Spirits,[],True,,,1004,1023,1280,1685.25,58399.53,0.26249999999999996,99.00952380952383,0.8535353535353535
1207,bcls,product,271965,0.35400322,SMIRNOFF - RED LABEL,,,Vodka,,[],,9.49,,,,,,,[],,,271965,,[],,8535,2024-03-11 19:10:01,,1,['00776103000239'],False,,0.2,[],SMIRNOFF - RED LABEL,,Canada,False,,2,2,,,False,194.0, RED LABEL,0.4,,False,[],G,,SMIRNOFF ,CA,,Straight Vodka,Vodka,False,False,0,9.49,,,,,smirnoff - red label,,,,Spirits,[],True,,,1004,1023,1281,1707.0,80997.15000000001,0.08000000000000002,118.62499999999999,0.9797979797979798
1208,bcls,product,67,0.3639408,SMIRNOFF - RED LABEL,,,Vodka,,[],,24.99,,,,,,,[],,,67,,[],,9256,2024-03-11 19:10:01,,1,['00776103000260'],False,,0.75,[],SMIRNOFF - RED LABEL,,Canada,False,,2,2,,,False,195.0, RED LABEL,0.4,,False,[],G,,SMIRNOFF ,CA,,Straight Vodka,Vodka,False,False,0,24.99,,,,,smirnoff - red label,,,,Spirits,[],True,,,1004,1023,1281,6942.0,231307.43999999997,0.30000000000000004,83.29999999999998,0.9848484848484849
1209,bcls,product,190,0.3639408,SMIRNOFF - RED LABEL,,,Vodka,,['Spring into Fresh Flavours'],,35.49,,,,,,,[],,,190,,['Spring into Fresh Flavours'],,9448,2024-03-11 19:10:01,,1,['00776103000277'],False,,1.14,[],SMIRNOFF - RED LABEL,,Canada,False,,2,2,,,False,196.0, RED LABEL,0.4,,False,[],G,,SMIRNOFF ,CA,,Straight Vodka,Vodka,False,False,0,35.49,,,"[{'urlAlias': '/promotion/spring', 'name': 'Spring into Fresh Flavours', 'promoCode': '2024SPRINGSEASONAL', 'published': True, 'shortName': ''}]","[{'urlAlias': '/promotion/spring', 'name': 'Spring into Fresh Flavours', 'promoCode': '2024SPRINGSEASONAL', 'published': True, 'shortName': ''}]",smirnoff - red label,,,,Spirits,"[{'id': 'empty-placeholder', 'label': '&nbsp;', 'labelLengthWithoutTags': 1}, {'id': 'featured', 'label': 'FEATURED', 'labelLengthWithoutTags': 8}]",True,,,1004,1023,1281,10770.72,335309.52,0.45599999999999996,77.82894736842107,0.98989898989899
1210,bcls,product,240,0.3639408,SMIRNOFF - RED LABEL,,,Vodka,,[],,13.99,,,,,,,[],,,240,,[],,7705,2024-03-11 19:10:01,,1,['00776103000246'],False,,0.375,[],SMIRNOFF - RED LABEL,,Canada,False,,2,2,,,False,196.0, RED LABEL,0.4,,False,[],G,,SMIRNOFF ,CA,,Straight Vodka,Vodka,False,False,0,13.99,,,,,smirnoff - red label,,,,Spirits,[],True,,,1004,1023,1281,2889.375,107792.95,0.15000000000000002,93.26666666666665,0.98989898989899
1211,bcls,product,117580,0.3639408,SMIRNOFF - RED LABEL,,,Vodka,,[],,106.99,,,,,,,[],,,117580,,[],,761,2024-03-11 19:10:01,,1,['05410316070690'],False,,3.0,[],SMIRNOFF - RED LABEL,,United Kingdom,False,,2,2,,,False,174.0, RED LABEL,0.4,,False,[],SR,,SMIRNOFF ,GB,,Straight Vodka,Vodka,False,False,0,106.99,,,,,smirnoff - red label,,,,Spirits,[],True,,,1004,1023,1281,2283.0,81419.39,1.2000000000000002,89.15833333333332,0.8787878787878788
1212,bcls,product,563262,0.3639408,SMIRNOFF - RED LABEL,,,Vodka,,[],,3.99,,,,,,,[],,,563262,,[],,20593,2024-03-11 19:10:01,,1,"['00776103000222', '00082000761846']",False,,0.05,[],SMIRNOFF - RED LABEL,,USA,False,,2,2,,,False,186.0, RED LABEL,0.4,,False,[],SR,,SMIRNOFF ,US,,Straight Vodka,Vodka,False,False,0,3.99,,,,,smirnoff - red label,,,,Spirits,[],True,,,1004,1023,1281,1029.65,82166.07,0.020000000000000004,199.49999999999997,0.9393939393939394
1213,bcls,product,313908,0.35400322,SMIRNOFF - RED LABEL PET,,,Vodka,,[],,24.99,,,,,,,[],,,313908,,[],,10147,2024-03-11 19:10:01,,1,"['00082000795254', '00082000734833']",False,,0.75,[],SMIRNOFF - RED LABEL PET,,Canada,False,,2,2,,,False,196.0, RED LABEL PET,0.4,,False,[],G,,SMIRNOFF ,CA,,Straight Vodka,Vodka,False,False,0,24.99,,,,,smirnoff - red label pet,,,,Spirits,[],True,,,1004,1023,1281,7610.25,253573.52999999997,0.30000000000000004,83.29999999999998,0.98989898989899
1214,bcls,product,744672,0.35400322,SMIRNOFF - RED LABEL PET,,,Vodka,,[],,35.49,,,,,,,[],,,744672,,[],,4262,2024-03-11 19:10:01,,1,['00082000743149'],False,,1.14,[],SMIRNOFF - RED LABEL PET,,Canada,False,,2,2,,,False,195.0, RED LABEL PET,0.4,,False,[],G,,SMIRNOFF ,CA,,Straight Vodka,Vodka,False,False,0,35.49,,,,,smirnoff - red label pet,,,,Spirits,[],True,,,1004,1023,1281,4858.679999999999,151258.38,0.45599999999999996,77.82894736842107,0.9848484848484849
1215,bcls,product,268774,0.3639408,SMIRNOFF - SPICY TAMARIND,,,Vodka,,[],True,25.99,,,2024-03-03T00:00:00.000-08:00,,,2024-03-03T00:00:00.000-08:00,['On Sale'],2024-03-31T00:00:00.000-07:00,,268774,True,[],,629,2024-03-11 19:10:01,,1,['00082000803003'],False,,0.75,[],SMIRNOFF - SPICY TAMARIND,,USA,False,,3,3,,,False,65.0, SPICY TAMARIND,0.3,,False,['On Sale'],SH,,SMIRNOFF ,US,,Flavoured Vodka,Vodka,False,False,0,22.97,,,,,smirnoff - spicy tamarind,,2024-03-31T00:00:00.000-07:00,,Spirits,[],True,,,1004,1023,1280,471.75,16347.71,0.22499999999999998,115.51111111111112,0.3282828282828283
1216,bcls,product,43133,0.35400322,SMIRNOFF - VANILLA,,,Vodka,,[],True,25.99,,,2024-03-03T00:00:00.000-08:00,,,2024-03-03T00:00:00.000-08:00,['On Sale'],2024-03-31T00:00:00.000-07:00,,43133,True,[],,1779,2024-03-11 19:10:01,,1,['00082000767312'],False,,0.75,[],SMIRNOFF - VANILLA,,Canada,False,,2,2,,,False,122.0, VANILLA,0.35,,False,['On Sale'],SR,,SMIRNOFF ,CA,,Flavoured Vodka,Vodka,False,False,0,24.99,,,,,smirnoff - vanilla,,2024-03-31T00:00:00.000-07:00,,Spirits,[],True,,,1004,1023,1280,1334.25,46236.21,0.26249999999999996,99.00952380952383,0.6161616161616161
1217,bcls,product,38505,0.3639408,SMIRNOFF RED,,,Vodka,,['Featured Products'],True,55.99,,,2024-03-03T00:00:00.000-08:00,,,2024-03-03T00:00:00.000-08:00,['On Sale'],2024-03-31T00:00:00.000-07:00,,38505,True,['Featured Products'],,6874,2024-03-11 19:10:01,,1,['00776103000284'],False,,1.75,[],SMIRNOFF RED,,Canada,False,,2,2,,,False,198.0,SMIRNOFF RED,0.4,,False,['On Sale'],G,,,CA,,Straight Vodka,Vodka,False,False,0,54.99,,,"[{'urlAlias': '/promotion/monthly-flyer', 'name': 'Featured Products', 'promoCode': '202403FEATURESALE', 'published': True, 'shortName': ''}]","[{'urlAlias': '/promotion/monthly-flyer', 'name': 'Featured Products', 'promoCode': '202403FEATURESALE', 'published': True, 'shortName': ''}]",smirnoff red,,2024-03-31T00:00:00.000-07:00,,Spirits,"[{'id': 'empty-placeholder', 'label': '&nbsp;', 'labelLengthWithoutTags': 1}, {'id': 'featured', 'label': 'FEATURED', 'labelLengthWithoutTags': 8}]",True,,,1004,1023,1281,12029.5,384875.26,0.7000000000000001,79.98571428571428,1.0
1218,bcls,product,532234,0.3639408,SOHO - LYCHEE,,,Liqueurs,,[],,33.99,,,,,,,[],,,532234,,[],,1765,2024-03-11 19:10:01,,1,"['00080432316672', '03047100094079']",False,,0.75,[],SOHO - LYCHEE,,France,False,,2,2,,,False,150.0, LYCHEE,0.21,,False,[],SR,,SOHO ,FR,,Fruit Liqueurs,Liqueurs,False,False,0,33.99,,,,,soho - lychee,,,,Spirits,[],True,,,1004,1019,1211,1323.75,59992.350000000006,0.1575,215.80952380952382,0.7575757575757576
1219,bcls,product,292730,0.35400322,SOJU - JINRO,,,Asian Spirits,,[],,8.99,,,,,,,[],,,292730,,[],,1879,2024-03-11 19:10:01,,1,"['00605779976305', '00010984981226']",False,,0.375,[],SOJU - JINRO,,Korea - South,False,,2,2,,,False,42.0, JINRO,0.16,,False,[],SH,,SOJU ,KR,,Korea Spirits,Other Spirits,False,False,0,8.99,,,,,soju - jinro,,,,Spirits,[],True,,,1004,1016,1065,704.625,16892.21,0.06,149.83333333333334,0.21212121212121213
1220,bcls,product,436796,0.35400322,SORGIN - SMALL BATCH GIN,,,Gin,,[],,64.99,,,,,,,[],,,436796,,[],,237,2024-03-11 19:10:01,,1,"['03760273000066', '03760273000011']",False,,0.7,[],SORGIN - SMALL BATCH GIN,,France,False,,2,2,,,False,49.0, SMALL BATCH GIN,0.43,,False,[],ST,,SORGIN ,FR,,Other Gin,Gin,False,False,0,64.99,,,,,sorgin - small batch gin,,,,Spirits,[],True,,,1004,1017,1169,165.89999999999998,15402.63,0.301,215.91362126245846,0.2474747474747475
1221,bcls,product,169961,0.3639408,SORTILEGE - CANADIAN WHISKY & MAPLE SYRUP,,,Liqueurs,,[],True,37.49,,,2024-03-03T00:00:00.000-08:00,,,2024-03-03T00:00:00.000-08:00,['On Sale'],2024-03-31T00:00:00.000-07:00,,169961,True,[],,2180,2024-03-11 19:10:01,,1,['00057496522486'],False,,0.75,[],SORTILEGE - CANADIAN WHISKY & MAPLE SYRUP,,Canada,False,,2,2,,,False,185.0, CANADIAN WHISKY & MAPLE SYRUP,0.3,,False,['On Sale'],SR,,SORTILEGE ,CA,,Whiskey Liqueurs,Liqueurs,False,False,0,34.99,,,,,sortilege - canadian whisky & maple syrup,,2024-03-31T00:00:00.000-07:00,,Spirits,[],True,,,1004,1019,1214,1635.0,81728.2,0.22499999999999998,166.62222222222223,0.9343434343434344
1222,bcls,product,518688,0.35400322,SOUR PUSS - APPLE,,,Liqueurs,,[],,21.49,,,,,,,[],,,518688,,[],,1813,2024-03-11 19:10:01,,1,['00087116035041'],False,,0.75,[],SOUR PUSS - APPLE,,USA,False,,2,2,,,False,152.0, APPLE,0.15,,False,[],SR,,SOUR PUSS ,US,,Fruit Liqueurs,Liqueurs,False,False,0,21.49,,,,,sour puss - apple,,,,Spirits,[],True,,,1004,1019,1211,1359.75,38961.369999999995,0.11249999999999999,191.02222222222224,0.7676767676767676
1223,bcls,product,518670,0.3639408,SOUR PUSS - RASPBERRY,,,Liqueurs,,[],,21.49,,,,,,,[],,,518670,,[],,2526,2024-03-11 19:10:01,,1,['00087116035126'],False,,0.75,[],SOUR PUSS - RASPBERRY,,USA,False,,2,2,,,False,188.0, RASPBERRY,0.15,,False,[],SR,,SOUR PUSS ,US,,Fruit Liqueurs,Liqueurs,False,False,0,21.49,,,,,sour puss - raspberry,,,,Spirits,[],True,,,1004,1019,1211,1894.5,54283.74,0.11249999999999999,191.02222222222224,0.9494949494949495
1224,bcls,product,520718,0.3639408,SOUR PUSS - RASPBERRY,,,Liqueurs,,[],,11.99,,,,,,,[],,,520718,,[],,2813,2024-03-11 19:10:01,,1,['00087116035140'],False,,0.375,[],SOUR PUSS - RASPBERRY,,USA,False,,2,2,,,False,138.0, RASPBERRY,0.15,,False,[],SR,,SOUR PUSS ,US,,Fruit Liqueurs,Liqueurs,False,False,0,11.99,,,,,sour puss - raspberry,,,,Spirits,[],True,,,1004,1019,1211,1054.875,33727.87,0.056249999999999994,213.1555555555556,0.696969696969697
1225,bcls,product,105601,0.3639408,SOUTHERN COMFORT,,,Liqueurs,,[],,25.99,,,,,,,[],,,105601,,[],,2998,2024-03-11 19:10:01,,1,['00088544016770'],False,,0.75,[],SOUTHERN COMFORT,,Canada,False,,2,2,,,False,197.0,SOUTHERN COMFORT,0.35,,False,[],SR,,,CA,,Whiskey Liqueurs,Liqueurs,False,False,0,25.99,,,,,southern comfort,,,,Spirits,[],True,,,1004,1019,1214,2248.5,77918.01999999999,0.26249999999999996,99.00952380952383,0.9949494949494949
1226,bcls,product,293068,0.3639408,SOUTHERN COMFORT,,,Liqueurs,,[],True,13.99,,,2024-03-03T00:00:00.000-08:00,,,2024-03-03T00:00:00.000-08:00,['On Sale'],2024-03-31T00:00:00.000-07:00,,293068,True,[],,3668,2024-03-11 19:10:01,,1,['00088544016787'],False,,0.375,[],SOUTHERN COMFORT,,Canada,False,,2,2,,,False,168.0,SOUTHERN COMFORT,0.35,,False,['On Sale'],SR,,,CA,,Whiskey Liqueurs,Liqueurs,False,False,0,12.99,,,,,southern comfort,,2024-03-31T00:00:00.000-07:00,,Spirits,[],True,,,1004,1019,1214,1375.5,51315.32,0.13124999999999998,106.59047619047621,0.8484848484848485
1227,bcls,product,774497,0.3639408,SPICEBOX - CHOCOLATE WHISKY,,,Whisky,,[],,27.99,,,,,,,[],,,774497,,[],,1250,2024-03-11 19:10:01,,1,['00057496007488'],False,,0.75,[],SPICEBOX - CHOCOLATE WHISKY,,Canada,False,,2,2,,,False,98.0, CHOCOLATE WHISKY,0.35,,False,[],SR,,SPICEBOX ,CA,,Canadian Whisky,Whisky / Whiskey,False,False,0,27.99,,,,,spicebox - chocolate whisky,,,,Spirits,[],True,,,1004,1024,1285,937.5,34987.5,0.26249999999999996,106.62857142857145,0.494949494949495
1228,bcls,product,169987,0.35400322,SPICEBOX - SPICED,,,Whisky,,[],True,27.99,,,2024-03-03T00:00:00.000-08:00,,,2024-03-03T00:00:00.000-08:00,['On Sale'],2024-03-31T00:00:00.000-07:00,,169987,True,[],,1998,2024-03-11 19:10:01,,1,['00057496003770'],False,,0.75,[],SPICEBOX - SPICED,,Canada,False,,2,2,,,False,166.0, SPICED,0.35,,False,['On Sale'],SR,,SPICEBOX ,CA,,Canadian Whisky,Whisky / Whiskey,False,False,0,25.79,,,,,spicebox - spiced,,2024-03-31T00:00:00.000-07:00,,Spirits,[],True,,,1004,1024,1285,1498.5,55924.02,0.26249999999999996,106.62857142857145,0.8383838383838383
1229,bcls,product,386464,0.35400322,ST REMY - PORT CASK FINISH COLLECTION,,,Grape and Fruit Brandy,,[],,49.99,,,,,,,[],,,386464,,[],,363,2024-03-11 19:10:01,,1,['03035540010391'],False,,0.7,[],ST REMY - PORT CASK FINISH COLLECTION,,France,False,,2,2,,,False,41.0, PORT CASK FINISH COLLECTION,0.4,,False,[],ST,,ST REMY ,FR,,Brandy,Brandy,False,False,0,49.99,,,,,st remy - port cask finish collection,,,,Spirits,[],True,,,1004,1018,1171,254.1,18146.37,0.27999999999999997,178.5357142857143,0.20707070707070707
1230,bcls,product,351831,0.35400322,ST REMY - SIGNATURE,,,Grape and Fruit Brandy,,[],True,47.49,,,2024-03-03T00:00:00.000-08:00,,,2024-03-03T00:00:00.000-08:00,['On Sale'],2024-03-31T00:00:00.000-07:00,,351831,True,[],,514,2024-03-11 19:10:01,,1,['03035540010032'],False,,0.75,[],ST REMY - SIGNATURE,,France,False,,2,2,,,False,57.0, SIGNATURE,0.4,,False,['On Sale'],SH,,ST REMY ,FR,,Brandy,Brandy,False,False,0,43.49,,,,,st remy - signature,,2024-03-31T00:00:00.000-07:00,,Spirits,[],True,,,1004,1018,1171,385.5,24409.86,0.30000000000000004,158.29999999999998,0.2878787878787879
1231,bcls,product,110221,0.35400322,ST. REMY - V.S.O.P.,,,Grape and Fruit Brandy,,[],,16.99,,,,,,,[],,,110221,,[],,4246,2024-03-11 19:10:01,,1,['00088352103297'],False,,0.375,[],ST. REMY - V.S.O.P.,,France,False,,2,2,,,False,197.0, V.S.O.P.,0.4,,False,[],G,,ST. REMY ,FR,,Brandy,Brandy,False,False,0,16.99,,,,,st. remy - v.s.o.p.,,,,Spirits,[],True,,,1004,1018,1171,1592.25,72139.54,0.15000000000000002,113.26666666666664,0.9949494949494949
1232,bcls,product,163519,0.35400322,ST. REMY - V.S.O.P.,,,Grape and Fruit Brandy,,[],,45.49,,,,,,,[],,,163519,,[],,2247,2024-03-11 19:10:01,,1,"['00088352109084', '00088352109114']",False,,1.14,[],ST. REMY - V.S.O.P.,,France,False,,2,2,,,False,190.0, V.S.O.P.,0.4,,False,[],G,,ST. REMY ,FR,,Brandy,Brandy,False,False,0,45.49,,,,,st. remy - v.s.o.p.,,,,Spirits,[],True,,,1004,1018,1171,2561.58,102216.03,0.45599999999999996,99.75877192982458,0.9595959595959596
1233,bcls,product,360719,0.35400322,ST. REMY - V.S.O.P.,,,Grape and Fruit Brandy,,[],,67.99,,,,,,,[],,,360719,,[],,2040,2024-03-11 19:10:01,,1,"['03035540000064', '00088352103266']",False,,1.75,[],ST. REMY - V.S.O.P.,,France,False,,2,2,,,False,178.0, V.S.O.P.,0.4,,False,[],G,,ST. REMY ,FR,,Brandy,Brandy,False,False,0,67.99,,,,,st. remy - v.s.o.p.,,,,Spirits,[],True,,,1004,1018,1171,3570.0,138699.59999999998,0.7000000000000001,97.1285714285714,0.898989898989899
1234,bcls,product,8888,0.3639408,ST. REMY - V.S.O.P.,,,Grape and Fruit Brandy,,[],,28.99,,,,,,,[],,,8888,,[],,3607,2024-03-11 19:10:01,,1,"['00088352109121', '00088352103280']",False,,0.75,[],ST. REMY - V.S.O.P.,,France,False,,2,2,,,False,198.0, V.S.O.P.,0.4,,False,[],G,,ST. REMY ,FR,,Brandy,Brandy,False,False,0,28.99,,,,,st. remy - v.s.o.p.,,,,Spirits,[],True,,,1004,1018,1171,2705.25,104566.93,0.30000000000000004,96.63333333333331,1.0
1235,bcls,product,557108,0.35400322,ST. REMY - X.O.,,,Grape and Fruit Brandy,,[],True,38.49,,,2024-03-03T00:00:00.000-08:00,,,2024-03-03T00:00:00.000-08:00,['On Sale'],2024-03-31T00:00:00.000-07:00,,557108,True,[],,1550,2024-03-11 19:10:01,,1,"['00087236992064', '00088352118062', '03161420002467']",False,,0.75,[],ST. REMY - X.O.,,France,False,,2,2,,,False,146.0, X.O.,0.4,,False,['On Sale'],SR,,ST. REMY ,FR,,Brandy,Brandy,False,False,0,35.49,,,,,st. remy - x.o.,,2024-03-31T00:00:00.000-07:00,,Spirits,[],True,,,1004,1018,1171,1162.5,59659.5,0.30000000000000004,128.29999999999998,0.7373737373737373
1236,bcls,product,213573,0.35400322,STIGGINS' - FANCY PLANTATION PINEAPPLE RUM,,,Rum,,[],,49.99,,,,,,,[],,,213573,,[],,512,2024-03-11 19:10:01,,1,['00695521151852'],False,,0.75,[],STIGGINS' - FANCY PLANTATION PINEAPPLE RUM,,Trinidad And Tobago,False,,2,2,,,False,64.0, FANCY PLANTATION PINEAPPLE RUM,0.4,,False,[],SR,,STIGGINS' ,TT,,Flavoured Rum,Rum,False,False,0,49.99,,,,,stiggins - fancy plantation pineapple rum,,,,Spirits,[],True,,,1004,1021,1254,384.0,25594.88,0.30000000000000004,166.63333333333333,0.32323232323232326
1237,bcls,product,353444,0.3639408,STITZEL-WELLER - BLADE AND BOW,,,Whisky,,[],,75.99,,,,,,,[],,,353444,,[],,405,2024-03-11 19:10:01,,1,['00082000007012'],False,,0.75,[],STITZEL-WELLER - BLADE AND BOW,,USA,False,,2,2,,,False,54.0,WELLER - BLADE AND BOW,0.455,,False,[],SH,,STITZEL,US,,Bourbon Whiskey,Whisky / Whiskey,False,False,0,75.99,,,,,stitzel-weller - blade and bow,,,,Spirits,[],True,,,1004,1024,1284,303.75,30775.949999999997,0.34125,222.68131868131866,0.2727272727272727
1238,bcls,product,4481,0.35400322,STOCK - 84 V.S.O.P.,,,Grape and Fruit Brandy,,[],,26.49,,,,,,,[],,,4481,,[],,1583,2024-03-11 19:10:01,,1,"['08000440112907', '00082352100034', '08000440396406']",False,,0.75,[],STOCK - 84 V.S.O.P.,,Czech Republic,False,,2,2,,,False,118.0, 84 V.S.O.P.,0.4,,False,[],SR,,STOCK ,CZ,,Brandy,Brandy,False,False,0,26.49,,,,,stock - 84 v.s.o.p.,,,,Spirits,[],True,,,1004,1018,1171,1187.25,41933.67,0.30000000000000004,88.29999999999998,0.5959595959595959
1239,bcls,product,295444,0.3639408,STOLI  - PREMIUM,,,Vodka,,[],,60.99,,,,,,,[],,,295444,,[],,1388,2024-03-11 19:10:01,,1,['04750021000102'],False,,1.75,[],STOLI  - PREMIUM,,Latvia,False,,2,2,,,False,147.0, PREMIUM,0.4,,False,[],G,,STOLI  ,LV,,Straight Vodka,Vodka,False,False,0,60.99,,,,,stoli  - premium,,,,Spirits,[],True,,,1004,1023,1281,2429.0,84654.12000000001,0.7000000000000001,87.12857142857142,0.7424242424242424
1240,bcls,product,448688,0.35400322,STOLI - BLUEBERI,,,Vodka,,['Spring into Fresh Flavours'],True,27.49,,,2024-03-03T00:00:00.000-08:00,,,2024-03-03T00:00:00.000-08:00,['On Sale'],2024-03-31T00:00:00.000-07:00,,448688,True,['Spring into Fresh Flavours'],,2964,2024-03-11 19:10:01,,1,"['00811751020076', '04750021000485', '04600659914701']",False,,0.75,[],STOLI - BLUEBERI,,Latvia,False,,2,2,,,False,154.0, BLUEBERI,0.375,,False,['On Sale'],SR,,STOLI ,LV,,Flavoured Vodka,Vodka,False,False,0,25.99,,,"[{'urlAlias': '/promotion/spring', 'name': 'Spring into Fresh Flavours', 'promoCode': '2024SPRINGSEASONAL', 'published': True, 'shortName': ''}]","[{'urlAlias': '/promotion/spring', 'name': 'Spring into Fresh Flavours', 'promoCode': '2024SPRINGSEASONAL', 'published': True, 'shortName': ''}]",stoli - blueberi,,2024-03-31T00:00:00.000-07:00,,Spirits,"[{'id': 'empty-placeholder', 'label': '&nbsp;', 'labelLengthWithoutTags': 1}, {'id': 'featured', 'label': 'FEATURED', 'labelLengthWithoutTags': 8}]",True,,,1004,1023,1280,2223.0,81480.36,0.28125,97.74222222222221,0.7777777777777778
1241,bcls,product,955369,0.35400322,STOLI - GLUTEN FREE,,,Vodka,,[],,26.99,,,,,,,['BCL Select'],,,955369,,[],,1339,2024-03-11 19:10:01,,1,['04750021003462'],False,,0.75,[],STOLI - GLUTEN FREE,,Latvia,False,,3,3,,,False,141.0, GLUTEN FREE,0.4,,True,['BCL Select'],C,,STOLI ,LV,,Straight Vodka,Vodka,False,False,0,26.99,,,,,stoli - gluten free,,,,Spirits,"[{'id': 'empty-placeholder', 'label': '&nbsp;', 'labelLengthWithoutTags': 1}, {'id': 'exclusive', 'label': 'ONLY@BCL', 'labelLengthWithoutTags': 8}]",True,,,1004,1023,1281,1004.25,36139.61,0.30000000000000004,89.96666666666665,0.7121212121212122
1242,bcls,product,290361,0.35400322,STOLI - GOLD,,,Vodka,,[],True,39.99,,,2024-03-03T00:00:00.000-08:00,,,2024-03-03T00:00:00.000-08:00,['On Sale'],2024-03-31T00:00:00.000-07:00,,290361,True,[],,824,2024-03-11 19:10:01,,1,['04750021000737'],False,,0.75,[],STOLI - GOLD,,Latvia,False,,3,3,,,False,64.0, GOLD,0.4,,False,['On Sale'],SH,,STOLI ,LV,,Straight Vodka,Vodka,False,False,0,36.99,,,,,stoli - gold,,2024-03-31T00:00:00.000-07:00,,Spirits,[],True,,,1004,1023,1281,618.0,32951.76,0.30000000000000004,133.29999999999998,0.32323232323232326
1243,bcls,product,69781,0.35400322,STOLI - PREMIUM,,,Vodka,,['Spring into Fresh Flavours'],,28.49,,,,,,,[],,,69781,,['Spring into Fresh Flavours'],,6432,2024-03-11 19:10:01,,1,"['04750021000072', '04600659010953', '00083664870547']",False,,0.75,[],STOLI - PREMIUM,,Latvia,False,,2,2,,,False,197.0, PREMIUM,0.4,,False,[],G,,STOLI ,LV,,Straight Vodka,Vodka,False,False,0,28.49,,,"[{'urlAlias': '/promotion/spring', 'name': 'Spring into Fresh Flavours', 'promoCode': '2024SPRINGSEASONAL', 'published': True, 'shortName': ''}]","[{'urlAlias': '/promotion/spring', 'name': 'Spring into Fresh Flavours', 'promoCode': '2024SPRINGSEASONAL', 'published': True, 'shortName': ''}]",stoli - premium,,,,Spirits,"[{'id': 'empty-placeholder', 'label': '&nbsp;', 'labelLengthWithoutTags': 1}, {'id': 'featured', 'label': 'FEATURED', 'labelLengthWithoutTags': 8}]",True,,,1004,1023,1281,4824.0,183247.68,0.30000000000000004,94.96666666666665,0.9949494949494949
1244,bcls,product,205617,0.35400322,STOLI - PREMIUM,,,Vodka,,['Spring into Fresh Flavours'],True,42.99,,,2024-03-03T00:00:00.000-08:00,,,2024-03-03T00:00:00.000-08:00,['On Sale'],2024-03-31T00:00:00.000-07:00,,205617,True,['Spring into Fresh Flavours'],,4655,2024-03-11 19:10:01,,1,"['04750021000096', '04600659011158']",False,,1.14,[],STOLI - PREMIUM,,Latvia,False,,2,2,,,False,195.0, PREMIUM,0.4,,False,['On Sale'],G,,STOLI ,LV,,Straight Vodka,Vodka,False,False,0,39.99,,,"[{'urlAlias': '/promotion/spring', 'name': 'Spring into Fresh Flavours', 'promoCode': '2024SPRINGSEASONAL', 'published': True, 'shortName': ''}]","[{'urlAlias': '/promotion/spring', 'name': 'Spring into Fresh Flavours', 'promoCode': '2024SPRINGSEASONAL', 'published': True, 'shortName': ''}]",stoli - premium,,2024-03-31T00:00:00.000-07:00,,Spirits,"[{'id': 'empty-placeholder', 'label': '&nbsp;', 'labelLengthWithoutTags': 1}, {'id': 'featured', 'label': 'FEATURED', 'labelLengthWithoutTags': 8}]",True,,,1004,1023,1281,5306.7,200118.45,0.45599999999999996,94.2763157894737,0.9848484848484849
1245,bcls,product,332213,0.35400322,STOLI - PREMIUM,,,Vodka,,[],,14.99,,,,,,,[],,,332213,,[],,6069,2024-03-11 19:10:01,,1,"['00089540436593', '04600659010656', '04750021000041']",False,,0.375,[],STOLI - PREMIUM,,Latvia,False,,2,2,,,False,197.0, PREMIUM,0.4,,False,[],G,,STOLI ,LV,,Straight Vodka,Vodka,False,False,0,14.99,,,,,stoli - premium,,,,Spirits,[],True,,,1004,1023,1281,2275.875,90974.31,0.15000000000000002,99.93333333333332,0.9949494949494949
1246,bcls,product,890459,0.35400322,STRATHMIL - 25 YEAR OLD,,,Whisky,,[],,500.0,,,,,,,['BCL Select'],,,890459,,[],,5,2024-03-11 19:10:01,Highland,1,['05000281038810'],False,,0.75,[],STRATHMIL - 25 YEAR OLD,,United Kingdom,False,Scotland,3,3,,,False,2.0, 25 YEAR OLD,0.524,,True,['BCL Select'],C,,STRATHMIL ,GB,,Single Malt Scotch Whisky,Whisky / Whiskey,False,False,1,500.0,,,,,strathmil - 25 year old,,,,Spirits,"[{'id': 'empty-placeholder', 'label': '&nbsp;', 'labelLengthWithoutTags': 1}, {'id': 'exclusive', 'label': 'ONLY@BCL', 'labelLengthWithoutTags': 8}]",True,,,1004,1024,1289,3.75,2500.0,0.393,1272.264631043257,0.010101010101010102
1247,bcls,product,394984,0.35400322,SUNTORY - WORLD WHISKY AO,,,Whisky,,[],,99.99,,,,,,,[],,,394984,,[],,834,2024-03-11 19:10:01,,1,['00080686957195'],False,,0.7,[],SUNTORY - WORLD WHISKY AO,,Japan,False,,2,2,,,False,96.0, WORLD WHISKY AO,0.43,,False,[],SR,,SUNTORY ,JP,,Other Country Whisky,Whisky / Whiskey,False,False,0,99.99,,,,,suntory - world whisky ao,,,,Spirits,[],True,,,1004,1024,1288,583.8,83391.65999999999,0.301,332.19269102990035,0.48484848484848486
1248,bcls,product,295811,0.3639408,SUNTORY WHISKY - HAKUSHU AGED 18 YEARS 100TH ANNIVERSARY,,,Whisky,,[],,2900.0,,,,,,,[],,,295811,,[],,64,2024-03-11 19:10:01,,1,['00080686004271'],False,,0.7,[],SUNTORY WHISKY - HAKUSHU AGED 18 YEARS 100TH ANNIVERSARY,,Japan,False,,2,2,,,False,8.0, HAKUSHU AGED 18 YEARS 100TH ANNIVERSARY,0.48,,False,[],ST,,SUNTORY WHISKY ,JP,,Other Country Whisky,Whisky / Whiskey,False,False,0,2900.0,,,,,suntory whisky - hakushu aged 18 years 100th anniversary,,,,Spirits,[],True,,,1004,1024,1288,44.8,185600.0,0.33599999999999997,8630.952380952382,0.04040404040404041
1249,bcls,product,358390,0.3639408,SUNTORY WHISKY - HIBIKI JAPANESE HARMONY,,,Whisky,,[],,161.99,,,,,,,[],,,358390,,[],,1045,2024-03-11 19:10:01,,1,['00080686934059'],False,,0.75,[],SUNTORY WHISKY - HIBIKI JAPANESE HARMONY,,Japan,False,,2,2,,,False,111.0, HIBIKI JAPANESE HARMONY,0.43,,False,[],SR,,SUNTORY WHISKY ,JP,,Other Country Whisky,Whisky / Whiskey,False,False,0,161.99,,,,,suntory whisky - hibiki japanese harmony,,,,Spirits,[],True,,,1004,1024,1288,783.75,169279.55000000002,0.3225,502.29457364341084,0.5606060606060606
1250,bcls,product,855445,0.35400322,SUNTORY WHISKY - TOKI,,,Whisky,,[],,61.99,,,,,,,[],,,855445,,[],,1100,2024-03-11 19:10:01,,1,['00080686957010'],False,,0.75,[],SUNTORY WHISKY - TOKI,,Japan,False,,2,2,,,False,139.0, TOKI,0.43,,False,[],SR,,SUNTORY WHISKY ,JP,,Other Country Whisky,Whisky / Whiskey,False,False,0,61.99,,,,,suntory whisky - toki,,,,Spirits,[],True,,,1004,1024,1288,825.0,68189.0,0.3225,192.2170542635659,0.702020202020202
1251,bcls,product,306676,0.3639408,SUNTORY WHISKY - TOKI 100TH ANNIVERSARY,,,Whisky,,['New'],,64.99,,,,,,,['BCL Select'],,,306676,,['New'],,184,2024-03-11 19:10:01,,1,['05010278102646'],False,,0.75,[],SUNTORY WHISKY - TOKI 100TH ANNIVERSARY,,Japan,False,,2,2,,,False,34.0, TOKI 100TH ANNIVERSARY,0.43,,True,['BCL Select'],C,,SUNTORY WHISKY ,JP,,Other Country Whisky,Whisky / Whiskey,False,False,0,64.99,,,"[{'urlAlias': '/promotion/new-arrivals', 'name': 'New For You', 'promoCode': '2023NEW', 'published': True, 'shortName': 'New'}]","[{'urlAlias': '/promotion/new-arrivals', 'name': 'New For You', 'promoCode': '2023NEW', 'published': True, 'shortName': 'New'}]",suntory whisky - toki 100th anniversary,,,,Spirits,"[{'id': 'featured', 'label': 'FEATURED', 'labelLengthWithoutTags': 8}, {'id': 'exclusive', 'label': 'ONLY@BCL', 'labelLengthWithoutTags': 8}]",True,,,1004,1024,1288,138.0,11958.16,0.3225,201.5193798449612,0.1717171717171717
1252,bcls,product,213267,0.35400322,SWEAR JAR - CANADIAN WHISKY 6 YEAR OLD,,,Whisky,,[],,38.99,,,,,,,[],,,213267,,[],,1270,2024-03-11 19:10:01,,1,"['00628504799246', '00854531000011']",False,,0.75,[],SWEAR JAR - CANADIAN WHISKY 6 YEAR OLD,,Canada,False,,2,2,,,False,123.0, CANADIAN WHISKY 6 YEAR OLD,0.4,,False,[],SR,,SWEAR JAR ,CA,,Canadian Whisky,Whisky / Whiskey,False,False,0,38.99,,,,,swear jar - canadian whisky 6 year old,,,,Spirits,[],True,,,1004,1024,1285,952.5,49517.3,0.30000000000000004,129.96666666666664,0.6212121212121212
1253,bcls,product,249680,0.35400322,TALISKER - 10 YEAR OLD,,,Whisky,,[],,119.99,,,,,,,[],,,249680,,[],,1367,2024-03-11 19:10:01,Skye,1,['00622153624041'],False,,0.75,[],TALISKER - 10 YEAR OLD,,United Kingdom,False,Scotland,2,2,,,False,133.0, 10 YEAR OLD,0.45799999999999996,,False,[],SR,,TALISKER ,GB,,Single Malt Scotch Whisky,Whisky / Whiskey,False,False,0,119.99,,,,,talisker - 10 year old,,,,Spirits,[],True,,,1004,1024,1289,1025.25,164026.33,0.34349999999999997,349.31586608442507,0.6717171717171717
1254,bcls,product,398316,0.35400322,TALISKER - 11 YO SPECIAL RELEASE 2022,,,Whisky,,[],,195.99,,,,,,,['BCL Select'],,,398316,,[],,34,2024-03-11 19:10:01,Other Scotch Regions,1,['00088076187795'],False,,0.75,[],TALISKER - 11 YO SPECIAL RELEASE 2022,,United Kingdom,False,Scotland,3,3,,,False,8.0, 11 YO SPECIAL RELEASE 2022,0.551,,True,['BCL Select'],C,,TALISKER ,GB,,Single Malt Scotch Whisky,Whisky / Whiskey,False,False,1,195.99,,,,,talisker - 11 yo special release 2022,,,,Spirits,"[{'id': 'empty-placeholder', 'label': '&nbsp;', 'labelLengthWithoutTags': 1}, {'id': 'exclusive', 'label': 'ONLY@BCL', 'labelLengthWithoutTags': 8}]",True,,,1004,1024,1289,25.5,6663.66,0.41325,474.2649727767695,0.04040404040404041
1255,bcls,product,406496,0.3639408,TALISKER - STORM,,,Whisky,,[],True,104.99,,,2024-03-03T00:00:00.000-08:00,,,2024-03-03T00:00:00.000-08:00,['On Sale'],2024-03-31T00:00:00.000-07:00,,406496,True,[],,718,2024-03-11 19:10:01,Skye,1,"['00088076179028', '00088076179288', '05000281024332']",False,,0.75,[],TALISKER - STORM,,United Kingdom,False,Scotland,2,2,,,False,92.0, STORM,0.45799999999999996,,False,['On Sale'],SR,,TALISKER ,GB,,Single Malt Scotch Whisky,Whisky / Whiskey,False,False,0,99.99,,,,,talisker - storm,,2024-03-31T00:00:00.000-07:00,,Spirits,[],True,,,1004,1024,1289,538.5,75382.81999999999,0.34349999999999997,305.64774381368267,0.46464646464646464
1256,bcls,product,235388,0.35400322,TALISKER NAD - SPECIAL RELEASE 2023,,,Whisky,,[],,189.99,,,,,,,['BCL Select'],,,235388,,[],,346,2024-03-11 19:10:01,Other Scotch Regions,1,['00088076188730'],False,,0.75,[],TALISKER NAD - SPECIAL RELEASE 2023,,United Kingdom,False,Scotland,3,3,,,False,50.0, SPECIAL RELEASE 2023,0.597,,True,['BCL Select'],C,,TALISKER NAD ,GB,,Single Malt Scotch Whisky,Whisky / Whiskey,False,False,0,189.99,,,,,talisker nad - special release 2023,,,,Spirits,"[{'id': 'empty-placeholder', 'label': '&nbsp;', 'labelLengthWithoutTags': 1}, {'id': 'exclusive', 'label': 'ONLY@BCL', 'labelLengthWithoutTags': 8}]",True,,,1004,1024,1289,259.5,65736.54000000001,0.44775,424.32160804020106,0.25252525252525254
1257,bcls,product,389233,0.3639408,TAMNAVULIN - 1979 SCOTCH WHISKY,,,Whisky,,[],,1999.0,,,,,,,['BCL Select'],,,389233,,[],,2,2024-03-11 19:10:01,Other Scotch Regions,1,['05013967014503'],False,,0.7,[],TAMNAVULIN - 1979 SCOTCH WHISKY,,United Kingdom,False,Scotland,3,3,,,False,1.0, 1979 SCOTCH WHISKY,0.465,,True,['BCL Select'],C,,TAMNAVULIN ,GB,,Single Malt Scotch Whisky,Whisky / Whiskey,False,False,1,1999.0,,,,,tamnavulin - 1979 scotch whisky,,,,Spirits,"[{'id': 'empty-placeholder', 'label': '&nbsp;', 'labelLengthWithoutTags': 1}, {'id': 'exclusive', 'label': 'ONLY@BCL', 'labelLengthWithoutTags': 8}]",True,,,1004,1024,1289,1.4,3998.0,0.3255,6141.321044546851,0.005050505050505051
1258,bcls,product,109570,0.35400322,TAMNAVULIN - DOUBLE CASK SPEYSIDE SINGLE MALT SCOTCH WHISKY,,,Whisky,,[],,59.99,,,,,,,[],,,109570,,[],,591,2024-03-11 19:10:01,Speyside,1,['00087647113836'],False,,0.75,[],TAMNAVULIN - DOUBLE CASK SPEYSIDE SINGLE MALT SCOTCH WHISKY,,United Kingdom,False,Scotland,2,2,,,False,56.0, DOUBLE CASK SPEYSIDE SINGLE MALT SCOTCH WHISKY,0.4,,False,[],SH,,TAMNAVULIN ,GB,,Single Malt Scotch Whisky,Whisky / Whiskey,False,False,0,59.99,,,,,tamnavulin - double cask speyside single malt scotch whisky,,,,Spirits,[],True,,,1004,1024,1289,443.25,35454.090000000004,0.30000000000000004,199.96666666666664,0.2828282828282828
1259,bcls,product,441488,0.3639408,TAMNAVULIN - SHERRY CASK SPEYSIDE SINGLE MALT SCOTCH WHISKY,,,Whisky,,[],,66.49,,,,,,,[],,,441488,,[],,423,2024-03-11 19:10:01,Speyside,1,['00087647114345'],False,,0.75,[],TAMNAVULIN - SHERRY CASK SPEYSIDE SINGLE MALT SCOTCH WHISKY,,United Kingdom,False,Scotland,2,2,,,False,56.0, SHERRY CASK SPEYSIDE SINGLE MALT SCOTCH WHISKY,0.4,,False,[],SH,,TAMNAVULIN ,GB,,Single Malt Scotch Whisky,Whisky / Whiskey,False,False,0,66.49,,,,,tamnavulin - sherry cask speyside single malt scotch whisky,,,,Spirits,[],True,,,1004,1024,1289,317.25,28125.269999999997,0.30000000000000004,221.6333333333333,0.2828282828282828
1260,bcls,product,234821,0.35400322,TANQUERAY - FLOR DE SEVILLA,,,Gin,,[],True,29.99,,,2024-03-03T00:00:00.000-08:00,,,2024-03-03T00:00:00.000-08:00,['On Sale'],2024-03-31T00:00:00.000-07:00,,234821,True,[],,1183,2024-03-11 19:10:01,,1,['00088076182714'],False,,0.75,[],TANQUERAY - FLOR DE SEVILLA,,United Kingdom,False,,2,2,,,False,116.0, FLOR DE SEVILLA,0.413,,False,['On Sale'],SR,,TANQUERAY ,GB,,Flavoured Gin,Gin,False,False,0,28.49,,,,,tanqueray - flor de sevilla,,2024-03-31T00:00:00.000-07:00,,Spirits,[],True,,,1004,1017,1167,887.25,35478.17,0.30974999999999997,96.82001614205005,0.5858585858585859
1261,bcls,product,2691,0.35400322,TANQUERAY - LONDON DRY,,,Gin,,['Spring into Fresh Flavours'],,29.49,,,,,,,[],,,2691,,['Spring into Fresh Flavours'],,6503,2024-03-11 19:10:01,,1,['00622153625048'],False,,0.75,[],TANQUERAY - LONDON DRY,,United Kingdom,False,,2,2,,,False,197.0, LONDON DRY,0.4,,False,[],G,,TANQUERAY ,GB,,Dry Gin,Gin,False,False,0,29.49,,,"[{'urlAlias': '/promotion/spring', 'name': 'Spring into Fresh Flavours', 'promoCode': '2024SPRINGSEASONAL', 'published': True, 'shortName': ''}]","[{'urlAlias': '/promotion/spring', 'name': 'Spring into Fresh Flavours', 'promoCode': '2024SPRINGSEASONAL', 'published': True, 'shortName': ''}]",tanqueray - london dry,,,,Spirits,"[{'id': 'empty-placeholder', 'label': '&nbsp;', 'labelLengthWithoutTags': 1}, {'id': 'featured', 'label': 'FEATURED', 'labelLengthWithoutTags': 8}]",True,,,1004,1017,1168,4877.25,191773.47,0.30000000000000004,98.29999999999998,0.9949494949494949
1262,bcls,product,1453,0.3639408,TANQUERAY - LONDON DRY,,,Gin,,[],,41.99,,,,,,,[],,,1453,,[],,2600,2024-03-11 19:10:01,,1,['00622153625062'],False,,1.14,[],TANQUERAY - LONDON DRY,,United Kingdom,False,,2,2,,,False,186.0, LONDON DRY,0.4,,False,[],G,,TANQUERAY ,GB,,Dry Gin,Gin,False,False,0,41.99,,,,,tanqueray - london dry,,,,Spirits,[],True,,,1004,1017,1168,2963.9999999999995,109174.0,0.45599999999999996,92.08333333333334,0.9393939393939394
1263,bcls,product,32425,0.3639408,TANQUERAY - LONDON DRY,,,Gin,,[],,15.99,,,,,,,[],,,32425,,[],,3367,2024-03-11 19:10:01,,1,['00622153625024'],False,,0.375,[],TANQUERAY - LONDON DRY,,United Kingdom,False,,2,2,,,False,169.0, LONDON DRY,0.4,,False,[],SR,,TANQUERAY ,GB,,Dry Gin,Gin,False,False,0,15.99,,,,,tanqueray - london dry,,,,Spirits,[],True,,,1004,1017,1168,1262.625,53838.33,0.15000000000000002,106.59999999999998,0.8535353535353535
1264,bcls,product,96263,0.3639408,TANQUERAY - LONDON DRY,,,Gin,,[],True,57.99,,,2024-03-03T00:00:00.000-08:00,,,2024-03-03T00:00:00.000-08:00,['On Sale'],2024-03-31T00:00:00.000-07:00,,96263,True,[],,1830,2024-03-11 19:10:01,,1,['00622153625079'],False,,1.75,[],TANQUERAY - LONDON DRY,,United Kingdom,False,,2,2,,,False,195.0, LONDON DRY,0.4,,False,['On Sale'],G,,TANQUERAY ,GB,,Dry Gin,Gin,False,False,0,56.99,,,,,tanqueray - london dry,,2024-03-31T00:00:00.000-07:00,,Spirits,[],True,,,1004,1017,1168,3202.5,106121.7,0.7000000000000001,82.84285714285714,0.9848484848484849
1265,bcls,product,600163,0.35400322,TANQUERAY - NO. TEN BATCH DISTILLED,,,Gin,,[],,51.99,,,,,,,[],,,600163,,[],,1728,2024-03-11 19:10:01,,1,"['07008418158606', '00088110158606']",False,,0.75,[],TANQUERAY - NO. TEN BATCH DISTILLED,,United Kingdom,False,,2,2,,,False,141.0, NO. TEN BATCH DISTILLED,0.473,,False,[],SR,,TANQUERAY ,GB,,Dry Gin,Gin,False,False,0,51.99,,,,,tanqueray - no. ten batch distilled,,,,Spirits,[],True,,,1004,1017,1168,1296.0,89838.72,0.35475,146.553911205074,0.7121212121212122
1266,bcls,product,785170,0.3639408,TANQUERAY - RANGPUR,,,Gin,,[],,30.49,,,,,,,[],,,785170,,[],,1849,2024-03-11 19:10:01,,1,"['00088076168640', '00088076179219']",False,,0.75,[],TANQUERAY - RANGPUR,,United Kingdom,False,,2,2,,,False,181.0, RANGPUR,0.413,,False,[],SR,,TANQUERAY ,GB,,Flavoured Gin,Gin,False,False,0,30.49,,,,,tanqueray - rangpur,,,,Spirits,[],True,,,1004,1017,1167,1386.75,56376.009999999995,0.30974999999999997,98.43422114608556,0.9141414141414141
1267,bcls,product,119342,0.3639408,TEANINICH - 17 YEAR OLD,,,Whisky,,[],,600.0,,,,,,,[],,,119342,,[],,30,2024-03-11 19:10:01,Highland,1,['00088076181700'],False,,0.75,[],TEANINICH - 17 YEAR OLD,,United Kingdom,False,Scotland,3,3,,,False,3.0, 17 YEAR OLD,0.5589999999999999,,False,[],ST,,TEANINICH ,GB,,Single Malt Scotch Whisky,Whisky / Whiskey,False,False,1,600.0,,,,,teaninich - 17 year old,,,,Spirits,[],True,,,1004,1024,1289,22.5,18000.0,0.41924999999999996,1431.1270125223616,0.015151515151515152
1268,bcls,product,128044,0.3639408,TEELING - SMALL BATCH IRISH WHISKEY,,,Whisky,,[],True,66.99,,,2024-03-03T00:00:00.000-08:00,,,2024-03-03T00:00:00.000-08:00,['On Sale'],2024-03-31T00:00:00.000-07:00,,128044,True,[],,478,2024-03-11 19:10:01,,1,['00813219020048'],False,,0.75,[],TEELING - SMALL BATCH IRISH WHISKEY,,Ireland,False,,2,2,,,False,58.0, SMALL BATCH IRISH WHISKEY,0.46,,False,['On Sale'],SH,,TEELING ,IE,,Irish Whiskey,Whisky / Whiskey,False,False,0,63.99,,,,,teeling - small batch irish whiskey,,2024-03-31T00:00:00.000-07:00,,Spirits,[],True,,,1004,1024,1287,358.5,32021.219999999998,0.34500000000000003,194.17391304347822,0.29292929292929293
1269,bcls,product,194495,0.3639408,TEMPLETON - 6 YEAR OLD RYE,,,Whisky,,[],,70.99,,,,,,,[],,,194495,,[],,216,2024-03-11 19:10:01,,1,"['00720815920248', '00720815999992']",False,,0.75,[],TEMPLETON - 6 YEAR OLD RYE,,USA,False,,3,3,,,False,25.0, 6 YEAR OLD RYE,0.4575,,False,[],SH,,TEMPLETON ,US,,American Whiskey,Whisky / Whiskey,False,False,0,70.99,,,,,templeton - 6 year old rye,,,,Spirits,[],True,,,1004,1024,1282,162.0,15333.839999999998,0.343125,206.8925318761384,0.12626262626262627
1270,bcls,product,405947,0.3639408,TEREMANA - TEQUILA ANEJO,,,Tequila,,[],True,84.99,,,2024-03-03T00:00:00.000-08:00,,,2024-03-03T00:00:00.000-08:00,['On Sale'],2024-03-31T00:00:00.000-07:00,,405947,True,[],,470,2024-03-11 19:10:01,,1,['00850024564022'],False,,0.75,[],TEREMANA - TEQUILA ANEJO,,Mexico,False,,2,2,,,False,49.0, TEQUILA ANEJO,0.4,,False,['On Sale'],SH,,TEREMANA ,MX,,Gold Tequila,Tequila,False,False,0,74.99,,,,,teremana - tequila anejo,,2024-03-31T00:00:00.000-07:00,,Spirits,[],True,,,1004,1022,1272,352.5,39945.299999999996,0.30000000000000004,283.29999999999995,0.2474747474747475
1271,bcls,product,45690,0.3639408,TEREMANA - TEQUILA BLANCO,,,Tequila,,[],,57.99,,,,,,,[],,,45690,,[],,1664,2024-03-11 19:10:01,,1,['00850024564008'],False,,0.75,[],TEREMANA - TEQUILA BLANCO,,Mexico,False,,2,2,,,False,130.0, TEQUILA BLANCO,0.4,,False,[],SR,,TEREMANA ,MX,,Blanco/Silver Tequila,Tequila,False,False,0,57.99,,,,,teremana - tequila blanco,,,,Spirits,[],True,,,1004,1022,1270,1248.0,96495.36,0.30000000000000004,193.29999999999998,0.6565656565656566
1272,bcls,product,768184,0.3639408,TEREMANA - TEQUILA REPOSADO,,,Tequila,,[],True,63.99,,,2024-03-03T00:00:00.000-08:00,,,2024-03-03T00:00:00.000-08:00,['On Sale'],2024-03-31T00:00:00.000-07:00,,768184,True,[],,1329,2024-03-11 19:10:01,,1,['00850024564015'],False,,0.75,[],TEREMANA - TEQUILA REPOSADO,,Mexico,False,,2,2,,,False,130.0, TEQUILA REPOSADO,0.4,,False,['On Sale'],SR,,TEREMANA ,MX,,Gold Tequila,Tequila,False,False,0,57.99,,,,,teremana - tequila reposado,,2024-03-31T00:00:00.000-07:00,,Spirits,[],True,,,1004,1022,1272,996.75,85042.71,0.30000000000000004,213.29999999999998,0.6565656565656566
1273,bcls,product,429577,0.35400322,THAT BOUTIQUE-Y WHISKY COMPANY - BRUICHLADDICH BATCH 19 28 Y,,,Whisky,,[],,625.0,,,,,,,['BCL Select'],,,429577,,[],,55,2024-03-11 19:10:01,Islay,1,['05052598181062'],False,,0.5,[],THAT BOUTIQUE-Y WHISKY COMPANY - BRUICHLADDICH BATCH 19 28 Y,,United Kingdom,False,Scotland,3,3,,,False,12.0,Y WHISKY COMPANY - BRUICHLADDICH BATCH 19 28 Y,0.485,,True,['BCL Select'],C,,THAT BOUTIQUE,GB,,Single Malt Scotch Whisky,Whisky / Whiskey,False,False,1,625.0,,,,,that boutique-y whisky company - bruichladdich batch 19 28 y,,,,Spirits,"[{'id': 'empty-placeholder', 'label': '&nbsp;', 'labelLengthWithoutTags': 1}, {'id': 'exclusive', 'label': 'ONLY@BCL', 'labelLengthWithoutTags': 8}]",True,,,1004,1024,1289,27.5,34375.0,0.2425,2577.319587628866,0.06060606060606061
1274,bcls,product,190116,0.35400322,THE ARRAN - ROBERT BURNS,,,Whisky,,[],,76.99,,,,,,,[],,,190116,,[],,566,2024-03-11 19:10:01,Arran,1,"['05060044482397', '05060044480003']",False,,0.7,[],THE ARRAN - ROBERT BURNS,,United Kingdom,False,Scotland,2,2,,,False,71.0, ROBERT BURNS,0.43,,False,[],SR,,THE ARRAN ,GB,,Single Malt Scotch Whisky,Whisky / Whiskey,False,False,0,76.99,,,,,the arran - robert burns,,,,Spirits,[],True,,,1004,1024,1289,396.2,43576.34,0.301,255.78073089700996,0.35858585858585856
1275,bcls,product,437652,0.3639408,THE BUSKER - TRIPLE CASK TRIPLE SMOOTH IRISH WHISKEY,,,Whisky,,[],True,37.99,,,2024-03-03T00:00:00.000-08:00,,,2024-03-03T00:00:00.000-08:00,"['BCL Select', 'On Sale']",2024-03-31T00:00:00.000-07:00,,437652,True,[],,700,2024-03-11 19:10:01,,1,['00050037596038'],False,,0.75,[],THE BUSKER - TRIPLE CASK TRIPLE SMOOTH IRISH WHISKEY,,Ireland,False,,2,2,,,False,55.0, TRIPLE CASK TRIPLE SMOOTH IRISH WHISKEY,0.4,,True,"['BCL Select', 'On Sale']",C,,THE BUSKER ,IE,,Irish Whiskey,Whisky / Whiskey,False,False,0,34.99,,,,,the busker - triple cask triple smooth irish whiskey,,2024-03-31T00:00:00.000-07:00,,Spirits,"[{'id': 'empty-placeholder', 'label': '&nbsp;', 'labelLengthWithoutTags': 1}, {'id': 'exclusive', 'label': 'ONLY@BCL', 'labelLengthWithoutTags': 8}]",True,,,1004,1024,1287,525.0,26593.0,0.30000000000000004,126.63333333333333,0.2777777777777778
1276,bcls,product,467215,0.3639408,THE CLYDESIDE DISTILLERY - STOBCROSS SINGLE MALT,,,Whisky,,[],,106.99,,,,,,,['BCL Select'],,,467215,,[],,184,2024-03-11 19:10:01,Lowland,1,['05060906770006'],False,,0.7,[],THE CLYDESIDE DISTILLERY - STOBCROSS SINGLE MALT,,United Kingdom,False,Scotland,3,3,,,False,35.0, STOBCROSS SINGLE MALT,0.46,,True,['BCL Select'],C,,THE CLYDESIDE DISTILLERY ,GB,,Single Malt Scotch Whisky,Whisky / Whiskey,False,False,0,106.99,,,,,the clydeside distillery - stobcross single malt,,,,Spirits,"[{'id': 'empty-placeholder', 'label': '&nbsp;', 'labelLengthWithoutTags': 1}, {'id': 'exclusive', 'label': 'ONLY@BCL', 'labelLengthWithoutTags': 8}]",True,,,1004,1024,1289,128.79999999999998,19686.16,0.322,332.2670807453416,0.17676767676767677
1277,bcls,product,73999,0.3639408,THE DALMORE - 12 YEAR OLD,,,Whisky,,[],,114.99,,,,,,,[],,,73999,,[],,1694,2024-03-11 19:10:01,Highland,1,"['05010196000246', '00087647111672', '05013967003002']",False,,0.75,[],THE DALMORE - 12 YEAR OLD,,United Kingdom,False,Scotland,2,2,,,False,163.0, 12 YEAR OLD,0.4,,False,[],G,,THE DALMORE ,GB,,Single Malt Scotch Whisky,Whisky / Whiskey,False,False,0,114.99,,,,,the dalmore - 12 year old,,,,Spirits,[],True,,,1004,1024,1289,1270.5,194793.06,0.30000000000000004,383.29999999999995,0.8232323232323232
1278,bcls,product,474227,0.35400322,THE DALMORE - 12 YEAR OLD SHERRY CASK SELECT,,,Whisky,,[],,165.99,,,,,,,['BCL Select'],,,474227,,[],,558,2024-03-11 19:10:01,Highland,1,['00087647114123'],False,,0.75,[],THE DALMORE - 12 YEAR OLD SHERRY CASK SELECT,,United Kingdom,False,Scotland,2,2,,,False,66.0, 12 YEAR OLD SHERRY CASK SELECT,0.43,,True,['BCL Select'],C,,THE DALMORE ,GB,,Single Malt Scotch Whisky,Whisky / Whiskey,False,False,0,165.99,,,,,the dalmore - 12 year old sherry cask select,,,,Spirits,"[{'id': 'empty-placeholder', 'label': '&nbsp;', 'labelLengthWithoutTags': 1}, {'id': 'exclusive', 'label': 'ONLY@BCL', 'labelLengthWithoutTags': 8}]",True,,,1004,1024,1289,418.5,92622.42,0.3225,514.6976744186047,0.3333333333333333
1279,bcls,product,642926,0.3639408,THE DALMORE - 15 YEAR OLD,,,Whisky,,[],,205.99,,,,,,,[],,,642926,,[],,365,2024-03-11 19:10:01,Highland,1,['00087647111689'],False,,0.75,[],THE DALMORE - 15 YEAR OLD,,United Kingdom,False,Scotland,2,2,,,False,65.0, 15 YEAR OLD,0.4,,False,[],SR,,THE DALMORE ,GB,,Single Malt Scotch Whisky,Whisky / Whiskey,False,False,0,205.99,,,,,the dalmore - 15 year old,,,,Spirits,[],True,,,1004,1024,1289,273.75,75186.35,0.30000000000000004,686.6333333333332,0.3282828282828283
1280,bcls,product,395073,0.3639408,THE DALMORE - 21 YEAR OLD,,,Whisky,,[],,1100.0,,,,,,,['BCL Select'],,,395073,,[],,1,2024-03-11 19:10:01,Highland,1,['05013967018228'],False,,0.7,[],THE DALMORE - 21 YEAR OLD,,United Kingdom,False,Scotland,2,2,,,False,1.0, 21 YEAR OLD,0.43799999999999994,,True,['BCL Select'],C,,THE DALMORE ,GB,,Single Malt Scotch Whisky,Whisky / Whiskey,False,False,0,1100.0,,,,,the dalmore - 21 year old,,,,Spirits,"[{'id': 'empty-placeholder', 'label': '&nbsp;', 'labelLengthWithoutTags': 1}, {'id': 'exclusive', 'label': 'ONLY@BCL', 'labelLengthWithoutTags': 8}]",True,,,1004,1024,1289,0.7,1100.0,0.30659999999999993,3587.736464448794,0.005050505050505051
1281,bcls,product,754838,0.35400322,THE DALMORE - 25 YEAR OLD,,,Whisky,,[],,2800.0,,,,,,,[],,,754838,,[],,9,2024-03-11 19:10:01,Highland,1,"['05013967009653', '00087647112846', '00626990179368']",False,,0.75,[],THE DALMORE - 25 YEAR OLD,,United Kingdom,False,Scotland,3,3,,,False,6.0, 25 YEAR OLD,0.42,,False,[],ST,,THE DALMORE ,GB,,Single Malt Scotch Whisky,Whisky / Whiskey,False,False,0,2800.0,,,,,the dalmore - 25 year old,,,,Spirits,[],True,,,1004,1024,1289,6.75,25200.0,0.315,8888.888888888889,0.030303030303030304
1282,bcls,product,795591,0.35400322,THE DALMORE - 30 YEAR OLD,,,Whisky,,[],,10500.0,,,,,,,[],,,795591,,[],,2,2024-03-11 19:10:01,Highland,1,"['05013967010635', '05013967017672', '05013967019850']",False,,0.7,[],THE DALMORE - 30 YEAR OLD,,United Kingdom,False,Scotland,2,2,,,False,1.0, 30 YEAR OLD,0.43799999999999994,,False,[],SM,,THE DALMORE ,GB,,Single Malt Scotch Whisky,Whisky / Whiskey,False,False,0,10500.0,,,,,the dalmore - 30 year old,,,,Spirits,[],True,,,1004,1024,1289,1.4,21000.0,0.30659999999999993,34246.57534246576,0.005050505050505051
1283,bcls,product,928598,0.35400322,THE DALMORE - CONSTELLATION 1971 CASK 2,,,Whisky,,[],,28000.0,,,,,,,['BCL Select'],,,928598,,[],,1,2024-03-11 19:10:01,Highland,1,"['05013967008687', '00087647112556']",False,,0.7,[],THE DALMORE - CONSTELLATION 1971 CASK 2,,United Kingdom,False,Scotland,3,3,,,False,1.0, CONSTELLATION 1971 CASK 2,0.439,,True,['BCL Select'],C,,THE DALMORE ,GB,,Single Malt Scotch Whisky,Whisky / Whiskey,False,False,1,28000.0,,,,,the dalmore - constellation 1971 cask 2,,,,Spirits,"[{'id': 'empty-placeholder', 'label': '&nbsp;', 'labelLengthWithoutTags': 1}, {'id': 'exclusive', 'label': 'ONLY@BCL', 'labelLengthWithoutTags': 8}]",True,,,1004,1024,1289,0.7,28000.0,0.30729999999999996,91116.17312072894,0.005050505050505051
1284,bcls,product,922666,0.3639408,THE DALMORE - CONSTELLATION 1972 CASK 1,,,Whisky,,[],,29000.0,,,,,,,['BCL Select'],,,922666,,[],,1,2024-03-11 19:10:01,Highland,1,"['05013967008694', '00087647112563']",False,,0.7,[],THE DALMORE - CONSTELLATION 1972 CASK 1,,United Kingdom,False,Scotland,3,3,,,False,1.0, CONSTELLATION 1972 CASK 1,0.475,,True,['BCL Select'],C,,THE DALMORE ,GB,,Single Malt Scotch Whisky,Whisky / Whiskey,False,False,1,29000.0,,,,,the dalmore - constellation 1972 cask 1,,,,Spirits,"[{'id': 'empty-placeholder', 'label': '&nbsp;', 'labelLengthWithoutTags': 1}, {'id': 'exclusive', 'label': 'ONLY@BCL', 'labelLengthWithoutTags': 8}]",True,,,1004,1024,1289,0.7,29000.0,0.33249999999999996,87218.04511278197,0.005050505050505051
1285,bcls,product,947317,0.35400322,THE DALMORE - CONSTELLATION 1973 CASK 10,,,Whisky,,[],,26000.0,,,,,,,[],,,947317,,[],,1,2024-03-11 19:10:01,Highland,1,"['05013967008700', '00087647112570']",False,,0.7,[],THE DALMORE - CONSTELLATION 1973 CASK 10,,United Kingdom,False,Scotland,3,3,,,False,1.0, CONSTELLATION 1973 CASK 10,0.48100000000000004,,False,[],ST,,THE DALMORE ,GB,,Single Malt Scotch Whisky,Whisky / Whiskey,False,False,1,26000.0,,,,,the dalmore - constellation 1973 cask 10,,,,Spirits,[],True,,,1004,1024,1289,0.7,26000.0,0.3367,77220.07722007722,0.005050505050505051
1286,bcls,product,58008,0.3639408,THE DALMORE - KING ALEXANDER I I I,,,Whisky,,[],,450.99,,,,,,,[],,,58008,,[],,322,2024-03-11 19:10:01,Highland,1,['00087647111702'],False,,0.75,[],THE DALMORE - KING ALEXANDER I I I,,United Kingdom,False,Scotland,2,2,,,False,44.0, KING ALEXANDER I I I,0.4,,False,[],SR,,THE DALMORE ,GB,,Single Malt Scotch Whisky,Whisky / Whiskey,False,False,0,450.99,,,,,the dalmore - king alexander i i i,,,,Spirits,[],True,,,1004,1024,1289,241.5,145218.78,0.30000000000000004,1503.2999999999997,0.2222222222222222
1287,bcls,product,455298,0.3639408,THE DALMORE - PRINCIPAL COLLECTION 18 YEAR OLD,,,Whisky,,[],,550.0,,,,,,,[],,,455298,,[],,182,2024-03-11 19:10:01,Highland,1,['05013967019324'],False,,0.7,[],THE DALMORE - PRINCIPAL COLLECTION 18 YEAR OLD,,United Kingdom,False,Scotland,2,2,,,False,30.0, PRINCIPAL COLLECTION 18 YEAR OLD,0.43,,False,[],ST,,THE DALMORE ,GB,,Single Malt Scotch Whisky,Whisky / Whiskey,False,False,0,550.0,,,,,the dalmore - principal collection 18 year old,,,,Spirits,[],True,,,1004,1024,1289,127.39999999999999,100100.0,0.301,1827.2425249169437,0.15151515151515152
1288,bcls,product,243799,0.35400322,THE DALMORE PORT WOOD,,,Whisky,,[],,134.99,,,,,,,[],,,243799,,[],,509,2024-03-11 19:10:01,Highland,1,['00087647113409'],False,,0.75,[],THE DALMORE PORT WOOD,,United Kingdom,False,Scotland,2,2,,,False,65.0,THE DALMORE PORT WOOD,0.465,,False,[],SH,,,GB,,Single Malt Scotch Whisky,Whisky / Whiskey,False,False,0,134.99,,,,,the dalmore port wood,,,,Spirits,[],True,,,1004,1024,1289,381.75,68709.91,0.34875,387.06810035842295,0.3282828282828283
1289,bcls,product,202807,0.35400322,THE DALMORE RARE & FINE - 45 YEAR OLD,,,Whisky,,[],,24000.0,,,,,,,[],,,202807,,[],,1,2024-03-11 19:10:01,Highland,1,['00087647113393'],False,,0.75,[],THE DALMORE RARE & FINE - 45 YEAR OLD,,United Kingdom,False,Scotland,2,2,,,False,1.0, 45 YEAR OLD,0.4,,False,[],SM,,THE DALMORE RARE & FINE ,GB,,Single Malt Scotch Whisky,Whisky / Whiskey,False,False,0,24000.0,,,,,the dalmore rare & fine - 45 year old,,,,Spirits,[],True,,,1004,1024,1289,0.75,24000.0,0.30000000000000004,79999.99999999999,0.005050505050505051
1290,bcls,product,14685,0.35400322,THE ENGLISH - 11YO BATCH 1 WHISKY,,,Whisky,,[],,135.99,,,,,,,['BCL Select'],,,14685,,[],,21,2024-03-11 19:10:01,,1,['05060199681850'],False,,0.7,[],THE ENGLISH - 11YO BATCH 1 WHISKY,,United Kingdom,False,,3,3,,,False,4.0, 11YO BATCH 1 WHISKY,0.46,,True,['BCL Select'],C,,THE ENGLISH ,GB,,Other Country Whisky,Whisky / Whiskey,False,False,1,135.99,,,,,the english - 11yo batch 1 whisky,,,,Spirits,"[{'id': 'empty-placeholder', 'label': '&nbsp;', 'labelLengthWithoutTags': 1}, {'id': 'exclusive', 'label': 'ONLY@BCL', 'labelLengthWithoutTags': 8}]",True,,,1004,1024,1288,14.7,2855.79,0.322,422.32919254658384,0.020202020202020204
1291,bcls,product,212645,0.3639408,THE EPICUREAN  - CASK STRENGTH GLASGOW LIMITED EDITION BLEND,,,Whisky,,[],,110.99,,,,,,,['BCL Select'],,,212645,,[],,1,2024-03-11 19:10:01,,1,['05014218806861'],False,,0.7,[],THE EPICUREAN  - CASK STRENGTH GLASGOW LIMITED EDITION BLEND,,United Kingdom,False,,3,3,,,False,1.0, CASK STRENGTH GLASGOW LIMITED EDITION BLEND,0.586,,True,['BCL Select'],C,,THE EPICUREAN  ,GB,,Blended Malt Scotch Whisky,Whisky / Whiskey,False,False,1,110.99,,,,,the epicurean  - cask strength glasgow limited edition blend,,,,Spirits,"[{'id': 'empty-placeholder', 'label': '&nbsp;', 'labelLengthWithoutTags': 1}, {'id': 'exclusive', 'label': 'ONLY@BCL', 'labelLengthWithoutTags': 8}]",True,,,1004,1024,1291,0.7,110.99,0.41019999999999995,270.57532910775234,0.005050505050505051
1292,bcls,product,752006,0.35400322,THE FAMOUS GROUSE SMOKY BLACK,,,Whisky,,[],,31.99,,,,,,,[],,,752006,,[],,1260,2024-03-11 19:10:01,,1,"['05010314071509', '05010314302528']",False,,0.75,[],THE FAMOUS GROUSE SMOKY BLACK,,United Kingdom,False,,2,2,,,False,126.0,THE FAMOUS GROUSE SMOKY BLACK,0.4,,False,[],SR,,,GB,,Blended Scotch Whisky,Whisky / Whiskey,False,False,0,31.99,,,,,the famous grouse smoky black,,,,Spirits,[],True,,,1004,1024,1283,945.0,40307.4,0.30000000000000004,106.63333333333331,0.6363636363636364
1293,bcls,product,254686,0.35400322,THE GAULDRONS - CAMPBELTOWN VATTED MALT CASK STRENGTH,,,Whisky,,[],,144.99,,,,,,,['BCL Select'],,,254686,,[],,19,2024-03-11 19:10:01,,1,['05014218824483'],False,,0.7,[],THE GAULDRONS - CAMPBELTOWN VATTED MALT CASK STRENGTH,,United Kingdom,False,,3,3,,,False,2.0, CAMPBELTOWN VATTED MALT CASK STRENGTH,0.534,,True,['BCL Select'],C,,THE GAULDRONS ,GB,,Blended Malt Scotch Whisky,Whisky / Whiskey,False,False,0,144.99,,,,,the gauldrons - campbeltown vatted malt cask strength,,,,Spirits,"[{'id': 'empty-placeholder', 'label': '&nbsp;', 'labelLengthWithoutTags': 1}, {'id': 'exclusive', 'label': 'ONLY@BCL', 'labelLengthWithoutTags': 8}]",True,,,1004,1024,1291,13.299999999999999,2754.8100000000004,0.3738,387.88121990369183,0.010101010101010102
1294,bcls,product,254546,0.3639408,THE GAULDRONS - CAMPBELTOWN VATTED MALT SHERRY CASK EDITION,,,Whisky,,[],,149.99,,,,,,,[],,,254546,,[],,33,2024-03-11 19:10:01,,1,['05014218825893'],False,,0.7,[],THE GAULDRONS - CAMPBELTOWN VATTED MALT SHERRY CASK EDITION,,United Kingdom,False,,3,3,,,False,8.0, CAMPBELTOWN VATTED MALT SHERRY CASK EDITION,0.5,,False,[],SM,,THE GAULDRONS ,GB,,Blended Malt Scotch Whisky,Whisky / Whiskey,False,False,0,149.99,,,,,the gauldrons - campbeltown vatted malt sherry cask edition,,,,Spirits,[],True,,,1004,1024,1291,23.099999999999998,4949.67,0.35,428.5428571428572,0.04040404040404041
1295,bcls,product,610501,0.35400322,THE IRISHMAN - HARVEST,,,Whisky,,[],True,83.99,,,2024-03-03T00:00:00.000-08:00,,,2024-03-03T00:00:00.000-08:00,['On Sale'],2024-03-31T00:00:00.000-07:00,,610501,True,[],,378,2024-03-11 19:10:01,,1,"['00816511905099', '05099811905654', '05099811905388']",False,,0.7,[],THE IRISHMAN - HARVEST,,Ireland,False,,2,2,,,False,49.0, HARVEST,0.4,,False,['On Sale'],SH,,THE IRISHMAN ,IE,,Irish Whiskey,Whisky / Whiskey,False,False,0,78.99,,,,,the irishman - harvest,,2024-03-31T00:00:00.000-07:00,,Spirits,[],True,,,1004,1024,1287,264.59999999999997,31748.219999999998,0.27999999999999997,299.9642857142857,0.2474747474747475
1296,bcls,product,103586,0.3639408,THE KRAKEN - BLACK ROAST COFFEE,,,Rum,,[],,28.97,,,,,,,[],,,103586,,[],,102,2024-03-11 19:10:01,,1,['00811538016933'],False,,0.75,[],THE KRAKEN - BLACK ROAST COFFEE,,Trinidad And Tobago,False,,3,3,,,False,16.0, BLACK ROAST COFFEE,0.33,,False,[],SR,,THE KRAKEN ,TT,,Flavoured Rum,Rum,False,False,1,28.97,,,,,the kraken - black roast coffee,,,,Spirits,[],True,,,1004,1021,1254,76.5,2954.94,0.2475,117.05050505050505,0.08080808080808081
1297,bcls,product,522086,0.35400322,THE KRAKEN - BLACK SPICED,,,Rum,,[],,68.99,,,,,,,[],,,522086,,[],,2149,2024-03-11 19:10:01,,1,['00811538013017'],False,,1.75,[],THE KRAKEN - BLACK SPICED,,Trinidad And Tobago,False,,2,2,,,False,171.0, BLACK SPICED,0.47,,False,[],SR,,THE KRAKEN ,TT,,Spiced Rum,Rum,False,False,0,68.99,,,,,the kraken - black spiced,,,,Spirits,[],True,,,1004,1021,1255,3760.75,148259.50999999998,0.8225,83.87841945288753,0.8636363636363636
1298,bcls,product,877654,0.35400322,THE KRAKEN - BLACK SPICED,,,Rum,,[],,5.29,,,,,,,[],,,877654,,[],,7729,2024-03-11 19:10:01,,1,['00811538010580'],False,,0.05,[],THE KRAKEN - BLACK SPICED,,Trinidad And Tobago,False,,2,2,,,False,147.0, BLACK SPICED,0.47,,False,[],SR,,THE KRAKEN ,TT,,Spiced Rum,Rum,False,False,0,5.29,,,,,the kraken - black spiced,,,,Spirits,[],True,,,1004,1021,1255,386.45000000000005,40886.41,0.0235,225.10638297872342,0.7424242424242424
1299,bcls,product,9845,0.3639408,THE KRAKEN - BLACK SPICED,,,Rum,,[],,17.99,,,,,,,[],,,9845,,[],,3084,2024-03-11 19:10:01,,1,['00811538013086'],False,,0.375,[],THE KRAKEN - BLACK SPICED,,Trinidad And Tobago,False,,2,2,,,False,189.0, BLACK SPICED,0.47,,False,[],SR,,THE KRAKEN ,TT,,Spiced Rum,Rum,False,False,0,17.99,,,,,the kraken - black spiced,,,,Spirits,[],True,,,1004,1021,1255,1156.5,55481.159999999996,0.17625,102.0709219858156,0.9545454545454546
1300,bcls,product,199455,0.3639408,THE KRAKEN - BLACK SPICED,,,Rum,,[],,31.99,,,,,,,[],,,199455,,[],,3058,2024-03-11 19:10:01,,1,['00811538013024'],False,,0.75,[],THE KRAKEN - BLACK SPICED,,Trinidad And Tobago,False,,2,2,,,False,198.0, BLACK SPICED,0.47,,False,[],G,,THE KRAKEN ,TT,,Spiced Rum,Rum,False,False,0,31.99,,,,,the kraken - black spiced,,,,Spirits,[],True,,,1004,1021,1255,2293.5,97825.42,0.3525,90.7517730496454,1.0
1301,bcls,product,879171,0.3639408,THE KRAKEN - BLACK SPICED,,,Rum,,[],,43.99,,,,,,,[],,,879171,,[],,2165,2024-03-11 19:10:01,,1,['00811538013048'],False,,1.14,[],THE KRAKEN - BLACK SPICED,,Trinidad And Tobago,False,,2,2,,,False,184.0, BLACK SPICED,0.47,,False,[],G,,THE KRAKEN ,TT,,Spiced Rum,Rum,False,False,0,43.99,,,,,the kraken - black spiced,,,,Spirits,[],True,,,1004,1021,1255,2468.1,95238.35,0.5357999999999999,82.1015304217992,0.9292929292929293
1302,bcls,product,499172,0.3639408,THE KRAKEN - GOLD SPICED RUM,,,Rum,,[],,30.99,,,,,,,[],,,499172,,[],,1268,2024-03-11 19:10:01,,1,['00818844024324'],False,,0.75,[],THE KRAKEN - GOLD SPICED RUM,,Trinidad And Tobago,False,,2,2,,,False,119.0, GOLD SPICED RUM,0.35,,False,[],SH,,THE KRAKEN ,TT,,Amber Rum,Rum,False,False,0,30.99,,,,,the kraken - gold spiced rum,,,,Spirits,[],True,,,1004,1021,1252,951.0,39295.32,0.26249999999999996,118.05714285714288,0.601010101010101
1303,bcls,product,474393,0.3639408,THE KRAKEN - UNKNOWN DEEP 2021 LIMITED EDITION,,,Rum,,[],,45.99,,,,,,,[],,,474393,,[],,4,2024-03-11 19:10:01,,1,['00818844022610'],False,,0.75,[],THE KRAKEN - UNKNOWN DEEP 2021 LIMITED EDITION,,Trinidad And Tobago,False,,3,3,,,False,1.0, UNKNOWN DEEP 2021 LIMITED EDITION,0.47,,False,[],SH,,THE KRAKEN ,TT,,Spiced Rum,Rum,False,False,1,45.99,,,,,the kraken - unknown deep 2021 limited edition,,,,Spirits,[],True,,,1004,1021,1255,3.0,183.96,0.3525,130.468085106383,0.005050505050505051
1304,bcls,product,367792,0.35400322,THE MACALLAN - CLASSIC CUT 2023 RELEASE,,,Whisky,,[],,225.99,,,,,,,['BCL Select'],,,367792,,[],,34,2024-03-11 19:10:01,Highland,1,['00812066024698'],False,,0.75,[],THE MACALLAN - CLASSIC CUT 2023 RELEASE,,United Kingdom,False,Scotland,3,3,,,False,7.0, CLASSIC CUT 2023 RELEASE,0.503,,True,['BCL Select'],C,,THE MACALLAN ,GB,,Single Malt Scotch Whisky,Whisky / Whiskey,False,False,0,225.99,,,,,the macallan - classic cut 2023 release,,,,Spirits,"[{'id': 'empty-placeholder', 'label': '&nbsp;', 'labelLengthWithoutTags': 1}, {'id': 'exclusive', 'label': 'ONLY@BCL', 'labelLengthWithoutTags': 8}]",True,,,1004,1024,1289,25.5,7683.66,0.37725,599.0457256461233,0.03535353535353535
1305,bcls,product,261043,0.35400322,THE MACALLAN - M BLACK 2023 RELEASE,,,Whisky,,[],,18000.0,,,,,,,['BCL Select'],,,261043,,[],,2,2024-03-11 19:10:01,Speyside,1,['00812066024711'],False,,0.7,[],THE MACALLAN - M BLACK 2023 RELEASE,,United Kingdom,False,Scotland,3,3,,,False,1.0, M BLACK 2023 RELEASE,0.46,,True,['BCL Select'],C,,THE MACALLAN ,GB,,Single Malt Scotch Whisky,Whisky / Whiskey,False,False,0,18000.0,,,,,the macallan - m black 2023 release,,,,Spirits,"[{'id': 'empty-placeholder', 'label': '&nbsp;', 'labelLengthWithoutTags': 1}, {'id': 'exclusive', 'label': 'ONLY@BCL', 'labelLengthWithoutTags': 8}]",True,,,1004,1024,1289,1.4,36000.0,0.322,55900.62111801242,0.005050505050505051
1306,bcls,product,316386,0.35400322,THE MACALLAN - M COPPER,,,Whisky,,[],,20000.0,,,,,,,['BCL Select'],,,316386,,[],,1,2024-03-11 19:10:01,Highland,1,['05010314310943'],False,,0.7,[],THE MACALLAN - M COPPER,,United Kingdom,False,Scotland,3,3,,,False,1.0, M COPPER,0.42,,True,['BCL Select'],C,,THE MACALLAN ,GB,,Single Malt Scotch Whisky,Whisky / Whiskey,False,False,0,20000.0,,,,,the macallan - m copper,,,,Spirits,"[{'id': 'empty-placeholder', 'label': '&nbsp;', 'labelLengthWithoutTags': 1}, {'id': 'exclusive', 'label': 'ONLY@BCL', 'labelLengthWithoutTags': 8}]",True,,,1004,1024,1289,0.7,20000.0,0.294,68027.21088435374,0.005050505050505051
1307,bcls,product,343500,0.3639408,THE MACALLAN - RED COLLECTION 40 YEAR OLD,,,Whisky,,[],,52000.0,,,,,,,['BCL Select'],,,343500,,[],,0,2024-03-11 19:10:01,Highland,1,['05010314310561'],False,,0.7,[],THE MACALLAN - RED COLLECTION 40 YEAR OLD,,United Kingdom,False,Scotland,2,2,,,False,, RED COLLECTION 40 YEAR OLD,0.43200000000000005,,True,['BCL Select'],C,,THE MACALLAN ,GB,,Single Malt Scotch Whisky,Whisky / Whiskey,False,True,0,52000.0,,,,,the macallan - red collection 40 year old,,,,Spirits,"[{'id': 'empty-placeholder', 'label': '&nbsp;', 'labelLengthWithoutTags': 1}, {'id': 'exclusive', 'label': 'ONLY@BCL', 'labelLengthWithoutTags': 8}]",True,False,By draw only March 14-17,1004,1024,1289,0.0,0.0,0.3024,171957.67195767196,
1308,bcls,product,316389,0.3639408,THE MACALLAN - RED COLLECTION 78 YEAR OLD,,,Whisky,,[],,142000.0,,,,,,,['BCL Select'],,,316389,,[],,0,2024-03-11 19:10:01,Highland,1,"['05010314310615', '00812066024384']",False,,0.7,[],THE MACALLAN - RED COLLECTION 78 YEAR OLD,,United Kingdom,False,Scotland,2,2,,,False,, RED COLLECTION 78 YEAR OLD,0.42200000000000004,,True,['BCL Select'],C,,THE MACALLAN ,GB,,Single Malt Scotch Whisky,Whisky / Whiskey,False,True,0,142000.0,,,,,the macallan - red collection 78 year old,,,,Spirits,"[{'id': 'empty-placeholder', 'label': '&nbsp;', 'labelLengthWithoutTags': 1}, {'id': 'exclusive', 'label': 'ONLY@BCL', 'labelLengthWithoutTags': 8}]",True,False,By draw only March 14-17,1004,1024,1289,0.0,0.0,0.2954,480704.1299932295,
1309,bcls,product,251515,0.35400322,THE QUIET MAN - 8 YO SINGLE MALT IRISH WHISKEY,,,Whisky,,[],,94.99,,,,,,,['BCL Select'],,,251515,,[],,67,2024-03-11 19:10:01,,1,['05000401020602'],False,,0.7,[],THE QUIET MAN - 8 YO SINGLE MALT IRISH WHISKEY,,United Kingdom,False,,2,2,,,False,12.0, 8 YO SINGLE MALT IRISH WHISKEY,0.46,,True,['BCL Select'],C,,THE QUIET MAN ,GB,,Irish Whiskey,Whisky / Whiskey,False,False,0,94.99,,,,,the quiet man - 8 yo single malt irish whiskey,,,,Spirits,"[{'id': 'empty-placeholder', 'label': '&nbsp;', 'labelLengthWithoutTags': 1}, {'id': 'exclusive', 'label': 'ONLY@BCL', 'labelLengthWithoutTags': 8}]",True,,,1004,1024,1287,46.9,6364.33,0.322,295.0,0.06060606060606061
1310,bcls,product,162043,0.3639408,THE SEXTON - SINGLE MALT IRISH WHISKEY,,,Whisky,,[],True,52.99,,,2024-03-03T00:00:00.000-08:00,,,2024-03-03T00:00:00.000-08:00,['On Sale'],2024-03-31T00:00:00.000-07:00,,162043,True,[],,585,2024-03-11 19:10:01,,1,['00811538018098'],False,,0.75,[],THE SEXTON - SINGLE MALT IRISH WHISKEY,,Ireland,False,,2,2,,,False,62.0, SINGLE MALT IRISH WHISKEY,0.4,,False,['On Sale'],SH,,THE SEXTON ,IE,,Irish Whiskey,Whisky / Whiskey,False,False,0,48.99,,,,,the sexton - single malt irish whiskey,,2024-03-31T00:00:00.000-07:00,,Spirits,[],True,,,1004,1024,1287,438.75,30999.15,0.30000000000000004,176.63333333333333,0.31313131313131315
1311,bcls,product,235399,0.35400322,THE SINGLETON OF GLENDULLAN - 14 YO SPECIAL RELEASE 2023,,,Whisky,,[],,189.99,,,,,,,['BCL Select'],,,235399,,[],,52,2024-03-11 19:10:01,Speyside,1,['00088076188761'],False,,0.75,[],THE SINGLETON OF GLENDULLAN - 14 YO SPECIAL RELEASE 2023,,United Kingdom,False,Scotland,3,3,,,False,9.0, 14 YO SPECIAL RELEASE 2023,0.55,,True,['BCL Select'],C,,THE SINGLETON OF GLENDULLAN ,GB,,Single Malt Scotch Whisky,Whisky / Whiskey,False,False,0,189.99,,,,,the singleton of glendullan - 14 yo special release 2023,,,,Spirits,"[{'id': 'empty-placeholder', 'label': '&nbsp;', 'labelLengthWithoutTags': 1}, {'id': 'exclusive', 'label': 'ONLY@BCL', 'labelLengthWithoutTags': 8}]",True,,,1004,1024,1289,39.0,9879.48,0.41250000000000003,460.58181818181816,0.045454545454545456
1312,bcls,product,420147,0.35400322,THE WISEMAN - KENTUCKY STRAIGHT BOURBON,,,Whisky,,[],,70.99,,,,,,,[],,,420147,,[],,43,2024-03-11 19:10:01,,1,['00857361007229'],False,,0.75,[],THE WISEMAN - KENTUCKY STRAIGHT BOURBON,,USA,False,,3,3,,,False,4.0, KENTUCKY STRAIGHT BOURBON,0.45399999999999996,,False,[],ST,,THE WISEMAN ,US,,Bourbon Whiskey,Whisky / Whiskey,False,False,0,70.99,,,,,the wiseman - kentucky straight bourbon,,,,Spirits,[],True,,,1004,1024,1284,32.25,3052.5699999999997,0.34049999999999997,208.48751835535978,0.020202020202020204
1313,bcls,product,630913,0.3639408,TIA MARIA,,,Liqueurs,,[],,29.99,,,,,,,[],,,630913,,[],,1848,2024-03-11 19:10:01,,1,"['00050037599183', '00089540448152', '00050037599176']",False,,0.75,[],TIA MARIA,,Italy,False,,2,2,,,False,149.0,TIA MARIA,0.2,,False,[],SR,,,IT,,Coffee And Cocoa Liqueurs,Liqueurs,False,False,0,29.99,,,,,tia maria,,,,Spirits,[],True,,,1004,1019,1209,1386.0,55421.52,0.15000000000000002,199.93333333333328,0.7525252525252525
1314,bcls,product,150865,0.3639408,TIERRA NOBLE - EXTRA ANEJO 6 YEAR,,,Tequila,,[],,240.99,,,,,,,[],,,150865,,[],,46,2024-03-11 19:10:01,,1,['00836508000064'],False,,0.75,[],TIERRA NOBLE - EXTRA ANEJO 6 YEAR,,Mexico,False,,3,3,,,False,5.0, EXTRA ANEJO 6 YEAR,0.4,,False,[],ST,,TIERRA NOBLE ,MX,,Blanco/Silver Tequila,Tequila,False,False,0,240.99,,,,,tierra noble - extra anejo 6 year,,,,Spirits,[],True,,,1004,1022,1270,34.5,11085.54,0.30000000000000004,803.3,0.025252525252525252
1315,bcls,product,613885,0.35400322,TIERRA NOBLE ANEJO,,,Tequila,,[],,105.99,,,,,,,[],,,613885,,[],,394,2024-03-11 19:10:01,,1,['00836508000057'],False,,0.75,[],TIERRA NOBLE ANEJO,,Mexico,False,,2,2,,,False,67.0,TIERRA NOBLE ANEJO,0.4,,False,[],SR,,,MX,,Gold Tequila,Tequila,False,False,0,105.99,,,,,tierra noble anejo,,,,Spirits,[],True,,,1004,1022,1272,295.5,41760.06,0.30000000000000004,353.29999999999995,0.3383838383838384
1316,bcls,product,269261,0.3639408,TIMOROUS BEASTIE - DOUGLAS LAING PORT FINISH,,,Whisky,,[],,148.99,,,,,,,['BCL Select'],,,269261,,[],,77,2024-03-11 19:10:01,,1,['05014218827569'],False,,0.7,[],TIMOROUS BEASTIE - DOUGLAS LAING PORT FINISH,,United Kingdom,False,,3,3,,,False,12.0, DOUGLAS LAING PORT FINISH,0.48,,True,['BCL Select'],C,,TIMOROUS BEASTIE ,GB,,Blended Malt Scotch Whisky,Whisky / Whiskey,False,False,0,148.99,,,,,timorous beastie - douglas laing port finish,,,,Spirits,"[{'id': 'empty-placeholder', 'label': '&nbsp;', 'labelLengthWithoutTags': 1}, {'id': 'exclusive', 'label': 'ONLY@BCL', 'labelLengthWithoutTags': 8}]",True,,,1004,1024,1291,53.9,11472.230000000001,0.33599999999999997,443.4226190476191,0.06060606060606061
1317,bcls,product,86213,0.35400322,TOBERMORY - 12 YO,,,Whisky,,[],,106.99,,,,,,,[],,,86213,,[],,480,2024-03-11 19:10:01,Highland,1,['05029704219582'],False,,0.75,[],TOBERMORY - 12 YO,,United Kingdom,False,Scotland,2,2,,,False,47.0, 12 YO,0.46299999999999997,,False,[],SH,,TOBERMORY ,GB,,Single Malt Scotch Whisky,Whisky / Whiskey,False,False,0,106.99,,,,,tobermory - 12 yo,,,,Spirits,[],True,,,1004,1024,1289,360.0,51355.2,0.34724999999999995,308.106551475882,0.23737373737373738
1318,bcls,product,476224,0.35400322,TOBERMORY - GIN,,,Gin,,[],,49.99,,,,,,,[],,,476224,,[],,234,2024-03-11 19:10:01,,1,['05029704220151'],False,,0.75,[],TOBERMORY - GIN,,United Kingdom,False,,3,3,,,False,35.0, GIN,0.433,,False,[],SH,,TOBERMORY ,GB,,Dry Gin,Gin,False,False,0,49.99,,,,,tobermory - gin,,,,Spirits,[],True,,,1004,1017,1168,175.5,11697.66,0.32475,153.9337952270978,0.17676767676767677
1319,bcls,product,410206,0.3639408,TOMATIN - CU BOCAN CREATION 3,,,Whisky,,[],,135.99,,,,,,,[],,,410206,,[],,10,2024-03-11 19:10:01,Highland,1,['05018481101005'],False,,0.7,[],TOMATIN - CU BOCAN CREATION 3,,United Kingdom,False,Scotland,3,3,,,False,5.0, CU BOCAN CREATION 3,0.46,,False,[],SM,,TOMATIN ,GB,,Single Malt Scotch Whisky,Whisky / Whiskey,False,False,1,135.99,,,,,tomatin - cu bocan creation 3,,,,Spirits,[],True,,,1004,1024,1289,7.0,1359.9,0.322,422.32919254658384,0.025252525252525252
1320,bcls,product,410215,0.3639408,TOMATIN - CU BOCAN CREATION 4,,,Whisky,,[],,135.99,,,,,,,[],,,410215,,[],,23,2024-03-11 19:10:01,Highland,1,['05018481101029'],False,,0.7,[],TOMATIN - CU BOCAN CREATION 4,,United Kingdom,False,Scotland,3,3,,,False,7.0, CU BOCAN CREATION 4,0.46,,False,[],SM,,TOMATIN ,GB,,Single Malt Scotch Whisky,Whisky / Whiskey,False,False,1,135.99,,,,,tomatin - cu bocan creation 4,,,,Spirits,[],True,,,1004,1024,1289,16.099999999999998,3127.7700000000004,0.322,422.32919254658384,0.03535353535353535
1321,bcls,product,406713,0.3639408,TOMATIN - CUBOCAN IMPERIAL STOUT AND MOSCATEL WINE CASK,,,Whisky,,[],,135.99,,,,,,,['BCL Select'],,,406713,,[],,28,2024-03-11 19:10:01,Highland,1,['05018481100251'],False,,0.7,[],TOMATIN - CUBOCAN IMPERIAL STOUT AND MOSCATEL WINE CASK,,United Kingdom,False,Scotland,3,3,,,False,9.0, CUBOCAN IMPERIAL STOUT AND MOSCATEL WINE CASK,0.46,,True,['BCL Select'],C,,TOMATIN ,GB,,Single Malt Scotch Whisky,Whisky / Whiskey,False,False,1,135.99,,,,,tomatin - cubocan imperial stout and moscatel wine cask,,,,Spirits,"[{'id': 'empty-placeholder', 'label': '&nbsp;', 'labelLengthWithoutTags': 1}, {'id': 'exclusive', 'label': 'ONLY@BCL', 'labelLengthWithoutTags': 8}]",True,,,1004,1024,1289,19.599999999999998,3807.7200000000003,0.322,422.32919254658384,0.045454545454545456
1322,bcls,product,486239,0.3639408,TOMATIN - CUBOCAN JAPANESE SHOCHU AND EUROPEAN VIRGIN OAK CA,,,Whisky,,[],,135.99,,,,,,,['BCL Select'],,,486239,,[],,20,2024-03-11 19:10:01,Highland,1,['05018481100275'],False,,0.7,[],TOMATIN - CUBOCAN JAPANESE SHOCHU AND EUROPEAN VIRGIN OAK CA,,United Kingdom,False,Scotland,3,3,,,False,9.0, CUBOCAN JAPANESE SHOCHU AND EUROPEAN VIRGIN OAK CA,0.46,,True,['BCL Select'],C,,TOMATIN ,GB,,Single Malt Scotch Whisky,Whisky / Whiskey,False,False,1,135.99,,,,,tomatin - cubocan japanese shochu and european virgin oak ca,,,,Spirits,"[{'id': 'empty-placeholder', 'label': '&nbsp;', 'labelLengthWithoutTags': 1}, {'id': 'exclusive', 'label': 'ONLY@BCL', 'labelLengthWithoutTags': 8}]",True,,,1004,1024,1289,14.0,2719.8,0.322,422.32919254658384,0.045454545454545456
1323,bcls,product,893123,0.35400322,TOMATIN - LEGACY,,,Whisky,,[],,71.99,,,,,,,[],,,893123,,[],,6,2024-03-11 19:10:01,Other Scotch Regions,1,"['00008427999228', '05018481022003']",False,,0.75,[],TOMATIN - LEGACY,,United Kingdom,False,Scotland,2,2,,,False,1.0, LEGACY,0.43,,False,[],SH,,TOMATIN ,GB,,Single Malt Scotch Whisky,Whisky / Whiskey,False,False,0,71.99,,,,,tomatin - legacy,,,,Spirits,[],True,,,1004,1024,1289,4.5,431.93999999999994,0.3225,223.22480620155036,0.005050505050505051
1324,bcls,product,156404,0.3639408,TOMATIN - LEGACY,,,Whisky,,[],,65.99,,,,,,,['BCL Select'],,,156404,,[],,75,2024-03-11 19:10:01,Highland,1,['00087116003347'],False,,0.7,[],TOMATIN - LEGACY,,United Kingdom,False,Scotland,3,3,,,False,22.0, LEGACY,0.43,,True,['BCL Select'],C,,TOMATIN ,GB,,Single Malt Scotch Whisky,Whisky / Whiskey,False,False,0,65.99,,,,,tomatin - legacy,,,,Spirits,"[{'id': 'empty-placeholder', 'label': '&nbsp;', 'labelLengthWithoutTags': 1}, {'id': 'exclusive', 'label': 'ONLY@BCL', 'labelLengthWithoutTags': 8}]",True,,,1004,1024,1289,52.5,4949.25,0.301,219.2358803986711,0.1111111111111111
1325,bcls,product,404512,0.3639408,TOMATIN - MONBAZILLAC CASK FC,,,Whisky,,[],,169.99,,,,,,,['BCL Select'],,,404512,,[],,1,2024-03-11 19:10:01,Highland,1,['05018481101128'],False,,0.7,[],TOMATIN - MONBAZILLAC CASK FC,,United Kingdom,False,Scotland,3,3,,,False,1.0, MONBAZILLAC CASK FC,0.46,,True,['BCL Select'],C,,TOMATIN ,GB,,Single Malt Scotch Whisky,Whisky / Whiskey,False,False,1,169.99,,,,,tomatin - monbazillac cask fc,,,,Spirits,"[{'id': 'empty-placeholder', 'label': '&nbsp;', 'labelLengthWithoutTags': 1}, {'id': 'exclusive', 'label': 'ONLY@BCL', 'labelLengthWithoutTags': 8}]",True,,,1004,1024,1289,0.7,169.99,0.322,527.9192546583851,0.005050505050505051
1326,bcls,product,404515,0.3639408,TOMATIN - RIVESALTES CASK FC,,,Whisky,,[],,169.99,,,,,,,['BCL Select'],,,404515,,[],,2,2024-03-11 19:10:01,Highland,1,['05018481101142'],False,,0.7,[],TOMATIN - RIVESALTES CASK FC,,United Kingdom,False,Scotland,3,3,,,False,1.0, RIVESALTES CASK FC,0.46,,True,['BCL Select'],C,,TOMATIN ,GB,,Single Malt Scotch Whisky,Whisky / Whiskey,False,False,1,169.99,,,,,tomatin - rivesaltes cask fc,,,,Spirits,"[{'id': 'empty-placeholder', 'label': '&nbsp;', 'labelLengthWithoutTags': 1}, {'id': 'exclusive', 'label': 'ONLY@BCL', 'labelLengthWithoutTags': 8}]",True,,,1004,1024,1289,1.4,339.98,0.322,527.9192546583851,0.005050505050505051
1327,bcls,product,353579,0.35400322,TOMINTOUL - 40 YEAR OLD SINGLE MALT SCOTCH WHISKY,,,Whisky,,[],,10750.0,,,,,,,[],,,353579,,[],,1,2024-03-11 19:10:01,Speyside,1,['05021349702627'],False,,0.7,[],TOMINTOUL - 40 YEAR OLD SINGLE MALT SCOTCH WHISKY,,United Kingdom,False,Scotland,3,3,,,False,1.0, 40 YEAR OLD SINGLE MALT SCOTCH WHISKY,0.431,,False,[],SM,,TOMINTOUL ,GB,,Single Malt Scotch Whisky,Whisky / Whiskey,False,False,0,10750.0,,,,,tomintoul - 40 year old single malt scotch whisky,,,,Spirits,[],True,,,1004,1024,1289,0.7,10750.0,0.30169999999999997,35631.421942326815,0.005050505050505051
1328,bcls,product,429858,0.35400322,TOMINTOUL - CIGAR MALT OLOROSO SHERRY CASK,,,Whisky,,[],,203.99,,,,,,,['BCL Select'],,,429858,,[],,9,2024-03-11 19:10:01,Speyside,1,['05021349704676'],False,,0.7,[],TOMINTOUL - CIGAR MALT OLOROSO SHERRY CASK,,United Kingdom,False,Scotland,3,3,,,False,3.0, CIGAR MALT OLOROSO SHERRY CASK,0.43,,True,['BCL Select'],C,,TOMINTOUL ,GB,,Single Malt Scotch Whisky,Whisky / Whiskey,False,False,0,203.99,,,,,tomintoul - cigar malt oloroso sherry cask,,,,Spirits,"[{'id': 'empty-placeholder', 'label': '&nbsp;', 'labelLengthWithoutTags': 1}, {'id': 'exclusive', 'label': 'ONLY@BCL', 'labelLengthWithoutTags': 8}]",False,,,1004,1024,1289,6.3,1835.91,0.301,677.7076411960134,0.015151515151515152
1329,bcls,product,521506,0.3639408,TONIK - 13 PEAKS OLD TOM GIN,,,Gin,,[],,44.99,,,,,,,[],,,521506,,[],,71,2024-03-11 19:10:01,,1,['00628011073327'],False,,0.75,[],TONIK - 13 PEAKS OLD TOM GIN,,Canada,False,,3,3,,,False,10.0, 13 PEAKS OLD TOM GIN,0.39,,False,[],SH,,TONIK ,CA,,Other Gin,Gin,False,False,0,44.99,,,,,tonik - 13 peaks old tom gin,,,,Spirits,[],True,,,1004,1017,1169,53.25,3194.29,0.2925,153.81196581196582,0.050505050505050504
1330,bcls,product,868810,0.3639408,TORRES - RESERVE DE LA FAMILLE JAIME 1,,,Grape and Fruit Brandy,,[],,179.99,,,,,,,['BCL Select'],,,868810,,[],,48,2024-03-11 19:10:01,,1,['08410113000132'],False,,0.75,[],TORRES - RESERVE DE LA FAMILLE JAIME 1,,Spain,False,,2,2,,,False,5.0, RESERVE DE LA FAMILLE JAIME 1,0.4,,True,['BCL Select'],C,,TORRES ,ES,,Brandy,Brandy,False,False,0,179.99,,,,,torres - reserve de la famille jaime 1,,,,Spirits,"[{'id': 'empty-placeholder', 'label': '&nbsp;', 'labelLengthWithoutTags': 1}, {'id': 'exclusive', 'label': 'ONLY@BCL', 'labelLengthWithoutTags': 8}]",True,,,1004,1018,1171,36.0,8639.52,0.30000000000000004,599.9666666666666,0.025252525252525252
1331,bcls,product,67221,0.3639408,TRES GENERACIONES - PLATA,,,Tequila,,[],,73.99,,,,,,,[],,,67221,,[],,588,2024-03-11 19:10:01,,1,['00080686836018'],False,,0.75,[],TRES GENERACIONES - PLATA,,Mexico,False,,2,2,,,False,56.0, PLATA,0.4,,False,[],SR,,TRES GENERACIONES ,MX,,Blanco/Silver Tequila,Tequila,False,False,0,73.99,,,,,tres generaciones - plata,,,,Spirits,[],True,,,1004,1022,1270,441.0,43506.119999999995,0.30000000000000004,246.63333333333327,0.2828282828282828
1332,bcls,product,435022,0.3639408,TRES GENERACIONES REPOSADO,,,Tequila,,[],,82.99,,,,,,,[],,,435022,,[],,460,2024-03-11 19:10:01,,1,['00080686836032'],False,,0.75,[],TRES GENERACIONES REPOSADO,,Mexico,False,,2,2,,,False,52.0,TRES GENERACIONES REPOSADO,0.4,,False,[],SH,,,MX,,Gold Tequila,Tequila,False,False,0,82.99,,,,,tres generaciones reposado,,,,Spirits,[],True,,,1004,1022,1272,345.0,38175.399999999994,0.30000000000000004,276.63333333333327,0.26262626262626265
1333,bcls,product,178012,0.3639408,TRIPLE SEC - HENKES,,,Liqueurs,,[],,25.99,,,,,,,[],,,178012,,[],,2946,2024-03-11 19:10:01,,1,['00622153215041'],False,,0.75,[],TRIPLE SEC - HENKES,,Canada,False,,2,2,,,False,195.0, HENKES,0.23,,False,[],SR,,TRIPLE SEC ,CA,,Fruit Liqueurs,Liqueurs,False,False,0,25.99,,,,,triple sec - henkes,,,,Spirits,[],True,,,1004,1019,1211,2209.5,76566.54,0.17250000000000001,150.66666666666666,0.9848484848484849
1334,bcls,product,5215,0.35400322,TRIPLE SEC - MEAGHERS,,,Liqueurs,,[],,26.99,,,,,,,[],,,5215,,[],,3060,2024-03-11 19:10:01,,1,['00048415163088'],False,,0.75,[],TRIPLE SEC - MEAGHERS,,Canada,False,,2,2,,,False,196.0, MEAGHERS,0.35,,False,[],G,,TRIPLE SEC ,CA,,Fruit Liqueurs,Liqueurs,False,False,0,26.99,,,,,triple sec - meaghers,,,,Spirits,[],True,,,1004,1019,1211,2295.0,82589.4,0.26249999999999996,102.81904761904764,0.98989898989899
1335,bcls,product,88328,0.3639408,TRIPLE SEC - MEAGHERS,,,Liqueurs,,[],,19.99,,,,,,,[],,,88328,,[],,2236,2024-03-11 19:10:01,,1,['00048415354462'],False,,0.375,[],TRIPLE SEC - MEAGHERS,,Canada,False,,2,2,,,False,181.0, MEAGHERS,0.35,,False,[],SR,,TRIPLE SEC ,CA,,Fruit Liqueurs,Liqueurs,False,False,0,19.99,,,,,triple sec - meaghers,,,,Spirits,[],True,,,1004,1019,1211,838.5,44697.64,0.13124999999999998,152.30476190476193,0.9141414141414141
1336,bcls,product,254276,0.3639408,TROMBA - BLANCO,,,Tequila,,[],,54.99,,,,,,,[],,,254276,,[],,556,2024-03-11 19:10:01,,1,['00858338002001'],False,,0.75,[],TROMBA - BLANCO,,Mexico,False,,2,2,,,False,57.0, BLANCO,0.36,,False,[],SH,,TROMBA ,MX,,Blanco/Silver Tequila,Tequila,False,False,0,54.99,,,,,tromba - blanco,,,,Spirits,[],True,,,1004,1022,1270,417.0,30574.440000000002,0.27,203.66666666666666,0.2878787878787879
1337,bcls,product,71746,0.3639408,TULLAMORE DEW,,,Whisky,,[],True,39.99,,,2024-03-03T00:00:00.000-08:00,,,2024-03-03T00:00:00.000-08:00,['On Sale'],2024-03-31T00:00:00.000-07:00,,71746,True,[],,2293,2024-03-11 19:10:01,,1,['05011026108026'],False,,0.75,[],TULLAMORE DEW,,Ireland,False,,2,2,,,False,187.0,TULLAMORE DEW,0.4,,False,['On Sale'],SR,,,IE,,Irish Whiskey,Whisky / Whiskey,False,False,0,36.99,,,,,tullamore dew,,2024-03-31T00:00:00.000-07:00,,Spirits,[],True,,,1004,1024,1287,1719.75,91697.07,0.30000000000000004,133.29999999999998,0.9444444444444444
1338,bcls,product,215740,0.35400322,TULLAMORE DEW XO RUM FINISH,,,Whisky,,[],,47.99,,,,,,,[],,,215740,,[],,38,2024-03-11 19:10:01,,1,"['00083664873852', '05010327404271']",False,,0.75,[],TULLAMORE DEW XO RUM FINISH,,Ireland,False,,3,3,,,False,7.0,TULLAMORE DEW XO RUM FINISH,0.43,,False,[],SH,,,IE,,Irish Whiskey,Whisky / Whiskey,False,False,0,47.99,,,,,tullamore dew xo rum finish,,,,Spirits,[],True,,,1004,1024,1287,28.5,1823.6200000000001,0.3225,148.8062015503876,0.03535353535353535
1339,bcls,product,340238,0.35400322,TULLIBARDINE - CUSTODIAN 1973,,,Whisky,,[],,5200.0,,,,,,,['BCL Select'],,,340238,,[],,2,2024-03-11 19:10:01,Highland,1,['00813897020736'],False,,0.7,[],TULLIBARDINE - CUSTODIAN 1973,,United Kingdom,False,Scotland,3,3,,,False,1.0, CUSTODIAN 1973,0.415,,True,['BCL Select'],C,,TULLIBARDINE ,GB,,Single Malt Scotch Whisky,Whisky / Whiskey,False,False,0,5200.0,,,,,tullibardine - custodian 1973,,,,Spirits,"[{'id': 'empty-placeholder', 'label': '&nbsp;', 'labelLengthWithoutTags': 1}, {'id': 'exclusive', 'label': 'ONLY@BCL', 'labelLengthWithoutTags': 8}]",True,,,1004,1024,1289,1.4,10400.0,0.2905,17900.172117039587,0.005050505050505051
1340,bcls,product,376330,0.35400322,TULLIBARDINE - THE MURRAY TRIPLE PORT FINISH,,,Whisky,,[],,129.99,,,,,,,['BCL Select'],,,376330,,[],,13,2024-03-11 19:10:01,Highland,1,['00813897020729'],False,,0.7,[],TULLIBARDINE - THE MURRAY TRIPLE PORT FINISH,,United Kingdom,False,Scotland,3,3,,,False,4.0, THE MURRAY TRIPLE PORT FINISH,0.46,,True,['BCL Select'],C,,TULLIBARDINE ,GB,,Single Malt Scotch Whisky,Whisky / Whiskey,False,False,0,129.99,,,,,tullibardine - the murray triple port finish,,,,Spirits,"[{'id': 'empty-placeholder', 'label': '&nbsp;', 'labelLengthWithoutTags': 1}, {'id': 'exclusive', 'label': 'ONLY@BCL', 'labelLengthWithoutTags': 8}]",True,,,1004,1024,1289,9.1,1689.8700000000001,0.322,403.69565217391306,0.020202020202020204
1341,bcls,product,773853,0.35400322,TWISTED SHOT - B52,,,Other Spirits,,[],,10.99,,,,,,,[],,,773853,,[],,2901,2024-03-11 19:10:01,,4,['09414453931018'],False,,0.03,[],TWISTED SHOT - B52,,New Zealand,False,,2,2,,,False,139.0, B52,0.2,,False,[],SR,,TWISTED SHOT ,NZ,,Ready to Serve Cocktails,Other Spirits,False,False,0,10.99,,,,,twisted shot - b52,,,,Spirits,[],True,,,1004,1020,1242,348.12,31881.99,0.024,457.9166666666667,0.702020202020202
1342,bcls,product,69079,0.35400322,TWISTED SHOTZ - ISLAND THUNDER,,,Liqueurs,,[],,10.99,,,,,,,[],,,69079,,[],,2203,2024-03-11 19:10:01,,4,['09421030103799'],False,,0.03,[],TWISTED SHOTZ - ISLAND THUNDER,,New Zealand,False,,2,2,,,False,96.0, ISLAND THUNDER,0.2,,False,[],SR,,TWISTED SHOTZ ,NZ,,Other Liqueurs,Liqueurs,False,False,0,10.99,,,,,twisted shotz - island thunder,,,,Spirits,[],True,,,1004,1019,1213,264.36,24210.97,0.024,457.9166666666667,0.48484848484848486
1343,bcls,product,124974,0.3639408,TWISTED SHOTZ - SEX ON THE BEACH,,,Other Spirits,,[],True,10.99,,,2024-03-03T00:00:00.000-08:00,,,2024-03-03T00:00:00.000-08:00,['On Sale'],2024-03-31T00:00:00.000-07:00,,124974,True,[],,2737,2024-03-11 19:10:01,,4,['09414453002138'],False,,0.03,[],TWISTED SHOTZ - SEX ON THE BEACH,,New Zealand,False,,2,2,,,False,130.0, SEX ON THE BEACH,0.2,,False,['On Sale'],ST,,TWISTED SHOTZ ,NZ,,Ready to Serve Cocktails,Other Spirits,False,False,0,9.99,,,,,twisted shotz - sex on the beach,,2024-03-31T00:00:00.000-07:00,,Spirits,[],True,,,1004,1020,1242,328.44,30079.63,0.024,457.9166666666667,0.6565656565656566
1344,bcls,product,340337,0.3639408,TWO BREWERS - YUKON SINGLE MALT WHISKY RELEASE 41,,,Whisky,,[],,114.99,,,,,,,[],,,340337,,[],,8,2024-03-11 19:10:01,,1,['00627619621572'],False,,0.75,[],TWO BREWERS - YUKON SINGLE MALT WHISKY RELEASE 41,,Canada,False,,3,3,,,False,3.0, YUKON SINGLE MALT WHISKY RELEASE 41,0.43,,False,[],SM,,TWO BREWERS ,CA,,Canadian Whisky,Whisky / Whiskey,False,False,0,114.99,,,,,two brewers - yukon single malt whisky release 41,,,,Spirits,[],True,,,1004,1024,1285,6.0,919.92,0.3225,356.5581395348837,0.015151515151515152
1345,bcls,product,498896,0.3639408,TWO STACKS - SMOKE AND MIRRORS PEATED STOUT CASK SINGLE MALT,,,Whisky,,[],,104.99,,,,,,,[],,,498896,,[],,4,2024-03-11 19:10:01,,1,['05060560960256'],False,,0.7,[],TWO STACKS - SMOKE AND MIRRORS PEATED STOUT CASK SINGLE MALT,,Ireland,False,,3,3,,,False,1.0, SMOKE AND MIRRORS PEATED STOUT CASK SINGLE MALT,0.48,,False,[],SM,,TWO STACKS ,IE,,Irish Whiskey,Whisky / Whiskey,False,False,0,104.99,,,,,two stacks - smoke and mirrors peated stout cask single malt,,,,Spirits,[],True,,,1004,1024,1287,2.8,419.96,0.33599999999999997,312.47023809523813,0.005050505050505051
1346,bcls,product,96214,0.3639408,UNGAVA - CANADIAN PREMIUM,,,Gin,,[],,39.99,,,,,,,[],,,96214,,[],,1259,2024-03-11 19:10:01,,1,['00854745000708'],False,,0.75,[],UNGAVA - CANADIAN PREMIUM,,Canada,False,,2,2,,,False,165.0, CANADIAN PREMIUM,0.431,,False,[],SR,,UNGAVA ,CA,,Dry Gin,Gin,False,False,0,39.99,,,,,ungava - canadian premium,,,,Spirits,[],True,,,1004,1017,1168,944.25,50347.41,0.32325,123.71229698375872,0.8333333333333334
1347,bcls,product,884460,0.3639408,URBAN DISTILLERIES - PAUL'S TOMB GIN,,,Gin,,[],,26.99,,,,,,,[],,,884460,,[],,160,2024-03-11 19:10:01,,1,"['00885760000183', '00885760000190']",False,,0.75,[],URBAN DISTILLERIES - PAUL'S TOMB GIN,,Canada,False,,2,2,,,False,24.0, PAUL'S TOMB GIN,0.4,,False,[],SH,,URBAN DISTILLERIES ,CA,,Dry Gin,Gin,False,False,0,26.99,,,,,urban distilleries - pauls tomb gin,,,,Spirits,[],True,,,1004,1017,1168,120.0,4318.4,0.30000000000000004,89.96666666666665,0.12121212121212122
1348,bcls,product,421131,0.35400322,VAN GOGH - ESPRESSO,,,Vodka,,[],,51.99,,,,,,,[],,,421131,,[],,1815,2024-03-11 19:10:01,,1,"['00633824151315', '00633824802040']",False,,0.75,[],VAN GOGH - ESPRESSO,,Netherlands,False,,2,2,,,False,178.0, ESPRESSO,0.35,,False,[],SR,,VAN GOGH ,NL,,Flavoured Vodka,Vodka,False,False,0,51.99,,,,,van gogh - espresso,,,,Spirits,[],True,,,1004,1023,1280,1361.25,94361.85,0.26249999999999996,198.0571428571429,0.898989898989899
1349,bcls,product,286807,0.3639408,VECCHIA ROMAGNA - BLACK LABEL,,,Grape and Fruit Brandy,,[],,34.99,,,,,,,[],,,286807,,[],,901,2024-03-11 19:10:01,,1,"['08000060101367', '08000060100254', '08000060112097']",False,,0.75,[],VECCHIA ROMAGNA - BLACK LABEL,,Italy,False,,2,2,,,False,85.0, BLACK LABEL,0.4,,False,[],SR,,VECCHIA ROMAGNA ,IT,,Brandy,Brandy,False,False,0,34.99,,,,,vecchia romagna - black label,,,,Spirits,[],True,,,1004,1018,1171,675.75,31525.99,0.30000000000000004,116.63333333333333,0.4292929292929293
1350,bcls,product,331843,0.3639408,VINCENT VAN GOGH,,,Vodka,,[],,42.99,,,,,,,[],,,331843,,[],,7,2024-03-11 19:10:01,,1,['00633824102096'],False,,0.75,[],VINCENT VAN GOGH,,Netherlands,False,,3,3,,,False,1.0,VINCENT VAN GOGH,0.4,,False,[],ST,,,NL,,Straight Vodka,Vodka,False,False,1,42.99,,,,,vincent van gogh,,,,Spirits,[],True,,,1004,1023,1281,5.25,300.93,0.30000000000000004,143.29999999999998,0.005050505050505051
1351,bcls,product,539759,0.3639408,VINCENT VAN GOGH - ESPRESSO,,,Vodka,,[],,4.79,,,,,,,[],,,539759,,[],,13972,2024-03-11 19:10:01,,1,['00633824204806'],False,,0.05,[],VINCENT VAN GOGH - ESPRESSO,,Netherlands,False,,2,2,,,False,145.0, ESPRESSO,0.35,,False,[],SR,,VINCENT VAN GOGH ,NL,,Flavoured Vodka,Vodka,False,False,0,4.79,,,,,vincent van gogh - espresso,,,,Spirits,[],True,,,1004,1023,1280,698.6,66925.88,0.017499999999999998,273.7142857142857,0.7323232323232324
1352,bcls,product,470173,0.35400322,VOLCAN DE MI TIERRA - XA,,,Tequila,,[],,314.99,,,,,,,[],,,470173,,[],,97,2024-03-11 19:10:01,,1,['00081753836436'],False,,0.75,[],VOLCAN DE MI TIERRA - XA,,Mexico,False,,3,3,,,False,15.0, XA,0.4,,False,[],SM,,VOLCAN DE MI TIERRA ,MX,,Gold Tequila,Tequila,False,False,0,314.99,,,,,volcan de mi tierra - xa,,,,Spirits,[],True,,,1004,1022,1272,72.75,30554.030000000002,0.30000000000000004,1049.9666666666665,0.07575757575757576
1353,bcls,product,227005,0.35400322,WALSH - THE IRISHMAN 12 YEAR OLD,,,Whisky,,[],,125.99,,,,,,,[],,,227005,,[],,92,2024-03-11 19:10:01,,1,['05099811906071'],False,,0.7,[],WALSH - THE IRISHMAN 12 YEAR OLD,,Ireland,False,,2,2,,,False,17.0, THE IRISHMAN 12 YEAR OLD,0.43,,False,[],SM,,WALSH ,IE,,Irish Whiskey,Whisky / Whiskey,False,False,0,125.99,,,,,walsh - the irishman 12 year old,,,,Spirits,[],True,,,1004,1024,1287,64.39999999999999,11591.08,0.301,418.57142857142856,0.08585858585858586
1354,bcls,product,263216,0.3639408,WALSH - THE IRISHMAN CASK STRENGTH,,,Whisky,,[],,226.99,,,,,,,[],,,263216,,[],,11,2024-03-11 19:10:01,,1,['05099811090893'],False,,0.7,[],WALSH - THE IRISHMAN CASK STRENGTH,,Ireland,False,,3,3,,,False,2.0, THE IRISHMAN CASK STRENGTH,0.5529999999999999,,False,[],SM,,WALSH ,IE,,Irish Whiskey,Whisky / Whiskey,False,False,1,226.99,,,,,walsh - the irishman cask strength,,,,Spirits,[],True,,,1004,1024,1287,7.699999999999999,2496.8900000000003,0.38709999999999994,586.385946783777,0.010101010101010102
1355,bcls,product,115753,0.35400322,WAYNE GRETZKY - CREAM LIQUOR,,,Liqueurs,,[],,30.49,,,,,,,[],,,115753,,[],,1745,2024-03-11 19:10:01,,1,['00627167100062'],False,,0.75,[],WAYNE GRETZKY - CREAM LIQUOR,,Canada,False,,2,2,,,False,137.0, CREAM LIQUOR,0.17,,False,[],SR,,WAYNE GRETZKY ,CA,,Cream/Dairy Liqueurs,Liqueurs,False,False,0,30.49,,,,,wayne gretzky - cream liquor,,,,Spirits,[],True,,,1004,1019,1210,1308.75,53205.049999999996,0.1275,239.13725490196077,0.6919191919191919
1356,bcls,product,6291,0.3639408,WAYNE GRETZKY - RED CASK WHISKY,,,Whisky,,[],,34.99,,,,,,,[],,,6291,,[],,687,2024-03-11 19:10:01,,1,['00627167099960'],False,,0.75,[],WAYNE GRETZKY - RED CASK WHISKY,,Canada,False,,2,2,,,False,86.0, RED CASK WHISKY,0.4,,False,[],SR,,WAYNE GRETZKY ,CA,,Canadian Whisky,Whisky / Whiskey,False,False,0,34.99,,,,,wayne gretzky - red cask whisky,,,,Spirits,[],True,,,1004,1024,1285,515.25,24038.13,0.30000000000000004,116.63333333333333,0.43434343434343436
1357,bcls,product,11373,0.35400322,WAYNE GRETZKY - SALTED CARAMEL CREAM WHISKY,,,Liqueurs,,[],True,29.99,,,2024-03-03T00:00:00.000-08:00,,,2024-03-03T00:00:00.000-08:00,['On Sale'],2024-03-31T00:00:00.000-07:00,,11373,True,[],,910,2024-03-11 19:10:01,,1,['00627167100796'],False,,0.75,[],WAYNE GRETZKY - SALTED CARAMEL CREAM WHISKY,,Canada,False,,3,3,,,False,88.0, SALTED CARAMEL CREAM WHISKY,0.17,,False,['On Sale'],SH,,WAYNE GRETZKY ,CA,,Cream/Dairy Liqueurs,Liqueurs,False,False,0,27.99,,,,,wayne gretzky - salted caramel cream whisky,,2024-03-31T00:00:00.000-07:00,,Spirits,[],True,,,1004,1019,1210,682.5,27290.899999999998,0.1275,235.21568627450978,0.4444444444444444
1358,bcls,product,362465,0.3639408,WESTLAND - AMERICAN SINGLE MALT,,,Whisky,,[],,80.99,,,,,,,[],,,362465,,[],,452,2024-03-11 19:10:01,,1,['00850004266342'],False,,0.7,[],WESTLAND - AMERICAN SINGLE MALT,,USA,False,,3,3,,,False,48.0, AMERICAN SINGLE MALT,0.46,,False,[],SH,,WESTLAND ,US,,American Whiskey,Whisky / Whiskey,False,False,0,80.99,,,,,westland - american single malt,,,,Spirits,[],True,,,1004,1024,1282,316.4,36607.479999999996,0.322,251.52173913043475,0.24242424242424243
1359,bcls,product,367196,0.35400322,WHISTLEPIG - 18 YEAR OLD DOUBLE MALT RYE EDITION 4,,,Whisky,,[],,775.0,,,,,,,['BCL Select'],,,367196,,[],,66,2024-03-11 19:10:01,,1,['00850001901154'],False,,0.75,[],WHISTLEPIG - 18 YEAR OLD DOUBLE MALT RYE EDITION 4,,USA,False,,3,3,,,False,10.0, 18 YEAR OLD DOUBLE MALT RYE EDITION 4,0.46,,True,['BCL Select'],C,,WHISTLEPIG ,US,,American Whiskey,Whisky / Whiskey,False,False,0,775.0,,,,,whistlepig - 18 year old double malt rye edition 4,,,,Spirits,"[{'id': 'empty-placeholder', 'label': '&nbsp;', 'labelLengthWithoutTags': 1}, {'id': 'exclusive', 'label': 'ONLY@BCL', 'labelLengthWithoutTags': 8}]",True,,,1004,1024,1282,49.5,51150.0,0.34500000000000003,2246.3768115942025,0.050505050505050504
1360,bcls,product,485464,0.3639408,WHISTLEPIG - 6 YEAR OLD PIGGYBACK RYE,,,Whisky,,[],True,55.99,,,2024-03-03T00:00:00.000-08:00,,,2024-03-03T00:00:00.000-08:00,['On Sale'],2024-03-31T00:00:00.000-07:00,,485464,True,[],,387,2024-03-11 19:10:01,,1,['00850001901116'],False,,0.75,[],WHISTLEPIG - 6 YEAR OLD PIGGYBACK RYE,,USA,False,,2,2,,,False,47.0, 6 YEAR OLD PIGGYBACK RYE,0.4828,,False,['On Sale'],SH,,WHISTLEPIG ,US,,American Whiskey,Whisky / Whiskey,False,False,0,49.99,,,,,whistlepig - 6 year old piggyback rye,,2024-03-31T00:00:00.000-07:00,,Spirits,[],True,,,1004,1024,1282,290.25,21668.13,0.3621,154.62579397956367,0.23737373737373738
1361,bcls,product,357192,0.3639408,WHISTLEPIG - BOSS HOG X: THE COMMANDMENTS,,,Whisky,,[],,999.99,,,,,,,[],,,357192,,[],,15,2024-03-11 19:10:01,,1,['00810080550735'],False,,0.75,[],WHISTLEPIG - BOSS HOG X: THE COMMANDMENTS,,USA,False,,3,3,,,False,3.0, BOSS HOG X: THE COMMANDMENTS,0.532,,False,[],SM,,WHISTLEPIG ,US,,American Whiskey,Whisky / Whiskey,False,False,0,999.99,,,,,whistlepig - boss hog x: the commandments,,,,Spirits,[],True,,,1004,1024,1282,11.25,14999.85,0.399,2506.240601503759,0.015151515151515152
1362,bcls,product,449149,0.3639408,WHISTLEPIG - FARMSTOCK RYE,,,Whisky,,[],,104.99,,,,,,,[],,,449149,,[],,114,2024-03-11 19:10:01,,1,['00850001901161'],False,,0.75,[],WHISTLEPIG - FARMSTOCK RYE,,USA,False,,3,3,,,False,16.0, FARMSTOCK RYE,0.43,,False,[],SM,,WHISTLEPIG ,US,,American Whiskey,Whisky / Whiskey,False,False,0,104.99,,,,,whistlepig - farmstock rye,,,,Spirits,[],True,,,1004,1024,1282,85.5,11968.859999999999,0.3225,325.5503875968992,0.08080808080808081
1363,bcls,product,408983,0.35400322,WHITE CLAW - BLACK CHERRY VODKA,,,Vodka,,[],True,31.99,,,2024-03-03T00:00:00.000-08:00,,,2024-03-03T00:00:00.000-08:00,['On Sale'],2024-03-31T00:00:00.000-07:00,,408983,True,[],,1567,2024-03-11 19:10:01,,1,['00848819033020'],False,,0.75,[],WHITE CLAW - BLACK CHERRY VODKA,,USA,False,,2,2,,,False,92.0, BLACK CHERRY VODKA,0.3,,False,['On Sale'],SH,,WHITE CLAW ,US,,Flavoured Vodka,Vodka,False,False,0,26.99,,,,,white claw - black cherry vodka,,2024-03-31T00:00:00.000-07:00,,Spirits,[],True,,,1004,1023,1280,1175.25,50128.329999999994,0.22499999999999998,142.17777777777778,0.46464646464646464
1364,bcls,product,405832,0.35400322,WHITE CLAW - PREMIUM VODKA,,,Vodka,,[],True,31.99,,,2024-03-03T00:00:00.000-08:00,,,2024-03-03T00:00:00.000-08:00,['On Sale'],2024-03-31T00:00:00.000-07:00,,405832,True,[],,2037,2024-03-11 19:10:01,,1,['00848819033037'],False,,0.75,[],WHITE CLAW - PREMIUM VODKA,,USA,False,,2,2,,,False,113.0, PREMIUM VODKA,0.4,,False,['On Sale'],SH,,WHITE CLAW ,US,,Straight Vodka,Vodka,False,False,0,26.99,,,,,white claw - premium vodka,,2024-03-31T00:00:00.000-07:00,,Spirits,[],True,,,1004,1023,1281,1527.75,65163.63,0.30000000000000004,106.63333333333331,0.5707070707070707
1365,bcls,product,187904,0.35400322,WHITE LIGHTNING - MAX VODKA,,,Vodka,,[],,56.99,,,,,,,[],,,187904,,[],,954,2024-03-11 19:10:01,,1,['00774827001396'],False,,1.75,[],WHITE LIGHTNING - MAX VODKA,,Canada,False,,2,2,,,False,121.0, MAX VODKA,0.5,,False,[],SR,,WHITE LIGHTNING ,CA,,Straight Vodka,Vodka,False,False,0,56.99,,,,,white lightning - max vodka,,,,Spirits,[],True,,,1004,1023,1281,1669.5,54368.46,0.875,65.13142857142857,0.6111111111111112
1366,bcls,product,187917,0.35400322,WHITE LIGHTNING - MAX VODKA,,,Vodka,,[],,36.99,,,,,,,[],,,187917,,[],,1383,2024-03-11 19:10:01,,1,['00774827001389'],False,,1.14,[],WHITE LIGHTNING - MAX VODKA,,Canada,False,,2,2,,,False,115.0, MAX VODKA,0.5,,False,[],SR,,WHITE LIGHTNING ,CA,,Straight Vodka,Vodka,False,False,0,36.99,,,,,white lightning - max vodka,,,,Spirits,[],True,,,1004,1023,1281,1576.62,51157.170000000006,0.57,64.89473684210527,0.5808080808080808
1367,bcls,product,592428,0.3639408,WHITE LIGHTNING - MAX VODKA,,,Vodka,,[],,12.99,,,,,,,[],,,592428,,[],,5299,2024-03-11 19:10:01,,1,['00774827000962'],False,,0.375,[],WHITE LIGHTNING - MAX VODKA,,Canada,False,,2,2,,,False,197.0, MAX VODKA,0.5,,False,[],G,,WHITE LIGHTNING ,CA,,Straight Vodka,Vodka,False,False,0,12.99,,,,,white lightning - max vodka,,,,Spirits,[],True,,,1004,1023,1281,1987.125,68834.01,0.1875,69.28,0.9949494949494949
1368,bcls,product,167310,0.35400322,WHITE LIGHTNING VODKA MAX - PET,,,Vodka,,['Only@BCL'],True,24.99,,,2024-03-03T00:00:00.000-08:00,,,2024-03-03T00:00:00.000-08:00,"['BCL Select', 'On Sale']",2024-03-31T00:00:00.000-07:00,,167310,True,['Only@BCL'],,4720,2024-03-11 19:10:01,,1,['00774827001358'],False,,0.75,[],WHITE LIGHTNING VODKA MAX - PET,,Canada,False,,2,2,,,False,193.0, PET,0.5,,True,"['BCL Select', 'On Sale']",C,,WHITE LIGHTNING VODKA MAX ,CA,,Straight Vodka,Vodka,False,False,0,23.99,,,"[{'urlAlias': '/promotion/only-at-bcl', 'name': 'Only@BCL', 'promoCode': '2020BCLSELECT', 'published': True, 'shortName': ''}]","[{'urlAlias': '/promotion/only-at-bcl', 'name': 'Only@BCL', 'promoCode': '2020BCLSELECT', 'published': True, 'shortName': ''}]",white lightning vodka max - pet,,2024-03-31T00:00:00.000-07:00,,Spirits,"[{'id': 'featured', 'label': 'FEATURED', 'labelLengthWithoutTags': 8}, {'id': 'exclusive', 'label': 'ONLY@BCL', 'labelLengthWithoutTags': 8}]",True,,,1004,1023,1281,3540.0,117952.79999999999,0.375,66.64,0.9747474747474747
1369,bcls,product,122317,0.35400322,WHITE OWL,,,Whisky,,[],,35.49,,,,,,,[],,,122317,,[],,908,2024-03-11 19:10:01,,1,['00776555200027'],False,,0.75,[],WHITE OWL,,Canada,False,,2,2,,,False,124.0,WHITE OWL,0.4,,False,[],SR,,,CA,,Canadian Whisky,Whisky / Whiskey,False,False,0,35.49,,,,,white owl,,,,Spirits,[],True,,,1004,1024,1285,681.0,32224.920000000002,0.30000000000000004,118.29999999999998,0.6262626262626263
1370,bcls,product,358364,0.35400322,WHITLEY NEILL - DISTILLER'S CUT,,,Gin,,[],,49.99,,,,,,,['BCL Select'],,,358364,,[],,290,2024-03-11 19:10:01,,1,"['00696852124799', '05011166081272']",False,,0.75,[],WHITLEY NEILL - DISTILLER'S CUT,,United Kingdom,False,,2,2,,,False,42.0, DISTILLER'S CUT,0.43,,True,['BCL Select'],C,,WHITLEY NEILL ,GB,,Dry Gin,Gin,False,False,0,49.99,,,,,whitley neill - distillers cut,,,,Spirits,"[{'id': 'empty-placeholder', 'label': '&nbsp;', 'labelLengthWithoutTags': 1}, {'id': 'exclusive', 'label': 'ONLY@BCL', 'labelLengthWithoutTags': 8}]",True,,,1004,1017,1168,217.5,14497.1,0.3225,155.0077519379845,0.21212121212121213
1371,bcls,product,79778,0.3639408,WHITLEY NEILL - GIN CRACKER GIFT PACK,,,Gin,,[],True,49.99,,,2024-03-03T00:00:00.000-08:00,,,2024-03-03T00:00:00.000-08:00,['On Sale'],2024-03-31T00:00:00.000-07:00,,79778,True,[],,70,2024-03-11 19:10:01,,6,"['05011166056348', '05011166059493', '05011166065791']",False,,0.05,[],WHITLEY NEILL - GIN CRACKER GIFT PACK,,United Kingdom,False,,3,3,,,False,19.0, GIN CRACKER GIFT PACK,0.43,,False,['On Sale'],ST,,WHITLEY NEILL ,GB,,Flavoured Gin,Gin,False,False,0,44.97,,,,,whitley neill - gin cracker gift pack,,2024-03-31T00:00:00.000-07:00,,Spirits,[],True,,,1004,1017,1167,21.000000000000004,3499.3,0.129,387.51937984496124,0.09595959595959595
1372,bcls,product,180693,0.35400322,WHITLEY NEILL - RHUBARB & GINGER GIN,,,Gin,,[],,52.99,,,,,,,[],,,180693,,[],,1251,2024-03-11 19:10:01,,1,"['00848557000506', '05011166057413', '05011166056393']",False,,0.75,[],WHITLEY NEILL - RHUBARB & GINGER GIN,,United Kingdom,False,,2,2,,,False,168.0, RHUBARB & GINGER GIN,0.43,,False,[],SR,,WHITLEY NEILL ,GB,,Flavoured Gin,Gin,False,False,0,52.99,,,,,whitley neill - rhubarb & ginger gin,,,,Spirits,[],True,,,1004,1017,1167,938.25,66290.49,0.3225,164.31007751937986,0.8484848484848485
1373,bcls,product,287474,0.3639408,WHYTE AND MACKAY - SPECIAL,,,Whisky,,[],True,41.49,,,2024-03-03T00:00:00.000-08:00,,,2024-03-03T00:00:00.000-08:00,['On Sale'],2024-03-31T00:00:00.000-07:00,,287474,True,[],,1454,2024-03-11 19:10:01,,1,"['05013967006928', '05010196000017', '05010196066426']",False,,1.14,[],WHYTE AND MACKAY - SPECIAL,,United Kingdom,False,,2,2,,,False,153.0, SPECIAL,0.4,,False,['On Sale'],SR,,WHYTE AND MACKAY ,GB,,Blended Scotch Whisky,Whisky / Whiskey,False,False,0,40.49,,,,,whyte and mackay - special,,2024-03-31T00:00:00.000-07:00,,Spirits,[],True,,,1004,1024,1283,1657.56,60326.46000000001,0.45599999999999996,90.98684210526316,0.7727272727272727
1374,bcls,product,558858,0.3639408,WILD TURKEY - 101,,,Whisky,,[],True,40.99,,,2024-03-03T00:00:00.000-08:00,,,2024-03-03T00:00:00.000-08:00,['On Sale'],2024-03-31T00:00:00.000-07:00,,558858,True,[],,1200,2024-03-11 19:10:01,,1,['00721059897501'],False,,0.75,[],WILD TURKEY - 101,,USA,False,,2,2,,,False,92.0, 101,0.505,,False,['On Sale'],SR,,WILD TURKEY ,US,,Bourbon Whiskey,Whisky / Whiskey,False,False,0,38.99,,,,,wild turkey - 101,,2024-03-31T00:00:00.000-07:00,,Spirits,[],True,,,1004,1024,1284,900.0,49188.0,0.37875000000000003,108.22442244224422,0.46464646464646464
1375,bcls,product,850578,0.3639408,WILD TURKEY - 81 PROOF,,,Whisky,,[],,32.99,,,,,,,[],,,850578,,[],,1719,2024-03-11 19:10:01,,1,"['00721059000185', '00721059847506']",False,,0.75,[],WILD TURKEY - 81 PROOF,,USA,False,,2,2,,,False,151.0, 81 PROOF,0.405,,False,[],SR,,WILD TURKEY ,US,,Bourbon Whiskey,Whisky / Whiskey,False,False,0,32.99,,,,,wild turkey - 81 proof,,,,Spirits,[],True,,,1004,1024,1284,1289.25,56709.810000000005,0.30375,108.60905349794238,0.7626262626262627
1376,bcls,product,177165,0.35400322,WILD TURKEY - LONGBRANCH,,,Whisky,,[],True,58.99,,,2024-03-03T00:00:00.000-08:00,,,2024-03-03T00:00:00.000-08:00,['On Sale'],2024-03-31T00:00:00.000-07:00,,177165,True,[],,338,2024-03-11 19:10:01,,1,['00721059002844'],False,,0.75,[],WILD TURKEY - LONGBRANCH,,USA,False,,2,2,,,False,46.0, LONGBRANCH,0.43,,False,['On Sale'],SR,,WILD TURKEY ,US,,American Whiskey,Whisky / Whiskey,False,False,0,53.99,,,,,wild turkey - longbranch,,2024-03-31T00:00:00.000-07:00,,Spirits,[],True,,,1004,1024,1282,253.5,19938.62,0.3225,182.91472868217053,0.23232323232323232
1377,bcls,product,236147,0.3639408,WILD TURKEY - MASTER'S KEEP VOYAGE,,,Whisky,,[],,320.0,,,,,,,[],,,236147,,[],,26,2024-03-11 19:10:01,,1,['00721059003407'],False,,0.75,[],WILD TURKEY - MASTER'S KEEP VOYAGE,,USA,False,,3,3,,,False,5.0, MASTER'S KEEP VOYAGE,0.53,,False,[],SM,,WILD TURKEY ,US,,American Whiskey,Whisky / Whiskey,False,False,0,320.0,,,,,wild turkey - masters keep voyage,,,,Spirits,[],True,,,1004,1024,1282,19.5,8320.0,0.3975,805.0314465408804,0.025252525252525252
1378,bcls,product,732883,0.3639408,WILD TURKEY - RARE BREED,,,Whisky,,[],,65.99,,,,,,,[],,,732883,,[],,249,2024-03-11 19:10:01,,1,"['00721059000222', '00721059797504', '00080432552179']",False,,0.75,[],WILD TURKEY - RARE BREED,,USA,False,,2,2,,,False,35.0, RARE BREED,0.584,,False,[],SH,,WILD TURKEY ,US,,Bourbon Whiskey,Whisky / Whiskey,False,False,0,65.99,,,,,wild turkey - rare breed,,,,Spirits,[],True,,,1004,1024,1284,186.75,16431.51,0.43799999999999994,150.662100456621,0.17676767676767677
1379,bcls,product,112672,0.35400322,WISER'S - SPECIAL BLEND,,,Whisky,,[],,52.99,,,,,,,[],,,112672,,[],,1671,2024-03-11 19:10:01,,1,['00048415345286'],False,,1.75,[],WISER'S - SPECIAL BLEND,,Canada,False,,2,2,,,False,179.0, SPECIAL BLEND,0.4,,False,[],G,,WISER'S ,CA,,Canadian Whisky,Whisky / Whiskey,False,False,0,52.99,,,,,wisers - special blend,,,,Spirits,[],True,,,1004,1024,1285,2924.25,88546.29000000001,0.7000000000000001,75.69999999999999,0.9040404040404041
1380,bcls,product,1222,0.3639408,WISER'S - SPECIAL BLEND,,,Whisky,,[],,22.99,,,,,,,[],,,1222,,[],,2802,2024-03-11 19:10:01,,1,['00048415382267'],False,,0.75,[],WISER'S - SPECIAL BLEND,,Canada,False,,2,2,,,False,197.0, SPECIAL BLEND,0.4,,False,[],G,,WISER'S ,CA,,Canadian Whisky,Whisky / Whiskey,False,False,0,22.99,,,,,wisers - special blend,,,,Spirits,[],True,,,1004,1024,1285,2101.5,64417.979999999996,0.30000000000000004,76.63333333333331,0.9949494949494949
1381,bcls,product,1412,0.3639408,WISER'S - SPECIAL BLEND,,,Whisky,,[],,34.49,,,,,,,[],,,1412,,[],,2202,2024-03-11 19:10:01,,1,['00048415345293'],False,,1.14,[],WISER'S - SPECIAL BLEND,,Canada,False,,2,2,,,False,184.0, SPECIAL BLEND,0.4,,False,[],G,,WISER'S ,CA,,Canadian Whisky,Whisky / Whiskey,False,False,0,34.49,,,,,wisers - special blend,,,,Spirits,[],True,,,1004,1024,1285,2510.2799999999997,75946.98000000001,0.45599999999999996,75.63596491228071,0.9292929292929293
1382,bcls,product,3517,0.3639408,WISER'S - SPECIAL BLEND,,,Whisky,,[],,11.99,,,,,,,[],,,3517,,[],,4948,2024-03-11 19:10:01,,1,['00048415345316'],False,,0.375,[],WISER'S - SPECIAL BLEND,,Canada,False,,2,2,,,False,198.0, SPECIAL BLEND,0.4,,False,[],G,,WISER'S ,CA,,Canadian Whisky,Whisky / Whiskey,False,False,0,11.99,,,,,wisers - special blend,,,,Spirits,[],True,,,1004,1024,1285,1855.5,59326.520000000004,0.15000000000000002,79.93333333333332,1.0
1383,bcls,product,306194,0.3639408,WOLFBURN - 10 YEAR OLD SINGLE MALT,,,Whisky,,[],,128.99,,,,,,,['BCL Select'],,,306194,,[],,30,2024-03-11 19:10:01,Highland,1,['00634158997464'],False,,0.7,[],WOLFBURN - 10 YEAR OLD SINGLE MALT,,United Kingdom,False,Scotland,3,3,,,False,5.0, 10 YEAR OLD SINGLE MALT,0.46,,True,['BCL Select'],C,,WOLFBURN ,GB,,Single Malt Scotch Whisky,Whisky / Whiskey,False,False,0,128.99,,,,,wolfburn - 10 year old single malt,,,,Spirits,"[{'id': 'empty-placeholder', 'label': '&nbsp;', 'labelLengthWithoutTags': 1}, {'id': 'exclusive', 'label': 'ONLY@BCL', 'labelLengthWithoutTags': 8}]",True,,,1004,1024,1289,21.0,3869.7000000000003,0.322,400.5900621118013,0.025252525252525252
1384,bcls,product,458714,0.35400322,WOLFBURN - 7 YO CASK STRENGTH SINGLE MALT SCOTCH WHISKY,,,Whisky,,[],,149.99,,,,,,,['BCL Select'],,,458714,,[],,20,2024-03-11 19:10:01,Highland,1,['00634158997143'],False,,0.7,[],WOLFBURN - 7 YO CASK STRENGTH SINGLE MALT SCOTCH WHISKY,,United Kingdom,False,Scotland,3,3,,,False,3.0, 7 YO CASK STRENGTH SINGLE MALT SCOTCH WHISKY,0.5820000000000001,,True,['BCL Select'],C,,WOLFBURN ,GB,,Single Malt Scotch Whisky,Whisky / Whiskey,False,False,1,149.99,,,,,wolfburn - 7 yo cask strength single malt scotch whisky,,,,Spirits,"[{'id': 'empty-placeholder', 'label': '&nbsp;', 'labelLengthWithoutTags': 1}, {'id': 'exclusive', 'label': 'ONLY@BCL', 'labelLengthWithoutTags': 8}]",True,,,1004,1024,1289,14.0,2999.8,0.40740000000000004,368.16396661757483,0.015151515151515152
1385,bcls,product,425775,0.3639408,WOODFORD RESERVE - BACCARAT EDITION,,,Whisky,,[],,2400.0,,,,,,,['BCL Select'],,,425775,,[],,11,2024-03-11 19:10:01,,1,['05099873014769'],False,,0.7,[],WOODFORD RESERVE - BACCARAT EDITION,,USA,False,,3,3,,,False,3.0, BACCARAT EDITION,0.452,,True,['BCL Select'],C,,WOODFORD RESERVE ,US,,Bourbon Whiskey,Whisky / Whiskey,False,False,0,2400.0,,,,,woodford reserve - baccarat edition,,,,Spirits,"[{'id': 'empty-placeholder', 'label': '&nbsp;', 'labelLengthWithoutTags': 1}, {'id': 'exclusive', 'label': 'ONLY@BCL', 'labelLengthWithoutTags': 8}]",True,,,1004,1024,1284,7.699999999999999,26400.0,0.3164,7585.3350189633375,0.015151515151515152
1386,bcls,product,480624,0.35400322,WOODFORD RESERVE - DISTILLERS SELECT,,,Whisky,,[],,53.99,,,,,,,[],,,480624,,[],,1395,2024-03-11 19:10:01,,1,['00081128001506'],False,,0.75,[],WOODFORD RESERVE - DISTILLERS SELECT,,USA,False,,2,2,,,False,165.0, DISTILLERS SELECT,0.452,,False,[],SR,,WOODFORD RESERVE ,US,,Bourbon Whiskey,Whisky / Whiskey,False,False,0,53.99,,,,,woodford reserve - distillers select,,,,Spirits,[],True,,,1004,1024,1284,1046.25,75316.05,0.339,159.26253687315634,0.8333333333333334
1387,bcls,product,529628,0.3639408,WOODFORD RESERVE - DISTILLERS SELECT,,,Whisky,,[],,27.49,,,,,,,[],,,529628,,[],,991,2024-03-11 19:10:01,,1,['00081128011680'],False,,0.375,[],WOODFORD RESERVE - DISTILLERS SELECT,,USA,False,,2,2,,,False,84.0, DISTILLERS SELECT,0.452,,False,[],SR,,WOODFORD RESERVE ,US,,American Whiskey,Whisky / Whiskey,False,False,0,27.49,,,,,woodford reserve - distillers select,,,,Spirits,[],True,,,1004,1024,1282,371.625,27242.59,0.1695,162.1828908554572,0.42424242424242425
1388,bcls,product,652701,0.3639408,WOODFORD RESERVE - DISTILLERS SELECT,,,Whisky,,[],,114.99,,,,,,,['BCL Select'],,,652701,,[],,257,2024-03-11 19:10:01,,1,['00081128013165'],False,,1.75,[],WOODFORD RESERVE - DISTILLERS SELECT,,USA,False,,2,2,,,False,38.0, DISTILLERS SELECT,0.452,,True,['BCL Select'],C,,WOODFORD RESERVE ,US,,Bourbon Whiskey,Whisky / Whiskey,False,False,0,114.99,,,,,woodford reserve - distillers select,,,,Spirits,"[{'id': 'empty-placeholder', 'label': '&nbsp;', 'labelLengthWithoutTags': 1}, {'id': 'exclusive', 'label': 'ONLY@BCL', 'labelLengthWithoutTags': 8}]",False,,,1004,1024,1284,449.75,29552.43,0.791,145.37294563843236,0.1919191919191919
1389,bcls,product,72355,0.3639408,WOODFORD RESERVE - DOUBLE OAKED,,,Whisky,,[],,77.99,,,,,,,[],,,72355,,[],,600,2024-03-11 19:10:01,,1,"['00081128038960', '00081128001209']",False,,0.75,[],WOODFORD RESERVE - DOUBLE OAKED,,USA,False,,2,2,,,False,85.0, DOUBLE OAKED,0.452,,False,[],SR,,WOODFORD RESERVE ,US,,Bourbon Whiskey,Whisky / Whiskey,False,False,0,77.99,,,,,woodford reserve - double oaked,,,,Spirits,[],True,,,1004,1024,1284,450.0,46794.0,0.339,230.05899705014747,0.4292929292929293
1390,bcls,product,19227,0.35400322,WOODFORD RESERVE - KENTUCKY DERBY,,,Whisky,,[],,73.99,,,,,,,['BCL Select'],,,19227,,[],,222,2024-03-11 19:10:01,,1,['00081128022280'],False,,1.0,[],WOODFORD RESERVE - KENTUCKY DERBY,,USA,False,,2,2,,,False,35.0, KENTUCKY DERBY,0.452,,True,['BCL Select'],C,,WOODFORD RESERVE ,US,,Bourbon Whiskey,Whisky / Whiskey,False,False,0,73.99,,,,,woodford reserve - kentucky derby,,,,Spirits,"[{'id': 'empty-placeholder', 'label': '&nbsp;', 'labelLengthWithoutTags': 1}, {'id': 'exclusive', 'label': 'ONLY@BCL', 'labelLengthWithoutTags': 8}]",True,,,1004,1024,1284,222.0,16425.78,0.452,163.6946902654867,0.17676767676767677
1391,bcls,product,531663,0.3639408,WOODFORD RESERVE - MALT,,,Whisky,,[],,52.99,,,,,,,['BCL Select'],,,531663,,[],,385,2024-03-11 19:10:01,,1,['00081128001933'],False,,0.75,[],WOODFORD RESERVE - MALT,,USA,False,,2,2,,,False,47.0, MALT,0.452,,True,['BCL Select'],C,,WOODFORD RESERVE ,US,,American Whiskey,Whisky / Whiskey,False,False,0,52.99,,,,,woodford reserve - malt,,,,Spirits,"[{'id': 'empty-placeholder', 'label': '&nbsp;', 'labelLengthWithoutTags': 1}, {'id': 'exclusive', 'label': 'ONLY@BCL', 'labelLengthWithoutTags': 8}]",True,,,1004,1024,1282,288.75,20401.15,0.339,156.3126843657817,0.23737373737373738
1392,bcls,product,425772,0.3639408,WOODFORD RESERVE - MASTER'S COLLECTION BATCH PROOF,,,Whisky,,[],,189.99,,,,,,,['BCL Select'],,,425772,,[],,44,2024-03-11 19:10:01,,1,['00081128003067'],False,,0.75,[],WOODFORD RESERVE - MASTER'S COLLECTION BATCH PROOF,,USA,False,,3,3,,,False,9.0, MASTER'S COLLECTION BATCH PROOF,0.5920000000000001,,True,['BCL Select'],C,,WOODFORD RESERVE ,US,,Bourbon Whiskey,Whisky / Whiskey,False,False,0,189.99,,,,,woodford reserve - masters collection batch proof,,,,Spirits,"[{'id': 'empty-placeholder', 'label': '&nbsp;', 'labelLengthWithoutTags': 1}, {'id': 'exclusive', 'label': 'ONLY@BCL', 'labelLengthWithoutTags': 8}]",True,,,1004,1024,1284,33.0,8359.560000000001,0.44400000000000006,427.90540540540536,0.045454545454545456
1393,bcls,product,326223,0.35400322,WRAY AND NEPHEW OVERPROOF,,,Rum,,[],,37.99,,,,,,,[],,,326223,,[],,1104,2024-03-11 19:10:01,,1,"['00636191036407', '00036191036405']",False,,0.75,[],WRAY AND NEPHEW OVERPROOF,,Jamaica,False,,2,2,,,False,94.0,WRAY AND NEPHEW OVERPROOF,0.63,,False,[],SR,,,JM,,White Rum,Rum,False,False,0,37.99,,,,,wray and nephew overproof,,,,Spirits,[],True,,,1004,1021,1256,828.0,41940.96,0.47250000000000003,80.4021164021164,0.47474747474747475
1394,bcls,product,209544,0.3639408,WRITERS TEARS - COPPER POT STILL,,,Whisky,,[],True,79.99,,,2024-03-03T00:00:00.000-08:00,,,2024-03-03T00:00:00.000-08:00,['On Sale'],2024-03-31T00:00:00.000-07:00,,209544,True,[],,1500,2024-03-11 19:10:01,,1,['05099811905739'],False,,0.7,[],WRITERS TEARS - COPPER POT STILL,,Ireland,False,,2,2,,,False,123.0, COPPER POT STILL,0.4,,False,['On Sale'],SR,,WRITERS TEARS ,IE,,Irish Whiskey,Whisky / Whiskey,False,False,0,69.99,,,,,writers tears - copper pot still,,2024-03-31T00:00:00.000-07:00,,Spirits,[],True,,,1004,1024,1287,1050.0,119984.99999999999,0.27999999999999997,285.67857142857144,0.6212121212121212
1395,bcls,product,249213,0.35400322,WRITERS' TEARS - COPPER POT INNISKILLIN ICE WINE CASK FINISH,,,Whisky,,[],,125.99,,,,,,,['BCL Select'],,,249213,,[],,130,2024-03-11 19:10:01,,1,['05099811190746'],False,,0.7,[],WRITERS' TEARS - COPPER POT INNISKILLIN ICE WINE CASK FINISH,,Ireland,False,,2,2,,,False,30.0, COPPER POT INNISKILLIN ICE WINE CASK FINISH,0.46,,True,['BCL Select'],C,,WRITERS' TEARS ,IE,,Irish Whiskey,Whisky / Whiskey,False,False,0,125.99,,,,,writers tears - copper pot inniskillin ice wine cask finish,,,,Spirits,"[{'id': 'empty-placeholder', 'label': '&nbsp;', 'labelLengthWithoutTags': 1}, {'id': 'exclusive', 'label': 'ONLY@BCL', 'labelLengthWithoutTags': 8}]",True,,,1004,1024,1287,91.0,16378.699999999999,0.322,391.2732919254658,0.15151515151515152
1396,bcls,product,91796,0.35400322,WRITERS' TEARS - JAPANESE MIZUNARA CASK FINISH,,,Whisky,,[],,155.99,,,,,,,[],,,91796,,[],,134,2024-03-11 19:10:01,,1,['05099811906675'],False,,0.7,[],WRITERS' TEARS - JAPANESE MIZUNARA CASK FINISH,,Ireland,False,,3,3,,,False,21.0, JAPANESE MIZUNARA CASK FINISH,0.55,,False,[],ST,,WRITERS' TEARS ,IE,,Irish Whiskey,Whisky / Whiskey,False,False,0,155.99,,,,,writers tears - japanese mizunara cask finish,,,,Spirits,[],True,,,1004,1024,1287,93.8,20902.66,0.385,405.16883116883116,0.10606060606060606
1397,bcls,product,263213,0.35400322,WRITERS' TEARS - SINGLE POT STILL IRISH WHISKEY,,,Whisky,,[],,128.99,,,,,,,['BCL Select'],,,263213,,[],,122,2024-03-11 19:10:01,,1,['05099811090862'],False,,0.7,[],WRITERS' TEARS - SINGLE POT STILL IRISH WHISKEY,,Ireland,False,,2,2,,,False,24.0, SINGLE POT STILL IRISH WHISKEY,0.46,,True,['BCL Select'],C,,WRITERS' TEARS ,IE,,Irish Whiskey,Whisky / Whiskey,False,False,0,128.99,,,,,writers tears - single pot still irish whiskey,,,,Spirits,"[{'id': 'empty-placeholder', 'label': '&nbsp;', 'labelLengthWithoutTags': 1}, {'id': 'exclusive', 'label': 'ONLY@BCL', 'labelLengthWithoutTags': 8}]",True,,,1004,1024,1287,85.39999999999999,15736.78,0.322,400.5900621118013,0.12121212121212122
1398,bcls,product,439649,0.35400322,WU LIANG YE - JING DIAN,,,Asian Spirits,,[],True,632.99,,,2024-03-03T00:00:00.000-08:00,,,2024-03-03T00:00:00.000-08:00,['On Sale'],2024-03-31T00:00:00.000-07:00,,439649,True,[],,56,2024-03-11 19:10:01,,1,['06901382114832'],False,,0.5,[],WU LIANG YE - JING DIAN,,China,False,,2,2,,,False,9.0, JING DIAN,0.52,,False,['On Sale'],ST,,WU LIANG YE ,CN,,China Spirits,Other Spirits,False,False,0,599.97,,,,,wu liang ye - jing dian,,2024-03-31T00:00:00.000-07:00,,Spirits,[],True,,,1004,1016,1064,28.0,35447.44,0.26,2434.576923076923,0.045454545454545456
1399,bcls,product,123497,0.3639408,WULIANGYE,,,Asian Spirits,,[],,277.79,,,,,,,[],,,123497,,[],,218,2024-03-11 19:10:01,,1,['06901382103355'],False,,0.5,[],WULIANGYE,,China,False,,2,2,,,False,17.0,WULIANGYE,0.52,,False,[],SH,,,CN,,China Spirits,Other Spirits,False,False,0,277.79,,,,,wuliangye,,,,Spirits,[],True,,,1004,1016,1064,109.0,60558.22,0.26,1068.423076923077,0.08585858585858586
1400,bcls,product,89201,0.3639408,WYBOROWA RYE GRAIN,,,Vodka,,[],,42.49,,,,,,,[],,,89201,,[],,2078,2024-03-11 19:10:01,,1,"['05900685002397', '05900685005657']",False,,1.14,['Kosher'],WYBOROWA RYE GRAIN,,Poland,False,,2,2,,,False,156.0,WYBOROWA RYE GRAIN,0.4,,False,[],SR,,,PL,,Straight Vodka,Vodka,True,False,0,42.49,,,,,wyborowa rye grain,,,,Spirits,[],True,,,1004,1023,1281,2368.9199999999996,88294.22,0.45599999999999996,93.17982456140352,0.7878787878787878
1401,bcls,product,295780,0.35400322,YAMAZAKI - AGED 18 YEARS 100TH ANNIVERSARY,,,Whisky,,[],,3900.0,,,,,,,[],,,295780,,[],,125,2024-03-11 19:10:01,,1,['00080686004257'],False,,0.7,[],YAMAZAKI - AGED 18 YEARS 100TH ANNIVERSARY,,Japan,False,,2,2,,,False,6.0, AGED 18 YEARS 100TH ANNIVERSARY,0.48,,False,[],SM,,YAMAZAKI ,JP,,Other Country Whisky,Whisky / Whiskey,False,False,0,3900.0,,,,,yamazaki - aged 18 years 100th anniversary,,,,Spirits,[],True,,,1004,1024,1288,87.5,487500.0,0.33599999999999997,11607.142857142859,0.030303030303030304
1402,bcls,product,958892,0.3639408,YANTAI GUNIANG,,,Asian Spirits,,[],,27.79,,,,,,,[],,,958892,,[],,242,2024-03-11 19:10:01,,1,['06921093020222'],False,,0.5,[],YANTAI GUNIANG,,China,False,,2,2,,,False,14.0,YANTAI GUNIANG,0.34,,False,[],ST,,,CN,,China Spirits,Other Spirits,False,False,0,27.79,,,,,yantai guniang,,,,Spirits,[],True,,,1004,1016,1064,121.0,6725.179999999999,0.17,163.4705882352941,0.0707070707070707
1403,bcls,product,202835,0.3639408,YELLOW CRANE TOWER - 135,,,Asian Spirits,,[],,21.79,,,,,,,[],,,202835,,[],,328,2024-03-11 19:10:01,,1,['06935094812502'],False,,0.5,[],YELLOW CRANE TOWER - 135,,China,False,,2,2,,,False,23.0, 135,0.52,,False,[],SR,,YELLOW CRANE TOWER ,CN,,China Spirits,Other Spirits,False,False,0,21.79,,,,,yellow crane tower - 135,,,,Spirits,[],True,,,1004,1016,1064,164.0,7147.12,0.26,83.8076923076923,0.11616161616161616
1404,bcls,product,744086,0.35400322,YELLOW SPOT - IRISH WHISKEY,,,Whisky,,[],,127.99,,,,,,,[],,,744086,,[],,192,2024-03-11 19:10:01,,1,['00080432105986'],False,,0.75,[],YELLOW SPOT - IRISH WHISKEY,,Ireland,False,,2,2,,,False,30.0, IRISH WHISKEY,0.46,,False,[],SM,,YELLOW SPOT ,IE,,Irish Whiskey,Whisky / Whiskey,False,False,0,127.99,,,,,yellow spot - irish whiskey,,,,Spirits,[],True,,,1004,1024,1287,144.0,24574.079999999998,0.34500000000000003,370.98550724637676,0.15151515151515152
1405,bcls,product,416647,0.35400322,YELLOWSTONE - SELECT 93 PROOF,,,Whisky,,[],,72.99,,,,,,,[],,,416647,,[],,304,2024-03-11 19:10:01,,1,['00088352130798'],False,,0.75,[],YELLOWSTONE - SELECT 93 PROOF,,USA,False,,2,2,,,False,43.0, SELECT 93 PROOF,0.465,,False,[],SH,,YELLOWSTONE ,US,,Bourbon Whiskey,Whisky / Whiskey,False,False,0,72.99,,,,,yellowstone - select 93 proof,,,,Spirits,[],True,,,1004,1024,1284,228.0,22188.96,0.34875,209.29032258064515,0.21717171717171718
1406,bcls,product,358174,0.3639408,YELLOWSTONE PRIVATE - SINGLE BARREL 2021,,,Whisky,,[],,101.99,,,,,,,['BCL Select'],,,358174,,[],,53,2024-03-11 19:10:01,,1,['00088352135298'],False,,0.75,[],YELLOWSTONE PRIVATE - SINGLE BARREL 2021,,USA,False,,3,3,,,False,9.0, SINGLE BARREL 2021,0.465,,True,['BCL Select'],C,,YELLOWSTONE PRIVATE ,US,,Bourbon Whiskey,Whisky / Whiskey,False,False,1,101.99,,,,,yellowstone private - single barrel 2021,,,,Spirits,"[{'id': 'empty-placeholder', 'label': '&nbsp;', 'labelLengthWithoutTags': 1}, {'id': 'exclusive', 'label': 'ONLY@BCL', 'labelLengthWithoutTags': 8}]",True,,,1004,1024,1284,39.75,5405.469999999999,0.34875,292.4444444444444,0.045454545454545456
1407,bcls,product,50336,0.3639408,YOUNG - OLD SAM DEMERARA,,,Rum,,[],,26.99,,,,,,,[],,,50336,,[],,1805,2024-03-11 19:10:01,,1,"['00627040074046', '00626990120780']",False,,0.75,[],YOUNG - OLD SAM DEMERARA,,Guyana,False,,2,2,,,False,164.0, OLD SAM DEMERARA,0.4,,False,[],SR,,YOUNG ,GY,,Dark Rum,Rum,False,False,0,26.99,,,,,young - old sam demerara,,,,Spirits,[],True,,,1004,1021,1253,1353.75,48716.95,0.30000000000000004,89.96666666666665,0.8282828282828283
1408,bcls,product,49726,0.3639408,YUKON JACK,,,Liqueurs,,[],,21.99,,,,,,,[],,,49726,,[],,1598,2024-03-11 19:10:01,,1,"['00088004036935', '00776103000215']",False,,0.75,[],YUKON JACK,,Canada,False,,2,2,,,False,120.0,YUKON JACK,0.4,,False,[],SR,,,CA,,Whiskey Liqueurs,Liqueurs,False,False,0,21.99,,,,,yukon jack,,,,Spirits,[],True,,,1004,1019,1214,1198.5,35140.02,0.30000000000000004,73.29999999999998,0.6060606060606061
1409,bcls,product,916718,0.3639408,ZAYA - GRAN RESERVA,,,Rum,,[],True,73.99,,,2024-03-03T00:00:00.000-08:00,,,2024-03-03T00:00:00.000-08:00,['On Sale'],2024-03-31T00:00:00.000-07:00,,916718,True,[],,826,2024-03-11 19:10:01,,1,['00720815950139'],False,,0.75,[],ZAYA - GRAN RESERVA,,Trinidad And Tobago,False,,2,2,,,False,114.0, GRAN RESERVA,0.4,,False,['On Sale'],SR,,ZAYA ,TT,,Dark Rum,Rum,False,False,0,68.99,,,,,zaya - gran reserva,,2024-03-31T00:00:00.000-07:00,,Spirits,[],True,,,1004,1021,1253,619.5,61115.74,0.30000000000000004,246.63333333333327,0.5757575757575758
1410,bcls,product,477813,0.3639408,ZHI JIU GOLD - MAO TAI GROUP,,,Asian Spirits,,[],,137.49,,,,,,,[],,,477813,,[],,172,2024-03-11 19:10:01,,1,['06931691124086'],False,,0.5,[],ZHI JIU GOLD - MAO TAI GROUP,,China,False,,2,2,,,False,21.0, MAO TAI GROUP,0.53,,False,[],SH,,ZHI JIU GOLD ,CN,,China Spirits,Other Spirits,False,False,0,137.49,,,,,zhi jiu gold - mao tai group,,,,Spirits,[],True,,,1004,1016,1064,86.0,23648.280000000002,0.265,518.8301886792453,0.10606060606060606
